timestamp,battery_id,state,speed_kph,voltage_V,current_A,soc_percent,state_of_health,ambient_temp_C
2024-01-15 06:00:00,KF-A100,in_use,38.97,50.76,21.05,99.94,,26.53
2024-01-15 06:00:30,KF-A100,in_use,31.24,50.31,17.07,99.88,91.48,23.17
2024-01-15 06:01:00,KF-A100,in_use,46.73,50.53,15.15,99.82,89.91,27.22
2024-01-15 06:01:30,KF-A100,in_use,,50.26,21.7,99.76,90.97,24.88
2024-01-15 06:02:00,KF-A100,in_use,24.37,50.8,18.34,99.7,90.77,26.4
2024-01-15 06:02:30,KF-A100,in_use,37.59,50.23,19.22,99.64,93.06,28.86
2024-01-15 06:03:00,KF-A100,in_use,31.17,50.06,15.61,99.58,92.63,29.71
2024-01-15 06:03:30,KF-A100,in_use,34.71,49.45,19.64,99.51,91.17,26.4
2024-01-15 06:04:00,KF-A100,in_use,28.53,50.87,18.66,99.45,89.94,28.03
2024-01-15 06:04:30,KF-A100,in_use,31.86,50.62,18.52,99.41,91.01,26.53
2024-01-15 06:05:00,KF-A100,in_use,50.09,,17.85,99.35,87.16,26.95
2024-01-15 06:05:30,KF-A100,in_use,33.46,50.49,15.66,99.28,93.29,28.5
2024-01-15 06:06:00,KF-A100,in_use,27.08,50.54,16.99,99.23,87.9,27.14
2024-01-15 06:06:30,KF-A100,in_use,28.73,50.83,15.54,99.17,91.45,29.61
2024-01-15 06:07:00,KF-A100,in_use,25.1,50.71,18.59,99.13,91.5,
2024-01-15 06:07:30,KF-A100,in_use,37.34,51.25,18.95,99.07,88.62,28.31
2024-01-15 06:08:00,KF-A100,in_use,41.58,50.4,16.49,98.99,89.22,25.37
2024-01-15 06:08:30,KF-A100,in_use,32.88,50.75,16.29,98.91,,27.96
2024-01-15 06:09:00,KF-A100,in_use,38.79,50.16,14.97,98.85,90.11,28.71
2024-01-15 06:09:30,KF-A100,in_use,35.47,50.64,19.12,98.8,93.17,29.11
2024-01-15 06:10:00,KF-A100,in_use,39.12,50.73,20.27,98.7,92.91,
2024-01-15 06:10:30,KF-A100,in_use,53.52,50.77,14.77,98.66,90.06,29.18
2024-01-15 06:11:00,KF-A100,in_use,35.36,51.36,19.27,98.61,,27.37
2024-01-15 06:11:30,KF-A100,in_use,39.04,50.02,17.33,98.54,90.05,25.69
2024-01-15 06:12:00,KF-A100,in_use,,49.89,,,93.53,25.58
2024-01-15 06:12:30,KF-A100,in_use,27.58,49.2,15.95,,90.49,24.5
2024-01-15 06:13:00,KF-A100,in_use,,50.11,18.92,98.35,91.4,25.8
2024-01-15 06:13:30,KF-A100,in_use,52.06,50.44,19.18,,91.56,25.75
2024-01-15 06:14:00,KF-A100,in_use,37.86,50.86,18.61,98.25,92.63,28.26
2024-01-15 06:14:30,KF-A100,in_use,45.22,50.72,17.6,98.2,90.56,29.2
2024-01-15 06:15:00,KF-A100,in_use,40.46,50.63,17.74,98.14,91.19,28.19
2024-01-15 06:15:30,KF-A100,in_use,39.99,50.5,16.21,98.08,91.15,25.65
2024-01-15 06:16:00,KF-A100,in_use,28.42,50.6,16.99,98.01,90.06,27.46
2024-01-15 06:16:30,KF-A100,in_use,29.25,50.62,,97.96,92.72,26.68
2024-01-15 06:17:00,KF-A100,in_use,37.58,50.71,21.07,97.9,,27.8
2024-01-15 06:17:30,KF-A100,in_use,36.79,50.54,16.45,97.84,91.05,28.0
2024-01-15 06:18:00,KF-A100,in_use,52.52,50.16,16.8,97.79,86.75,25.95
2024-01-15 06:18:30,KF-A100,in_use,42.6,50.14,,,88.36,30.66
2024-01-15 06:19:00,KF-A100,in_use,21.29,50.45,20.48,97.66,87.81,25.8
2024-01-15 06:19:30,KF-A100,in_use,31.4,50.07,17.72,97.6,91.24,28.03
2024-01-15 06:20:00,KF-A100,in_use,47.41,50.97,18.14,,95.12,30.51
2024-01-15 06:20:30,KF-A100,in_use,27.28,50.92,14.48,97.47,88.63,22.92
2024-01-15 06:21:00,KF-A100,in_use,21.37,50.65,17.93,97.41,86.87,26.82
2024-01-15 06:21:30,KF-A100,in_use,37.93,50.29,15.88,,90.87,28.91
2024-01-15 06:22:00,KF-A100,in_use,,50.28,15.6,97.31,94.93,27.07
2024-01-15 06:22:30,KF-A100,in_use,34.1,50.75,19.52,97.25,89.94,25.85
2024-01-15 06:23:00,KF-A100,in_use,39.61,51.73,20.24,97.19,,25.09
2024-01-15 06:23:30,KF-A100,in_use,29.83,51.17,19.76,97.14,90.98,29.96
2024-01-15 06:24:00,KF-A100,in_use,28.0,50.87,21.82,97.09,88.2,28.13
2024-01-15 06:24:30,KF-A100,in_use,35.39,50.61,17.9,97.04,90.52,25.18
2024-01-15 06:25:00,KF-A100,in_use,35.79,49.83,19.09,96.98,89.67,28.14
2024-01-15 06:25:30,KF-A100,in_use,40.11,50.47,15.58,96.93,89.7,27.09
2024-01-15 06:26:00,KF-A100,in_use,41.69,50.71,20.88,96.88,86.06,25.41
2024-01-15 06:26:30,KF-A100,in_use,35.69,50.97,18.51,96.82,91.68,26.18
2024-01-15 06:27:00,KF-A100,in_use,41.97,50.98,17.18,96.77,86.92,24.98
2024-01-15 06:27:30,KF-A100,in_use,41.64,50.59,19.54,96.73,88.04,29.29
2024-01-15 06:28:00,KF-A100,in_use,31.33,50.83,16.29,96.68,91.14,26.04
2024-01-15 06:28:30,KF-A100,in_use,32.84,50.32,18.75,96.63,92.51,25.16
2024-01-15 06:29:00,KF-A100,in_use,20.77,50.76,,96.55,91.56,24.75
2024-01-15 06:29:30,KF-A100,in_use,38.85,50.18,18.94,96.49,94.76,29.69
2024-01-15 06:30:00,KF-A100,in_use,35.45,,21.06,96.42,90.68,26.15
2024-01-15 06:30:30,KF-A100,in_use,24.68,50.37,21.34,96.37,90.48,23.99
2024-01-15 06:31:00,KF-A100,in_use,49.79,50.39,15.79,96.3,96.15,27.12
2024-01-15 06:31:30,KF-A100,in_use,34.74,50.21,18.21,96.25,90.49,30.01
2024-01-15 06:32:00,KF-A100,in_use,,50.06,21.5,96.2,,29.54
2024-01-15 06:32:30,KF-A100,in_use,30.8,50.01,19.43,96.13,90.52,26.25
2024-01-15 06:33:00,KF-A100,in_use,39.74,50.63,15.5,96.07,92.85,26.63
2024-01-15 06:33:30,KF-A100,in_use,24.76,49.67,21.39,96.0,91.42,26.81
2024-01-15 06:34:00,KF-A100,in_use,32.09,50.62,14.58,95.94,88.3,28.49
2024-01-15 06:34:30,KF-A100,in_use,36.57,,14.59,95.89,93.06,27.95
2024-01-15 06:35:00,KF-A100,in_use,48.32,49.76,15.44,95.82,89.75,27.05
2024-01-15 06:35:30,KF-A100,in_use,27.61,50.11,20.11,95.77,,32.26
2024-01-15 06:36:00,KF-A100,in_use,30.39,51.52,17.81,95.71,93.3,25.59
2024-01-15 06:36:30,KF-A100,in_use,40.66,50.75,19.95,95.65,92.24,23.86
2024-01-15 06:37:00,KF-A100,in_use,36.42,50.65,19.22,95.61,92.12,29.16
2024-01-15 06:37:30,KF-A100,in_use,38.44,50.61,15.45,95.55,88.84,29.11
2024-01-15 06:38:00,KF-A100,in_use,42.51,50.54,17.08,95.49,90.13,26.38
2024-01-15 06:38:30,KF-A100,in_use,46.58,,15.03,,91.53,28.78
2024-01-15 06:39:00,KF-A100,in_use,30.86,51.42,17.27,95.35,90.11,29.91
2024-01-15 06:39:30,KF-A100,in_use,26.97,50.49,18.47,95.3,94.1,25.0
2024-01-15 06:40:00,KF-A100,in_use,34.6,50.05,18.76,95.24,91.33,27.98
2024-01-15 06:40:30,KF-A100,in_use,29.9,51.07,16.86,95.16,89.34,27.94
2024-01-15 06:41:00,KF-A100,in_use,30.1,50.61,18.67,95.11,92.32,31.02
2024-01-15 06:41:30,KF-A100,in_use,30.86,50.49,20.38,95.05,96.05,25.94
2024-01-15 06:42:00,KF-A100,in_use,39.73,50.83,19.01,94.97,93.13,
2024-01-15 06:42:30,KF-A100,in_use,33.66,50.98,,94.91,91.74,26.21
2024-01-15 06:43:00,KF-A100,in_use,24.12,50.76,22.33,94.85,90.38,27.44
2024-01-15 06:43:30,KF-A100,in_use,31.43,50.93,,94.78,91.27,25.6
2024-01-15 06:44:00,KF-A100,in_use,30.53,51.13,17.87,94.72,89.89,30.76
2024-01-15 06:44:30,KF-A100,in_use,26.83,50.6,16.87,94.65,88.44,28.74
2024-01-15 06:45:00,KF-A100,in_use,22.8,,18.49,94.6,90.52,27.7
2024-01-15 06:45:30,KF-A100,in_use,37.74,,18.9,94.53,92.29,29.66
2024-01-15 06:46:00,KF-A100,in_use,29.59,50.48,15.14,94.46,,25.64
2024-01-15 06:46:30,KF-A100,in_use,31.38,,19.52,94.42,92.57,27.85
2024-01-15 06:47:00,KF-A100,in_use,34.97,51.1,19.75,94.37,,27.05
2024-01-15 06:47:30,KF-A100,in_use,26.99,51.22,19.28,94.32,,28.15
2024-01-15 06:48:00,KF-A100,in_use,35.48,50.78,18.79,94.26,92.79,28.27
2024-01-15 06:48:30,KF-A100,in_use,51.6,51.19,18.4,94.21,89.7,26.03
2024-01-15 06:49:00,KF-A100,in_use,34.81,51.19,18.87,,91.08,27.24
2024-01-15 06:49:30,KF-A100,in_use,38.19,,21.15,94.06,88.55,24.07
2024-01-15 06:50:00,KF-A100,in_use,43.63,50.43,19.77,94.0,92.3,23.85
2024-01-15 06:50:30,KF-A100,in_use,38.95,50.28,16.66,93.94,90.95,29.35
2024-01-15 06:51:00,KF-A100,in_use,32.1,49.98,20.32,93.89,90.06,27.69
2024-01-15 06:51:30,KF-A100,in_use,42.97,49.88,,93.83,94.0,28.7
2024-01-15 06:52:00,KF-A100,in_use,38.06,50.91,18.48,93.77,,26.61
2024-01-15 06:52:30,KF-A100,in_use,40.86,50.53,14.0,93.71,92.83,
2024-01-15 06:53:00,KF-A100,in_use,43.87,50.75,15.89,93.66,89.75,30.83
2024-01-15 06:53:30,KF-A100,in_use,54.23,50.58,20.1,93.6,93.21,29.37
2024-01-15 06:54:00,KF-A100,in_use,34.49,50.63,18.84,93.54,94.23,27.91
2024-01-15 06:54:30,KF-A100,in_use,32.62,50.44,18.25,93.47,90.65,27.03
2024-01-15 06:55:00,KF-A100,in_use,29.89,51.16,20.02,93.42,,31.5
2024-01-15 06:55:30,KF-A100,in_use,23.88,50.91,22.88,,93.77,
2024-01-15 06:56:00,KF-A100,in_use,41.07,50.54,17.87,93.31,89.49,26.44
2024-01-15 06:56:30,KF-A100,in_use,42.35,50.1,19.88,93.27,89.04,26.55
2024-01-15 06:57:00,KF-A100,in_use,,50.49,19.1,93.2,91.45,29.73
2024-01-15 06:57:30,KF-A100,in_use,29.38,49.94,21.5,93.15,88.51,25.61
2024-01-15 06:58:00,KF-A100,in_use,28.32,50.02,,93.07,92.27,27.83
2024-01-15 06:58:30,KF-A100,in_use,30.54,50.46,23.16,93.02,89.39,30.28
2024-01-15 06:59:00,KF-A100,in_use,39.55,50.35,17.59,92.95,89.84,24.97
2024-01-15 06:59:30,KF-A100,in_use,36.87,50.63,19.67,92.9,87.01,27.75
2024-01-15 07:00:00,KF-A100,in_use,29.36,50.72,18.15,92.84,92.08,25.16
2024-01-15 07:00:30,KF-A100,in_use,43.73,50.06,17.37,92.78,93.43,27.28
2024-01-15 07:01:00,KF-A100,in_use,40.66,50.19,15.34,92.71,87.33,28.02
2024-01-15 07:01:30,KF-A100,in_use,35.65,50.87,17.42,92.65,91.53,27.64
2024-01-15 07:02:00,KF-A100,in_use,35.23,50.93,18.95,92.59,90.95,28.64
2024-01-15 07:02:30,KF-A100,in_use,30.12,50.52,19.06,92.53,90.86,27.97
2024-01-15 07:03:00,KF-A100,in_use,47.25,50.41,20.98,92.46,91.3,26.33
2024-01-15 07:03:30,KF-A100,in_use,31.89,50.56,18.01,92.4,91.87,29.38
2024-01-15 07:04:00,KF-A100,in_use,24.06,,14.4,92.34,,28.52
2024-01-15 07:04:30,KF-A100,in_use,30.63,49.91,18.37,92.27,90.97,28.16
2024-01-15 07:05:00,KF-A100,in_use,31.45,50.43,21.42,92.22,88.26,23.77
2024-01-15 07:05:30,KF-A100,in_use,30.16,50.77,17.02,92.14,95.31,25.79
2024-01-15 07:06:00,KF-A100,in_use,38.68,,18.27,92.09,90.27,27.37
2024-01-15 07:06:30,KF-A100,in_use,44.6,,19.07,92.04,93.37,28.44
2024-01-15 07:07:00,KF-A100,in_use,23.63,50.37,,91.96,93.66,28.11
2024-01-15 07:07:30,KF-A100,in_use,35.46,51.11,19.02,91.9,92.08,29.15
2024-01-15 07:08:00,KF-A100,in_use,51.45,50.41,17.45,91.85,91.61,28.63
2024-01-15 07:08:30,KF-A100,in_use,33.01,50.7,19.47,91.77,,29.35
2024-01-15 07:09:00,KF-A100,in_use,38.2,50.29,19.17,91.72,93.48,27.04
2024-01-15 07:09:30,KF-A100,in_use,,51.02,19.35,91.66,90.72,24.55
2024-01-15 07:10:00,KF-A100,in_use,30.36,51.17,18.79,,88.61,
2024-01-15 07:10:30,KF-A100,in_use,28.72,50.45,18.84,91.53,89.23,26.13
2024-01-15 07:11:00,KF-A100,in_use,36.8,49.93,14.48,91.46,87.95,29.53
2024-01-15 07:11:30,KF-A100,in_use,47.34,51.32,20.42,91.38,93.05,28.19
2024-01-15 07:12:00,KF-A100,in_use,40.57,50.54,20.96,91.31,88.72,26.61
2024-01-15 07:12:30,KF-A100,in_use,26.81,50.99,19.16,91.23,90.55,25.08
2024-01-15 07:13:00,KF-A100,in_use,36.13,50.63,17.7,91.19,90.07,23.81
2024-01-15 07:13:30,KF-A100,in_use,34.78,51.16,17.09,91.11,89.8,27.94
2024-01-15 07:14:00,KF-A100,in_use,34.2,50.15,16.35,91.05,90.55,27.73
2024-01-15 07:14:30,KF-A100,in_use,15.61,50.79,17.44,90.98,91.13,28.03
2024-01-15 07:15:00,KF-A100,in_use,41.35,50.62,15.29,90.93,91.93,26.93
2024-01-15 07:15:30,KF-A100,in_use,36.6,50.09,18.12,90.86,91.86,28.39
2024-01-15 07:16:00,KF-A100,in_use,38.49,49.55,15.98,90.79,92.24,31.11
2024-01-15 07:16:30,KF-A100,in_use,29.83,50.31,16.09,90.74,91.25,30.25
2024-01-15 07:17:00,KF-A100,in_use,42.06,50.43,24.39,90.68,91.6,25.5
2024-01-15 07:17:30,KF-A100,in_use,42.35,51.25,20.16,90.63,90.11,29.56
2024-01-15 07:18:00,KF-A100,in_use,32.32,50.12,18.85,90.57,95.13,24.86
2024-01-15 07:18:30,KF-A100,in_use,26.5,50.43,19.97,90.51,93.37,32.18
2024-01-15 07:19:00,KF-A100,in_use,36.35,50.1,20.28,90.44,93.63,26.76
2024-01-15 07:19:30,KF-A100,in_use,41.72,50.4,17.27,90.37,90.22,25.16
2024-01-15 07:20:00,KF-A100,in_use,38.23,50.14,18.65,90.31,88.64,29.38
2024-01-15 07:20:30,KF-A100,in_use,,50.55,21.88,90.26,89.0,25.64
2024-01-15 07:21:00,KF-A100,in_use,40.08,50.66,17.52,90.19,92.35,30.8
2024-01-15 07:21:30,KF-A100,in_use,30.72,50.63,18.38,90.13,,26.13
2024-01-15 07:22:00,KF-A100,in_use,27.52,50.29,,90.06,91.73,30.68
2024-01-15 07:22:30,KF-A100,in_use,26.57,,21.42,90.01,90.79,26.66
2024-01-15 07:23:00,KF-A100,in_use,27.58,50.89,19.0,89.95,91.38,29.0
2024-01-15 07:23:30,KF-A100,in_use,33.9,51.14,20.63,89.88,94.28,28.48
2024-01-15 07:24:00,KF-A100,in_use,35.99,50.52,21.39,,89.75,27.39
2024-01-15 07:24:30,KF-A100,in_use,,,19.52,,91.16,24.08
2024-01-15 07:25:00,KF-A100,in_use,37.55,49.75,18.23,89.68,90.68,28.34
2024-01-15 07:25:30,KF-A100,in_use,50.21,50.22,14.97,89.62,87.39,23.83
2024-01-15 07:26:00,KF-A100,in_use,31.14,51.14,19.79,89.56,90.46,25.22
2024-01-15 07:26:30,KF-A100,in_use,33.2,,18.88,89.51,88.82,29.82
2024-01-15 07:27:00,KF-A100,in_use,30.1,50.04,18.22,,90.93,26.58
2024-01-15 07:27:30,KF-A100,in_use,45.13,50.89,18.85,89.39,89.71,30.55
2024-01-15 07:28:00,KF-A100,in_use,37.31,50.45,19.62,89.33,92.59,23.5
2024-01-15 07:28:30,KF-A100,in_use,26.15,50.38,19.56,89.27,93.62,29.79
2024-01-15 07:29:00,KF-A100,in_use,25.13,,18.56,89.22,89.38,
2024-01-15 07:29:30,KF-A100,in_use,34.29,50.4,21.2,89.16,92.12,26.41
2024-01-15 07:30:00,KF-A100,in_use,34.14,49.87,15.75,89.1,88.61,27.29
2024-01-15 07:30:30,KF-A100,in_use,28.7,50.43,17.06,89.04,87.04,28.5
2024-01-15 07:31:00,KF-A100,in_use,43.81,50.01,18.99,88.96,90.07,26.79
2024-01-15 07:31:30,KF-A100,in_use,43.69,50.62,17.22,88.9,91.54,26.31
2024-01-15 07:32:00,KF-A100,in_use,44.01,49.79,20.52,88.84,89.19,25.69
2024-01-15 07:32:30,KF-A100,in_use,34.56,50.71,19.29,88.78,92.11,27.18
2024-01-15 07:33:00,KF-A100,in_use,39.75,50.76,18.39,88.75,90.96,26.22
2024-01-15 07:33:30,KF-A100,in_use,29.99,50.88,19.03,88.68,92.45,28.03
2024-01-15 07:34:00,KF-A100,in_use,37.81,50.49,16.24,88.61,90.67,25.51
2024-01-15 07:34:30,KF-A100,in_use,19.85,50.5,16.37,88.55,92.32,28.88
2024-01-15 07:35:00,KF-A100,in_use,41.64,50.39,13.99,88.49,92.27,24.52
2024-01-15 07:35:30,KF-A100,in_use,10.84,51.22,20.48,88.43,91.42,26.02
2024-01-15 07:36:00,KF-A100,in_use,38.14,50.49,14.46,88.37,,26.18
2024-01-15 07:36:30,KF-A100,in_use,32.38,50.83,16.27,88.31,89.68,26.39
2024-01-15 07:37:00,KF-A100,in_use,41.81,50.66,17.79,88.25,,25.83
2024-01-15 07:37:30,KF-A100,in_use,42.72,50.54,,88.18,89.76,26.37
2024-01-15 07:38:00,KF-A100,in_use,23.45,50.28,15.56,88.15,89.98,26.7
2024-01-15 07:38:30,KF-A100,in_use,43.31,50.77,15.86,88.09,87.89,28.64
2024-01-15 07:39:00,KF-A100,in_use,27.8,50.37,19.21,88.02,,26.67
2024-01-15 07:39:30,KF-A100,in_use,,49.48,17.62,87.97,95.83,28.57
2024-01-15 07:40:00,KF-A100,in_use,40.72,50.68,,87.9,92.35,28.18
2024-01-15 07:40:30,KF-A100,in_use,25.09,50.57,18.1,87.86,91.35,27.49
2024-01-15 07:41:00,KF-A100,in_use,34.17,50.43,21.32,87.81,91.04,27.46
2024-01-15 07:41:30,KF-A100,in_use,45.25,50.06,18.49,87.75,92.0,29.28
2024-01-15 07:42:00,KF-A100,in_use,42.9,50.37,18.3,87.69,89.33,31.18
2024-01-15 07:42:30,KF-A100,in_use,,50.43,20.75,87.63,,30.07
2024-01-15 07:43:00,KF-A100,in_use,31.57,49.86,18.92,87.57,95.05,24.27
2024-01-15 07:43:30,KF-A100,in_use,38.41,50.24,18.98,87.51,94.61,26.62
2024-01-15 07:44:00,KF-A100,in_use,32.5,50.0,19.21,,92.76,26.1
2024-01-15 07:44:30,KF-A100,in_use,32.13,50.8,17.64,87.39,89.7,29.64
2024-01-15 07:45:00,KF-A100,in_use,29.52,49.71,19.79,87.32,88.58,
2024-01-15 07:45:30,KF-A100,in_use,31.74,50.54,19.17,87.26,94.95,23.87
2024-01-15 07:46:00,KF-A100,in_use,33.49,50.45,21.02,87.19,88.1,26.98
2024-01-15 07:46:30,KF-A100,in_use,14.17,50.67,18.81,87.13,93.47,24.86
2024-01-15 07:47:00,KF-A100,in_use,30.97,50.64,17.03,87.07,89.65,
2024-01-15 07:47:30,KF-A100,in_use,40.43,50.77,18.93,87.02,87.55,25.64
2024-01-15 07:48:00,KF-A100,in_use,30.22,51.2,19.96,86.94,91.17,
2024-01-15 07:48:30,KF-A100,in_use,40.2,50.92,16.0,86.9,90.23,27.5
2024-01-15 07:49:00,KF-A100,in_use,32.43,50.59,19.0,86.82,92.33,27.84
2024-01-15 07:49:30,KF-A100,in_use,38.52,50.68,21.35,86.75,90.99,
2024-01-15 07:50:00,KF-A100,in_use,22.86,50.86,19.15,86.7,92.0,27.1
2024-01-15 07:50:30,KF-A100,in_use,17.77,50.31,16.27,86.63,92.39,26.22
2024-01-15 07:51:00,KF-A100,in_use,32.05,49.79,18.82,86.57,88.94,24.29
2024-01-15 07:51:30,KF-A100,in_use,30.71,50.05,20.47,86.52,90.69,25.9
2024-01-15 07:52:00,KF-A100,in_use,31.69,50.11,16.09,86.46,91.69,26.9
2024-01-15 07:52:30,KF-A100,in_use,42.12,49.76,16.14,86.39,88.01,25.7
2024-01-15 07:53:00,KF-A100,in_use,29.23,50.28,,86.33,94.35,29.68
2024-01-15 07:53:30,KF-A100,in_use,41.55,50.05,16.16,86.25,93.04,27.54
2024-01-15 07:54:00,KF-A100,in_use,38.13,50.92,20.34,86.21,90.54,26.91
2024-01-15 07:54:30,KF-A100,in_use,39.52,50.49,17.65,86.16,91.45,
2024-01-15 07:55:00,KF-A100,in_use,49.0,49.98,19.38,,89.99,27.53
2024-01-15 07:55:30,KF-A100,in_use,27.67,50.47,16.57,86.03,92.36,29.97
2024-01-15 07:56:00,KF-A100,in_use,35.61,50.69,15.52,85.96,92.74,28.77
2024-01-15 07:56:30,KF-A100,in_use,28.71,50.62,19.44,85.92,90.54,29.91
2024-01-15 07:57:00,KF-A100,in_use,30.6,50.35,17.91,85.85,91.05,23.16
2024-01-15 07:57:30,KF-A100,in_use,24.95,50.39,17.44,85.78,92.58,27.68
2024-01-15 07:58:00,KF-A100,in_use,58.59,49.96,15.36,85.71,91.96,28.09
2024-01-15 07:58:30,KF-A100,in_use,33.16,50.57,23.97,85.66,91.73,26.37
2024-01-15 07:59:00,KF-A100,in_use,38.79,,16.16,85.6,90.17,26.41
2024-01-15 07:59:30,KF-A100,in_use,29.32,50.41,17.38,85.56,95.85,27.87
2024-01-15 08:00:00,KF-A100,in_use,43.17,49.87,14.24,85.48,94.74,27.78
2024-01-15 08:00:30,KF-A100,in_use,26.89,50.13,18.51,85.42,89.21,26.18
2024-01-15 08:01:00,KF-A100,in_use,32.6,,15.78,85.36,93.93,28.99
2024-01-15 08:01:30,KF-A100,in_use,34.58,50.94,16.75,85.28,88.36,26.59
2024-01-15 08:02:00,KF-A100,in_use,34.66,50.84,13.51,85.22,89.79,27.42
2024-01-15 08:02:30,KF-A100,in_use,29.92,50.25,17.63,,89.79,22.59
2024-01-15 08:03:00,KF-A100,in_use,33.39,50.74,19.34,85.12,89.53,27.16
2024-01-15 08:03:30,KF-A100,in_use,38.28,51.06,19.4,85.06,90.11,26.04
2024-01-15 08:04:00,KF-A100,in_use,36.53,50.09,18.8,84.99,94.62,26.56
2024-01-15 08:04:30,KF-A100,in_use,35.12,50.14,21.04,84.93,92.02,29.06
2024-01-15 08:05:00,KF-A100,in_use,25.6,50.74,16.1,84.87,91.93,24.27
2024-01-15 08:05:30,KF-A100,in_use,,50.1,14.07,84.82,91.7,23.87
2024-01-15 08:06:00,KF-A100,in_use,37.68,50.69,14.93,,92.51,28.22
2024-01-15 08:06:30,KF-A100,in_use,34.69,,20.86,84.7,93.16,
2024-01-15 08:07:00,KF-A100,in_use,38.09,51.3,20.05,84.63,91.5,29.09
2024-01-15 08:07:30,KF-A100,in_use,39.0,50.65,13.8,84.58,92.25,28.77
2024-01-15 08:08:00,KF-A100,in_use,50.7,50.9,20.68,84.52,89.52,26.03
2024-01-15 08:08:30,KF-A100,in_use,32.32,51.12,19.71,84.46,91.83,27.93
2024-01-15 08:09:00,KF-A100,in_use,,51.2,21.15,84.4,90.07,26.7
2024-01-15 08:09:30,KF-A100,in_use,25.96,,16.39,84.33,92.79,25.74
2024-01-15 08:10:00,KF-A100,in_use,30.87,50.42,16.51,84.28,90.65,23.9
2024-01-15 08:10:30,KF-A100,in_use,34.51,50.85,16.7,84.21,88.59,24.92
2024-01-15 08:11:00,KF-A100,in_use,39.76,50.33,16.15,84.16,90.94,25.3
2024-01-15 08:11:30,KF-A100,in_use,37.8,50.46,14.45,84.11,90.84,25.33
2024-01-15 08:12:00,KF-A100,in_use,49.66,50.69,18.74,84.04,91.79,23.14
2024-01-15 08:12:30,KF-A100,in_use,34.58,51.0,17.88,83.96,92.9,26.27
2024-01-15 08:13:00,KF-A100,in_use,50.23,51.39,17.68,83.88,91.59,23.97
2024-01-15 08:13:30,KF-A100,in_use,30.14,50.28,19.67,83.83,88.79,27.44
2024-01-15 08:14:00,KF-A100,in_use,30.75,50.06,,83.77,91.82,26.38
2024-01-15 08:14:30,KF-A100,in_use,29.9,,16.83,83.7,90.94,25.18
2024-01-15 08:15:00,KF-A100,in_use,17.09,50.26,18.92,83.66,85.5,26.0
2024-01-15 08:15:30,KF-A100,in_use,36.13,,18.43,83.62,92.02,34.85
2024-01-15 08:16:00,KF-A100,in_use,34.64,50.27,18.66,83.57,87.97,28.5
2024-01-15 08:16:30,KF-A100,in_use,29.15,,21.7,83.5,90.65,28.34
2024-01-15 08:17:00,KF-A100,in_use,33.44,50.54,18.5,83.44,90.77,27.43
2024-01-15 08:17:30,KF-A100,in_use,27.89,50.85,20.95,83.37,89.79,26.54
2024-01-15 08:18:00,KF-A100,in_use,40.12,50.63,15.7,83.31,91.17,21.02
2024-01-15 08:18:30,KF-A100,in_use,27.41,50.87,17.53,83.24,93.27,24.79
2024-01-15 08:19:00,KF-A100,in_use,37.82,49.77,18.54,83.18,87.18,26.86
2024-01-15 08:19:30,KF-A100,in_use,45.11,50.72,18.4,83.13,,29.54
2024-01-15 08:20:00,KF-A100,in_use,,50.05,22.82,83.07,94.03,28.2
2024-01-15 08:20:30,KF-A100,in_use,37.67,49.74,16.28,83.01,90.17,30.78
2024-01-15 08:21:00,KF-A100,in_use,34.25,49.99,15.21,82.94,89.83,29.08
2024-01-15 08:21:30,KF-A100,in_use,44.6,50.34,20.31,82.88,87.26,
2024-01-15 08:22:00,KF-A100,in_use,15.09,50.68,16.04,82.83,91.12,27.89
2024-01-15 08:22:30,KF-A100,in_use,30.31,50.79,13.9,82.77,93.32,26.33
2024-01-15 08:23:00,KF-A100,in_use,48.88,50.28,,82.71,88.6,26.21
2024-01-15 08:23:30,KF-A100,in_use,22.88,51.2,18.04,82.65,91.45,28.39
2024-01-15 08:24:00,KF-A100,in_use,41.2,50.59,17.5,82.59,93.4,27.28
2024-01-15 08:24:30,KF-A100,in_use,19.39,49.77,19.52,82.52,90.81,27.84
2024-01-15 08:25:00,KF-A100,in_use,29.34,51.16,20.14,82.46,89.54,27.72
2024-01-15 08:25:30,KF-A100,in_use,25.71,50.38,15.58,,91.78,27.5
2024-01-15 08:26:00,KF-A100,in_use,31.13,,17.28,82.34,,28.48
2024-01-15 08:26:30,KF-A100,in_use,34.29,49.81,20.99,82.29,91.08,27.89
2024-01-15 08:27:00,KF-A100,in_use,34.21,50.67,18.94,82.23,89.58,25.58
2024-01-15 08:27:30,KF-A100,in_use,11.74,50.08,14.74,82.18,88.53,27.22
2024-01-15 08:28:00,KF-A100,in_use,25.77,50.34,18.32,82.13,90.81,26.17
2024-01-15 08:28:30,KF-A100,in_use,26.98,49.91,17.0,82.08,92.95,28.03
2024-01-15 08:29:00,KF-A100,in_use,25.43,50.86,21.66,82.01,90.18,28.42
2024-01-15 08:29:30,KF-A100,in_use,32.02,,18.85,,91.44,29.56
2024-01-15 08:30:00,KF-A100,in_use,27.38,50.19,19.66,81.89,92.8,27.9
2024-01-15 08:30:30,KF-A100,in_use,21.75,50.21,19.44,81.84,88.9,28.51
2024-01-15 08:31:00,KF-A100,in_use,,50.81,17.92,,90.16,22.95
2024-01-15 08:31:30,KF-A100,in_use,24.76,50.9,15.49,81.7,91.37,28.88
2024-01-15 08:32:00,KF-A100,in_use,33.62,50.68,16.53,81.64,91.46,23.28
2024-01-15 08:32:30,KF-A100,in_use,27.95,50.97,20.87,81.58,90.52,27.09
2024-01-15 08:33:00,KF-A100,in_use,36.85,,16.25,81.52,92.76,
2024-01-15 08:33:30,KF-A100,in_use,44.36,50.53,19.11,81.46,89.28,27.06
2024-01-15 08:34:00,KF-A100,in_use,29.98,51.07,13.02,81.4,93.55,27.68
2024-01-15 08:34:30,KF-A100,in_use,37.71,50.59,15.95,81.35,93.2,29.12
2024-01-15 08:35:00,KF-A100,in_use,51.69,50.36,18.83,81.3,90.89,25.04
2024-01-15 08:35:30,KF-A100,in_use,22.61,50.94,18.95,81.24,91.0,25.82
2024-01-15 08:36:00,KF-A100,in_use,47.72,51.06,15.32,81.17,,26.7
2024-01-15 08:36:30,KF-A100,in_use,26.79,50.11,21.26,81.1,90.43,30.18
2024-01-15 08:37:00,KF-A100,in_use,30.25,50.53,13.74,81.04,91.92,25.04
2024-01-15 08:37:30,KF-A100,in_use,20.65,50.22,21.91,80.99,89.95,27.36
2024-01-15 08:38:00,KF-A100,in_use,46.61,49.83,15.95,80.91,90.44,25.07
2024-01-15 08:38:30,KF-A100,in_use,36.7,50.94,16.87,80.84,89.37,27.16
2024-01-15 08:39:00,KF-A100,in_use,50.78,50.7,20.98,80.8,95.54,26.19
2024-01-15 08:39:30,KF-A100,in_use,38.49,50.77,,80.76,90.56,31.09
2024-01-15 08:40:00,KF-A100,in_use,29.6,51.3,16.34,80.71,89.9,
2024-01-15 08:40:30,KF-A100,in_use,38.41,49.79,20.13,80.64,91.51,29.77
2024-01-15 08:41:00,KF-A100,in_use,53.18,50.73,15.45,80.57,88.42,27.59
2024-01-15 08:41:30,KF-A100,in_use,34.11,50.34,17.17,80.52,90.04,24.49
2024-01-15 08:42:00,KF-A100,in_use,35.15,,21.79,,91.31,29.05
2024-01-15 08:42:30,KF-A100,in_use,31.71,50.32,17.56,80.41,90.82,26.84
2024-01-15 08:43:00,KF-A100,in_use,42.82,,20.77,80.37,90.4,21.79
2024-01-15 08:43:30,KF-A100,in_use,47.24,50.13,14.8,80.31,90.35,26.57
2024-01-15 08:44:00,KF-A100,in_use,33.53,50.97,16.75,80.25,91.09,27.1
2024-01-15 08:44:30,KF-A100,in_use,44.77,51.18,14.5,80.2,91.87,27.95
2024-01-15 08:45:00,KF-A100,in_use,39.02,50.11,21.26,80.16,89.84,24.65
2024-01-15 08:45:30,KF-A100,in_use,,51.34,21.19,80.12,92.36,25.38
2024-01-15 08:46:00,KF-A100,in_use,46.01,50.77,20.93,80.05,88.78,
2024-01-15 08:46:30,KF-A100,in_use,20.28,50.76,18.25,79.99,90.77,24.4
2024-01-15 08:47:00,KF-A100,in_use,36.83,50.59,19.81,79.92,90.41,29.62
2024-01-15 08:47:30,KF-A100,in_use,28.48,51.35,20.66,79.87,94.84,24.55
2024-01-15 08:48:00,KF-A100,in_use,44.92,50.93,19.21,79.82,95.61,24.04
2024-01-15 08:48:30,KF-A100,in_use,37.69,50.17,16.56,79.76,95.1,27.0
2024-01-15 08:49:00,KF-A100,in_use,35.27,50.43,18.79,79.7,92.39,28.47
2024-01-15 08:49:30,KF-A100,in_use,24.02,49.71,18.09,79.64,94.8,25.1
2024-01-15 08:50:00,KF-A100,in_use,33.11,50.67,18.53,79.57,90.32,27.74
2024-01-15 08:50:30,KF-A100,in_use,28.51,50.6,18.43,79.52,92.57,26.14
2024-01-15 08:51:00,KF-A100,in_use,35.06,50.56,22.43,79.48,90.28,25.54
2024-01-15 08:51:30,KF-A100,in_use,40.85,50.44,18.68,79.41,93.06,28.74
2024-01-15 08:52:00,KF-A100,in_use,44.53,50.05,17.21,79.36,91.36,29.46
2024-01-15 08:52:30,KF-A100,in_use,39.27,50.99,20.11,79.29,,26.37
2024-01-15 08:53:00,KF-A100,in_use,43.52,50.13,16.33,,90.72,27.62
2024-01-15 08:53:30,KF-A100,in_use,23.51,50.61,13.73,79.17,93.03,26.68
2024-01-15 08:54:00,KF-A100,in_use,42.96,49.84,14.43,79.09,89.76,28.17
2024-01-15 08:54:30,KF-A100,in_use,18.85,50.82,17.76,,90.08,26.68
2024-01-15 08:55:00,KF-A100,in_use,29.28,50.63,18.34,78.96,89.01,26.64
2024-01-15 08:55:30,KF-A100,in_use,45.02,50.22,,78.91,91.21,31.08
2024-01-15 08:56:00,KF-A100,in_use,37.58,50.17,19.65,78.85,,27.04
2024-01-15 08:56:30,KF-A100,in_use,40.32,50.9,17.0,78.79,89.44,25.48
2024-01-15 08:57:00,KF-A100,in_use,18.4,50.44,17.35,78.73,88.91,24.66
2024-01-15 08:57:30,KF-A100,in_use,,50.73,17.18,78.66,91.51,26.52
2024-01-15 08:58:00,KF-A100,in_use,33.69,50.1,15.97,78.6,88.22,23.8
2024-01-15 08:58:30,KF-A100,in_use,40.24,50.1,,78.53,89.29,27.2
2024-01-15 08:59:00,KF-A100,in_use,31.94,50.34,15.63,78.47,90.2,27.54
2024-01-15 08:59:30,KF-A100,in_use,44.46,50.42,16.94,78.41,93.07,24.15
2024-01-15 09:00:00,KF-A100,in_use,30.09,50.89,15.26,78.35,94.22,28.66
2024-01-15 09:00:30,KF-A100,in_use,45.37,50.35,17.7,78.3,88.21,28.18
2024-01-15 09:01:00,KF-A100,in_use,34.94,50.35,16.54,78.25,91.64,30.31
2024-01-15 09:01:30,KF-A100,in_use,,50.2,20.38,78.2,92.9,27.49
2024-01-15 09:02:00,KF-A100,in_use,20.25,50.47,19.07,78.15,86.61,26.68
2024-01-15 09:02:30,KF-A100,in_use,31.86,51.06,19.42,78.08,91.86,27.76
2024-01-15 09:03:00,KF-A100,in_use,45.6,50.73,16.53,78.03,88.17,27.44
2024-01-15 09:03:30,KF-A100,in_use,34.3,50.88,17.88,77.97,,
2024-01-15 09:04:00,KF-A100,in_use,42.68,50.03,18.34,77.9,92.34,30.06
2024-01-15 09:04:30,KF-A100,in_use,32.2,50.65,20.46,77.85,89.81,22.22
2024-01-15 09:05:00,KF-A100,in_use,32.76,50.71,,77.8,95.37,28.14
2024-01-15 09:05:30,KF-A100,in_use,29.15,50.52,19.54,77.73,89.78,27.73
2024-01-15 09:06:00,KF-A100,in_use,37.78,50.64,18.38,77.66,92.01,29.89
2024-01-15 09:06:30,KF-A100,in_use,36.94,50.72,16.9,77.63,94.85,25.45
2024-01-15 09:07:00,KF-A100,in_use,18.48,49.67,17.36,77.57,94.29,27.72
2024-01-15 09:07:30,KF-A100,in_use,13.36,50.3,19.27,77.51,,24.19
2024-01-15 09:08:00,KF-A100,in_use,34.37,50.31,19.39,77.46,89.96,26.82
2024-01-15 09:08:30,KF-A100,in_use,28.75,51.14,19.6,77.4,92.72,24.17
2024-01-15 09:09:00,KF-A100,in_use,34.82,50.58,19.53,77.35,87.77,
2024-01-15 09:09:30,KF-A100,in_use,34.17,50.2,18.36,77.28,91.92,27.39
2024-01-15 09:10:00,KF-A100,in_use,41.0,50.12,18.64,77.22,89.02,25.73
2024-01-15 09:10:30,KF-A100,in_use,22.7,50.32,18.23,77.16,90.27,22.99
2024-01-15 09:11:00,KF-A100,in_use,48.43,51.02,17.55,77.12,92.72,27.16
2024-01-15 09:11:30,KF-A100,in_use,26.21,50.45,18.44,77.05,93.47,24.94
2024-01-15 09:12:00,KF-A100,in_use,23.0,51.04,19.77,76.99,90.87,27.49
2024-01-15 09:12:30,KF-A100,in_use,44.17,51.12,14.94,76.94,94.26,26.25
2024-01-15 09:13:00,KF-A100,in_use,30.14,50.88,18.42,76.88,91.62,
2024-01-15 09:13:30,KF-A100,in_use,43.56,50.46,17.22,76.81,90.89,27.68
2024-01-15 09:14:00,KF-A100,in_use,22.85,50.66,17.81,76.78,89.97,27.49
2024-01-15 09:14:30,KF-A100,in_use,39.21,50.24,18.17,76.72,91.03,27.96
2024-01-15 09:15:00,KF-A100,in_use,42.89,49.88,17.68,76.67,90.03,25.07
2024-01-15 09:15:30,KF-A100,in_use,,,16.98,76.61,89.31,25.83
2024-01-15 09:16:00,KF-A100,in_use,31.67,50.66,18.53,76.55,93.57,22.15
2024-01-15 09:16:30,KF-A100,in_use,10.94,50.6,15.82,76.49,89.03,25.06
2024-01-15 09:17:00,KF-A100,in_use,38.95,50.16,15.75,76.46,90.49,
2024-01-15 09:17:30,KF-A100,in_use,35.36,51.24,17.04,76.39,91.65,23.39
2024-01-15 09:18:00,KF-A100,in_use,24.01,51.25,18.84,76.33,91.55,27.02
2024-01-15 09:18:30,KF-A100,in_use,46.48,51.08,17.84,76.27,87.32,
2024-01-15 09:19:00,KF-A100,in_use,36.31,50.7,17.88,76.19,93.15,27.42
2024-01-15 09:19:30,KF-A100,in_use,34.27,50.9,17.43,76.14,92.52,26.42
2024-01-15 09:20:00,KF-A100,in_use,33.94,49.96,15.84,76.08,86.96,26.8
2024-01-15 09:20:30,KF-A100,in_use,44.28,50.19,18.41,76.01,,27.37
2024-01-15 09:21:00,KF-A100,in_use,23.13,50.98,14.95,75.95,88.89,27.25
2024-01-15 09:21:30,KF-A100,in_use,24.54,50.25,19.46,75.91,90.61,26.07
2024-01-15 09:22:00,KF-A100,in_use,25.98,50.56,17.33,75.84,90.96,26.79
2024-01-15 09:22:30,KF-A100,in_use,48.6,50.77,15.69,75.78,92.51,27.4
2024-01-15 09:23:00,KF-A100,in_use,42.53,51.28,20.05,75.72,89.69,27.05
2024-01-15 09:23:30,KF-A100,in_use,33.01,50.66,19.43,75.68,91.45,26.35
2024-01-15 09:24:00,KF-A100,in_use,30.23,50.29,18.06,75.6,89.66,27.45
2024-01-15 09:24:30,KF-A100,in_use,16.03,50.62,16.45,,91.31,27.35
2024-01-15 09:25:00,KF-A100,in_use,29.51,50.56,19.17,75.47,92.03,28.64
2024-01-15 09:25:30,KF-A100,in_use,27.79,50.93,19.89,75.42,91.97,29.14
2024-01-15 09:26:00,KF-A100,in_use,34.08,50.72,19.75,75.36,89.66,26.88
2024-01-15 09:26:30,KF-A100,in_use,32.19,51.05,15.83,75.33,,28.89
2024-01-15 09:27:00,KF-A100,in_use,20.75,50.59,16.88,75.29,89.89,28.39
2024-01-15 09:27:30,KF-A100,in_use,39.42,49.73,16.48,75.22,89.24,27.2
2024-01-15 09:28:00,KF-A100,in_use,44.2,51.01,,75.16,88.69,24.33
2024-01-15 09:28:30,KF-A100,in_use,41.74,50.27,15.69,75.09,92.7,27.84
2024-01-15 09:29:00,KF-A100,in_use,45.36,50.84,19.03,,90.08,28.51
2024-01-15 09:29:30,KF-A100,in_use,28.24,50.49,14.81,74.96,91.84,25.84
2024-01-15 09:30:00,KF-A100,in_use,41.85,50.18,20.15,74.88,86.66,24.61
2024-01-15 09:30:30,KF-A100,in_use,33.29,50.78,18.53,74.81,92.32,26.86
2024-01-15 09:31:00,KF-A100,in_use,33.58,50.33,18.69,74.76,91.7,25.2
2024-01-15 09:31:30,KF-A100,in_use,,50.97,20.29,74.68,88.22,28.53
2024-01-15 09:32:00,KF-A100,in_use,39.01,50.8,16.72,74.63,91.43,26.39
2024-01-15 09:32:30,KF-A100,in_use,37.96,50.46,17.89,74.57,,26.54
2024-01-15 09:33:00,KF-A100,in_use,26.96,50.28,,74.5,88.86,30.44
2024-01-15 09:33:30,KF-A100,in_use,41.82,51.08,18.03,74.45,89.81,26.4
2024-01-15 09:34:00,KF-A100,in_use,25.58,50.27,19.66,74.38,91.42,25.03
2024-01-15 09:34:30,KF-A100,in_use,31.32,50.25,18.39,74.33,92.09,22.66
2024-01-15 09:35:00,KF-A100,in_use,33.27,,20.62,74.26,88.82,26.49
2024-01-15 09:35:30,KF-A100,in_use,35.54,51.08,,74.22,91.11,26.38
2024-01-15 09:36:00,KF-A100,in_use,27.9,50.64,20.52,74.15,89.67,25.53
2024-01-15 09:36:30,KF-A100,in_use,29.57,50.71,15.56,74.12,86.97,21.34
2024-01-15 09:37:00,KF-A100,in_use,23.86,49.85,17.54,74.06,90.5,28.25
2024-01-15 09:37:30,KF-A100,in_use,36.97,51.09,17.43,74.01,89.87,26.06
2024-01-15 09:38:00,KF-A100,in_use,40.22,50.69,15.89,73.96,92.65,25.07
2024-01-15 09:38:30,KF-A100,in_use,46.77,50.09,,73.91,89.41,25.1
2024-01-15 09:39:00,KF-A100,in_use,,50.42,17.6,73.85,92.02,29.55
2024-01-15 09:39:30,KF-A100,in_use,39.62,51.06,17.03,73.79,92.91,26.92
2024-01-15 09:40:00,KF-A100,in_use,38.28,,17.92,,95.78,
2024-01-15 09:40:30,KF-A100,in_use,40.78,50.9,19.04,73.66,91.05,26.39
2024-01-15 09:41:00,KF-A100,in_use,25.49,50.08,18.95,73.6,91.58,28.92
2024-01-15 09:41:30,KF-A100,in_use,39.15,50.5,18.83,73.54,94.21,26.43
2024-01-15 09:42:00,KF-A100,in_use,33.11,50.29,18.59,73.48,88.01,29.56
2024-01-15 09:42:30,KF-A100,in_use,27.04,50.03,17.49,73.42,93.06,28.59
2024-01-15 09:43:00,KF-A100,in_use,16.44,50.49,20.4,73.35,88.81,20.65
2024-01-15 09:43:30,KF-A100,in_use,40.85,49.66,17.66,73.3,90.47,
2024-01-15 09:44:00,KF-A100,in_use,38.89,49.68,19.48,73.26,92.01,26.89
2024-01-15 09:44:30,KF-A100,in_use,46.42,50.8,14.17,73.2,92.32,25.39
2024-01-15 09:45:00,KF-A100,in_use,40.02,50.44,17.63,73.14,89.31,26.97
2024-01-15 09:45:30,KF-A100,in_use,42.39,50.85,15.63,73.1,92.18,28.24
2024-01-15 09:46:00,KF-A100,in_use,28.55,50.77,17.72,73.03,93.33,28.06
2024-01-15 09:46:30,KF-A100,in_use,14.0,50.71,18.3,,93.36,31.69
2024-01-15 09:47:00,KF-A100,in_use,36.05,50.31,16.35,72.89,89.63,24.3
2024-01-15 09:47:30,KF-A100,in_use,36.18,51.73,20.72,72.84,88.51,27.47
2024-01-15 09:48:00,KF-A100,in_use,29.55,50.9,20.75,72.77,89.3,27.95
2024-01-15 09:48:30,KF-A100,in_use,36.82,50.17,15.56,72.7,89.86,26.75
2024-01-15 09:49:00,KF-A100,in_use,31.86,50.09,17.25,72.65,92.29,28.86
2024-01-15 09:49:30,KF-A100,in_use,30.85,50.83,18.32,72.58,88.46,27.42
2024-01-15 09:50:00,KF-A100,in_use,48.31,50.73,20.83,72.51,91.89,
2024-01-15 09:50:30,KF-A100,in_use,43.77,51.11,20.24,72.48,90.08,28.09
2024-01-15 09:51:00,KF-A100,in_use,42.86,50.73,17.59,72.43,91.17,25.54
2024-01-15 09:51:30,KF-A100,in_use,36.92,50.82,19.94,72.36,91.65,24.22
2024-01-15 09:52:00,KF-A100,in_use,34.01,50.24,17.53,72.29,89.12,29.24
2024-01-15 09:52:30,KF-A100,in_use,23.22,51.05,18.23,72.25,91.78,22.56
2024-01-15 09:53:00,KF-A100,in_use,33.23,50.58,22.78,72.19,86.8,28.37
2024-01-15 09:53:30,KF-A100,in_use,40.69,50.82,16.3,72.1,90.15,26.09
2024-01-15 09:54:00,KF-A100,in_use,,51.14,19.47,72.04,91.02,26.52
2024-01-15 09:54:30,KF-A100,in_use,36.24,50.48,16.53,71.97,90.63,23.8
2024-01-15 09:55:00,KF-A100,in_use,,50.79,19.08,71.9,92.43,31.79
2024-01-15 09:55:30,KF-A100,in_use,38.99,50.43,16.37,71.86,92.66,29.14
2024-01-15 09:56:00,KF-A100,in_use,40.83,50.64,,71.79,88.57,24.76
2024-01-15 09:56:30,KF-A100,in_use,32.32,50.8,17.59,71.75,91.06,30.22
2024-01-15 09:57:00,KF-A100,in_use,39.88,50.58,18.2,71.7,91.08,29.07
2024-01-15 09:57:30,KF-A100,in_use,42.65,50.49,19.01,71.62,91.17,25.57
2024-01-15 09:58:00,KF-A100,in_use,23.86,50.45,17.31,71.54,92.78,24.76
2024-01-15 09:58:30,KF-A100,in_use,43.23,50.6,18.16,71.48,91.8,27.4
2024-01-15 09:59:00,KF-A100,in_use,34.68,50.45,19.04,71.43,94.35,25.82
2024-01-15 09:59:30,KF-A100,in_use,32.94,50.78,16.63,71.37,90.45,26.97
2024-01-15 10:00:00,KF-A100,in_use,38.14,49.87,18.1,71.31,91.96,28.46
2024-01-15 10:00:30,KF-A100,in_use,43.27,50.86,18.25,71.25,90.75,26.58
2024-01-15 10:01:00,KF-A100,in_use,28.05,50.55,23.84,,90.63,24.74
2024-01-15 10:01:30,KF-A100,in_use,30.97,50.19,15.74,71.13,91.62,24.45
2024-01-15 10:02:00,KF-A100,in_use,34.0,50.59,17.11,71.07,90.6,27.74
2024-01-15 10:02:30,KF-A100,in_use,27.66,50.25,17.92,71.0,92.11,25.82
2024-01-15 10:03:00,KF-A100,in_use,32.35,50.56,19.54,70.94,95.76,28.65
2024-01-15 10:03:30,KF-A100,in_use,33.6,50.64,19.01,70.88,91.58,25.99
2024-01-15 10:04:00,KF-A100,in_use,58.49,50.33,18.83,70.83,92.2,28.92
2024-01-15 10:04:30,KF-A100,in_use,23.82,50.57,19.68,70.76,90.8,25.32
2024-01-15 10:05:00,KF-A100,in_use,41.55,50.11,16.92,70.69,90.07,24.03
2024-01-15 10:05:30,KF-A100,in_use,45.02,50.61,18.83,70.64,93.38,25.36
2024-01-15 10:06:00,KF-A100,in_use,24.31,51.02,23.18,,88.6,28.4
2024-01-15 10:06:30,KF-A100,in_use,28.79,50.24,19.32,70.51,93.05,28.2
2024-01-15 10:07:00,KF-A100,in_use,47.59,49.9,16.16,70.45,93.65,26.66
2024-01-15 10:07:30,KF-A100,in_use,41.86,50.4,20.16,70.38,90.74,25.3
2024-01-15 10:08:00,KF-A100,in_use,28.56,50.24,17.48,70.32,87.98,
2024-01-15 10:08:30,KF-A100,in_use,43.67,50.58,17.98,70.26,89.96,27.44
2024-01-15 10:09:00,KF-A100,in_use,37.05,50.19,17.0,70.19,89.97,25.4
2024-01-15 10:09:30,KF-A100,in_use,26.57,49.82,16.88,70.12,90.34,30.35
2024-01-15 10:10:00,KF-A100,in_use,39.91,50.57,20.32,70.06,89.92,28.79
2024-01-15 10:10:30,KF-A100,in_use,35.5,50.42,15.01,70.01,93.73,26.39
2024-01-15 10:11:00,KF-A100,in_use,26.23,50.67,19.48,69.95,96.14,22.5
2024-01-15 10:11:30,KF-A100,in_use,27.73,50.84,18.05,69.87,93.7,23.97
2024-01-15 10:12:00,KF-A100,in_use,,50.22,18.32,69.83,91.21,27.3
2024-01-15 10:12:30,KF-A100,in_use,19.86,50.02,17.21,69.77,92.07,27.18
2024-01-15 10:13:00,KF-A100,in_use,30.79,50.19,19.75,69.71,89.58,28.29
2024-01-15 10:13:30,KF-A100,in_use,35.27,50.87,17.82,,90.64,28.31
2024-01-15 10:14:00,KF-A100,in_use,29.51,50.54,17.31,69.61,92.38,25.77
2024-01-15 10:14:30,KF-A100,in_use,28.2,,17.56,69.56,88.3,
2024-01-15 10:15:00,KF-A100,in_use,48.64,50.89,20.8,69.51,89.74,26.44
2024-01-15 10:15:30,KF-A100,in_use,19.26,50.62,18.5,69.45,90.35,
2024-01-15 10:16:00,KF-A100,in_use,33.64,50.43,17.96,69.37,90.04,29.2
2024-01-15 10:16:30,KF-A100,in_use,36.07,50.22,17.23,69.31,90.18,29.04
2024-01-15 10:17:00,KF-A100,in_use,17.44,50.78,19.07,69.23,91.33,24.24
2024-01-15 10:17:30,KF-A100,in_use,33.18,50.55,,69.17,92.28,27.52
2024-01-15 10:18:00,KF-A100,in_use,25.08,50.2,16.68,69.13,92.51,25.77
2024-01-15 10:18:30,KF-A100,in_use,,51.03,18.42,69.08,90.68,32.0
2024-01-15 10:19:00,KF-A100,in_use,48.51,50.99,17.6,69.0,90.27,23.66
2024-01-15 10:19:30,KF-A100,in_use,33.62,50.47,15.1,68.93,91.15,29.1
2024-01-15 10:20:00,KF-A100,in_use,,50.94,19.38,68.87,91.55,25.0
2024-01-15 10:20:30,KF-A100,in_use,29.65,49.96,18.03,68.8,94.8,29.05
2024-01-15 10:21:00,KF-A100,in_use,44.49,50.28,17.49,,89.49,27.77
2024-01-15 10:21:30,KF-A100,in_use,35.91,50.42,17.79,68.66,90.57,28.94
2024-01-15 10:22:00,KF-A100,in_use,40.28,50.92,18.19,68.59,89.98,21.89
2024-01-15 10:22:30,KF-A100,in_use,27.48,51.19,17.8,68.52,91.66,28.9
2024-01-15 10:23:00,KF-A100,in_use,36.21,50.19,19.41,68.46,95.17,24.98
2024-01-15 10:23:30,KF-A100,in_use,12.34,50.8,14.51,68.39,89.78,30.14
2024-01-15 10:24:00,KF-A100,in_use,27.99,50.9,17.91,68.33,93.76,25.66
2024-01-15 10:24:30,KF-A100,in_use,31.1,50.78,19.43,68.29,87.54,29.67
2024-01-15 10:25:00,KF-A100,in_use,36.44,50.64,17.0,68.21,89.1,26.32
2024-01-15 10:25:30,KF-A100,in_use,45.04,49.99,17.66,68.16,91.14,23.51
2024-01-15 10:26:00,KF-A100,in_use,,50.46,19.23,68.11,90.95,26.57
2024-01-15 10:26:30,KF-A100,in_use,28.81,50.53,15.93,68.03,92.71,27.8
2024-01-15 10:27:00,KF-A100,in_use,39.45,,21.44,67.99,89.47,25.79
2024-01-15 10:27:30,KF-A100,in_use,17.33,50.55,17.89,67.93,90.71,27.09
2024-01-15 10:28:00,KF-A100,in_use,29.97,50.64,16.01,67.87,91.04,24.07
2024-01-15 10:28:30,KF-A100,in_use,34.86,50.48,15.53,67.82,,24.29
2024-01-15 10:29:00,KF-A100,in_use,30.85,50.51,,67.75,89.04,24.19
2024-01-15 10:29:30,KF-A100,in_use,36.64,51.26,17.67,67.71,92.4,25.33
2024-01-15 10:30:00,KF-A100,in_use,25.14,50.68,22.2,67.65,90.72,28.18
2024-01-15 10:30:30,KF-A100,in_use,37.38,50.39,17.79,67.59,97.2,26.48
2024-01-15 10:31:00,KF-A100,in_use,31.72,50.97,18.27,67.51,86.39,26.28
2024-01-15 10:31:30,KF-A100,in_use,36.75,49.53,19.37,67.46,89.37,27.35
2024-01-15 10:32:00,KF-A100,in_use,30.22,50.46,18.07,67.42,91.32,29.72
2024-01-15 10:32:30,KF-A100,in_use,36.47,49.74,20.89,67.36,88.54,25.82
2024-01-15 10:33:00,KF-A100,in_use,40.77,51.67,16.01,67.31,89.16,25.87
2024-01-15 10:33:30,KF-A100,in_use,17.21,50.38,16.74,67.25,,29.46
2024-01-15 10:34:00,KF-A100,in_use,29.74,50.24,17.23,67.2,89.73,27.42
2024-01-15 10:34:30,KF-A100,in_use,28.46,49.54,20.78,67.14,92.34,24.0
2024-01-15 10:35:00,KF-A100,in_use,16.87,50.41,19.43,67.08,88.2,
2024-01-15 10:35:30,KF-A100,in_use,35.3,50.47,12.96,67.01,90.7,29.12
2024-01-15 10:36:00,KF-A100,in_use,39.05,51.0,18.81,66.95,90.53,25.21
2024-01-15 10:36:30,KF-A100,in_use,40.17,51.0,18.32,66.9,92.29,27.16
2024-01-15 10:37:00,KF-A100,in_use,44.45,50.11,16.41,66.84,91.21,22.37
2024-01-15 10:37:30,KF-A100,in_use,24.43,50.5,14.91,66.77,91.99,28.67
2024-01-15 10:38:00,KF-A100,in_use,36.09,50.21,19.62,66.71,92.06,28.72
2024-01-15 10:38:30,KF-A100,in_use,35.28,51.05,18.25,66.66,92.7,29.45
2024-01-15 10:39:00,KF-A100,in_use,40.49,50.68,16.72,66.62,,28.25
2024-01-15 10:39:30,KF-A100,in_use,50.93,51.14,16.86,66.56,89.41,27.08
2024-01-15 10:40:00,KF-A100,in_use,27.01,50.85,18.34,66.5,93.31,24.57
2024-01-15 10:40:30,KF-A100,in_use,33.29,50.37,14.83,66.43,93.28,25.33
2024-01-15 10:41:00,KF-A100,in_use,52.43,50.44,19.93,66.37,91.5,
2024-01-15 10:41:30,KF-A100,in_use,43.57,49.71,16.83,66.32,87.73,26.15
2024-01-15 10:42:00,KF-A100,in_use,,50.88,20.44,66.25,95.4,26.29
2024-01-15 10:42:30,KF-A100,in_use,46.02,50.35,19.71,66.18,91.68,30.0
2024-01-15 10:43:00,KF-A100,in_use,35.39,50.35,22.78,66.11,91.36,26.45
2024-01-15 10:43:30,KF-A100,in_use,39.61,50.57,18.91,66.07,94.41,25.46
2024-01-15 10:44:00,KF-A100,in_use,47.39,50.99,18.27,66.01,90.81,26.33
2024-01-15 10:44:30,KF-A100,in_use,37.11,50.8,18.19,65.95,,25.26
2024-01-15 10:45:00,KF-A100,in_use,36.86,50.26,18.46,65.89,88.73,27.7
2024-01-15 10:45:30,KF-A100,in_use,43.33,50.69,16.25,65.85,90.59,24.94
2024-01-15 10:46:00,KF-A100,in_use,28.91,51.11,16.44,65.78,93.34,30.0
2024-01-15 10:46:30,KF-A100,in_use,28.58,,16.86,,91.09,28.91
2024-01-15 10:47:00,KF-A100,in_use,39.73,50.53,17.26,,88.04,27.52
2024-01-15 10:47:30,KF-A100,in_use,28.82,50.79,18.9,65.63,90.68,25.16
2024-01-15 10:48:00,KF-A100,in_use,24.99,51.13,16.78,65.58,93.27,26.69
2024-01-15 10:48:30,KF-A100,in_use,37.7,50.44,15.58,65.52,94.18,28.75
2024-01-15 10:49:00,KF-A100,in_use,38.33,50.49,20.56,65.45,93.17,24.85
2024-01-15 10:49:30,KF-A100,in_use,32.61,50.28,15.81,,95.58,30.73
2024-01-15 10:50:00,KF-A100,in_use,42.87,50.31,15.39,65.34,89.21,23.72
2024-01-15 10:50:30,KF-A100,in_use,34.3,50.71,,65.26,88.15,27.79
2024-01-15 10:51:00,KF-A100,in_use,,50.41,19.94,65.22,89.74,27.11
2024-01-15 10:51:30,KF-A100,in_use,45.66,50.26,19.0,65.15,92.07,28.28
2024-01-15 10:52:00,KF-A100,in_use,31.91,51.06,15.31,65.11,88.99,26.34
2024-01-15 10:52:30,KF-A100,in_use,30.2,,19.94,65.05,92.93,27.99
2024-01-15 10:53:00,KF-A100,in_use,31.77,50.86,17.63,64.99,88.58,27.11
2024-01-15 10:53:30,KF-A100,in_use,26.68,51.08,17.37,64.93,90.52,29.93
2024-01-15 10:54:00,KF-A100,in_use,32.23,50.41,15.12,64.87,92.92,29.26
2024-01-15 10:54:30,KF-A100,in_use,34.45,50.43,20.42,64.81,88.52,28.22
2024-01-15 10:55:00,KF-A100,in_use,44.87,50.34,20.61,64.75,90.02,24.17
2024-01-15 10:55:30,KF-A100,in_use,31.45,50.45,18.17,64.69,,26.11
2024-01-15 10:56:00,KF-A100,in_use,27.59,50.44,17.67,64.63,91.06,27.15
2024-01-15 10:56:30,KF-A100,in_use,24.17,49.67,17.53,64.57,95.29,23.91
2024-01-15 10:57:00,KF-A100,in_use,46.12,50.4,13.4,64.49,89.36,26.15
2024-01-15 10:57:30,KF-A100,in_use,33.63,50.64,18.13,64.42,92.81,27.14
2024-01-15 10:58:00,KF-A100,in_use,30.88,50.68,20.54,64.36,90.95,24.16
2024-01-15 10:58:30,KF-A100,in_use,22.28,50.14,19.62,64.31,91.23,
2024-01-15 10:59:00,KF-A100,in_use,32.07,50.71,20.67,64.24,90.84,27.61
2024-01-15 10:59:30,KF-A100,in_use,37.92,49.99,20.95,64.19,91.98,26.54
2024-01-15 11:00:00,KF-A100,charging,0.0,51.89,-12.51,64.19,89.37,30.0
2024-01-15 11:00:30,KF-A100,charging,0.0,51.7,-10.66,64.19,91.27,26.35
2024-01-15 11:01:00,KF-A100,charging,,51.72,,64.19,92.57,25.2
2024-01-15 11:01:30,KF-A100,charging,0.0,51.85,-11.54,64.19,86.49,27.67
2024-01-15 11:02:00,KF-A100,charging,0.0,51.76,-13.0,64.19,89.6,27.25
2024-01-15 11:02:30,KF-A100,charging,,51.83,-11.52,64.19,92.06,25.67
2024-01-15 11:03:00,KF-A100,charging,0.0,52.21,-11.09,64.19,90.51,27.59
2024-01-15 11:03:30,KF-A100,charging,0.0,52.14,-14.5,64.19,90.54,24.19
2024-01-15 11:04:00,KF-A100,charging,,51.79,-12.38,64.19,92.99,29.36
2024-01-15 11:04:30,KF-A100,charging,0.0,52.21,-11.74,,93.54,
2024-01-15 11:05:00,KF-A100,charging,0.0,51.76,-13.42,64.19,94.1,28.76
2024-01-15 11:05:30,KF-A100,charging,0.0,51.46,-12.34,64.19,90.3,26.85
2024-01-15 11:06:00,KF-A100,charging,0.0,51.93,-11.96,64.19,91.04,25.4
2024-01-15 11:06:30,KF-A100,charging,0.0,52.31,,64.19,89.63,28.64
2024-01-15 11:07:00,KF-A100,charging,,52.06,-9.33,64.19,87.5,26.65
2024-01-15 11:07:30,KF-A100,charging,0.0,52.0,-13.16,64.19,91.79,25.51
2024-01-15 11:08:00,KF-A100,charging,0.0,51.98,-13.11,64.19,92.37,29.8
2024-01-15 11:08:30,KF-A100,charging,0.0,52.3,-11.81,64.19,91.44,
2024-01-15 11:09:00,KF-A100,charging,0.0,52.43,-11.53,64.19,91.32,29.31
2024-01-15 11:09:30,KF-A100,charging,0.0,51.94,-12.25,64.19,90.46,23.91
2024-01-15 11:10:00,KF-A100,charging,0.0,51.96,-10.82,64.19,93.94,25.76
2024-01-15 11:10:30,KF-A100,charging,0.0,51.74,-12.06,64.19,92.83,27.84
2024-01-15 11:11:00,KF-A100,charging,0.0,51.84,-12.2,64.19,92.36,28.93
2024-01-15 11:11:30,KF-A100,charging,,52.22,-14.37,64.19,88.12,26.55
2024-01-15 11:12:00,KF-A100,charging,0.0,51.87,-9.95,64.19,91.75,
2024-01-15 11:12:30,KF-A100,charging,0.0,51.92,-11.24,64.19,89.48,26.21
2024-01-15 11:13:00,KF-A100,charging,0.0,51.92,-11.96,64.19,88.8,30.59
2024-01-15 11:13:30,KF-A100,charging,0.0,52.22,-12.2,64.19,91.51,26.31
2024-01-15 11:14:00,KF-A100,charging,0.0,51.75,-13.54,64.19,90.78,27.6
2024-01-15 11:14:30,KF-A100,charging,0.0,52.17,-9.29,64.19,89.56,25.15
2024-01-15 11:15:00,KF-A100,charging,0.0,52.07,-12.12,64.19,92.87,28.55
2024-01-15 11:15:30,KF-A100,charging,0.0,52.14,-11.95,64.19,91.03,27.29
2024-01-15 11:16:00,KF-A100,charging,0.0,52.09,-11.3,64.19,90.52,27.93
2024-01-15 11:16:30,KF-A100,charging,0.0,52.24,-11.85,,86.56,24.2
2024-01-15 11:17:00,KF-A100,charging,0.0,52.21,-13.43,64.19,93.87,27.57
2024-01-15 11:17:30,KF-A100,charging,0.0,52.35,-12.86,64.19,92.14,29.17
2024-01-15 11:18:00,KF-A100,charging,0.0,51.79,-13.78,64.19,94.36,25.23
2024-01-15 11:18:30,KF-A100,charging,0.0,52.16,-12.33,64.19,96.87,24.94
2024-01-15 11:19:00,KF-A100,charging,0.0,51.8,-11.08,64.19,89.09,28.04
2024-01-15 11:19:30,KF-A100,charging,0.0,51.61,-9.62,,91.69,27.98
2024-01-15 11:20:00,KF-A100,charging,0.0,52.06,-13.67,64.19,86.75,27.83
2024-01-15 11:20:30,KF-A100,charging,0.0,51.56,-10.83,64.19,88.81,28.64
2024-01-15 11:21:00,KF-A100,charging,0.0,52.24,-12.01,64.19,91.12,26.47
2024-01-15 11:21:30,KF-A100,charging,0.0,51.98,-11.55,64.19,92.78,25.79
2024-01-15 11:22:00,KF-A100,charging,0.0,51.81,-11.09,64.19,86.3,30.35
2024-01-15 11:22:30,KF-A100,charging,0.0,52.09,-10.57,64.19,89.33,22.79
2024-01-15 11:23:00,KF-A100,charging,0.0,52.0,-11.46,64.19,94.98,30.67
2024-01-15 11:23:30,KF-A100,charging,0.0,51.7,-11.99,64.19,,26.13
2024-01-15 11:24:00,KF-A100,charging,0.0,52.08,-10.82,64.19,92.86,23.46
2024-01-15 11:24:30,KF-A100,charging,0.0,52.49,-12.44,64.19,91.18,27.95
2024-01-15 11:25:00,KF-A100,charging,0.0,52.01,-10.27,64.19,91.04,30.39
2024-01-15 11:25:30,KF-A100,charging,0.0,52.39,-12.26,64.19,90.98,29.06
2024-01-15 11:26:00,KF-A100,charging,0.0,51.73,-11.54,64.19,88.31,25.2
2024-01-15 11:26:30,KF-A100,charging,0.0,51.85,-11.81,64.19,91.36,25.37
2024-01-15 11:27:00,KF-A100,charging,0.0,51.75,-12.45,64.19,89.58,25.92
2024-01-15 11:27:30,KF-A100,charging,0.0,52.19,-12.06,64.19,91.84,26.07
2024-01-15 11:28:00,KF-A100,charging,0.0,51.58,-13.34,64.19,89.63,29.33
2024-01-15 11:28:30,KF-A100,charging,0.0,52.35,-11.97,64.19,91.51,25.74
2024-01-15 11:29:00,KF-A100,charging,0.0,52.0,-10.87,64.19,90.87,24.85
2024-01-15 11:29:30,KF-A100,charging,0.0,52.29,-11.54,64.19,90.14,24.4
2024-01-15 11:30:00,KF-A100,not_in_use,0.0,51.63,0.0,64.19,92.8,29.02
2024-01-15 11:30:30,KF-A100,not_in_use,0.0,51.73,0.0,64.19,88.07,
2024-01-15 11:31:00,KF-A100,not_in_use,0.0,,0.0,64.19,91.19,27.46
2024-01-15 11:31:30,KF-A100,not_in_use,0.0,52.02,,64.19,89.84,26.85
2024-01-15 11:32:00,KF-A100,not_in_use,0.0,52.38,0.0,64.19,,25.56
2024-01-15 11:32:30,KF-A100,not_in_use,0.0,52.34,0.0,,88.37,29.62
2024-01-15 11:33:00,KF-A100,not_in_use,0.0,51.94,0.0,64.19,,28.99
2024-01-15 11:33:30,KF-A100,not_in_use,0.0,51.88,0.0,64.19,92.89,29.15
2024-01-15 11:34:00,KF-A100,not_in_use,0.0,52.16,0.0,64.19,87.44,28.19
2024-01-15 11:34:30,KF-A100,not_in_use,0.0,52.28,0.0,64.19,93.69,29.89
2024-01-15 11:35:00,KF-A100,not_in_use,0.0,51.99,0.0,64.19,89.29,27.21
2024-01-15 11:35:30,KF-A100,not_in_use,0.0,51.91,0.0,64.19,91.62,24.75
2024-01-15 11:36:00,KF-A100,not_in_use,0.0,52.1,0.0,64.19,89.04,26.22
2024-01-15 11:36:30,KF-A100,not_in_use,0.0,51.61,0.0,64.19,92.53,26.17
2024-01-15 11:37:00,KF-A100,not_in_use,0.0,52.0,0.0,64.19,90.81,26.1
2024-01-15 11:37:30,KF-A100,not_in_use,0.0,52.13,0.0,64.19,90.46,26.95
2024-01-15 11:38:00,KF-A100,not_in_use,0.0,52.05,0.0,64.19,89.12,28.75
2024-01-15 11:38:30,KF-A100,not_in_use,0.0,52.27,,64.19,92.46,29.51
2024-01-15 11:39:00,KF-A100,not_in_use,0.0,52.07,0.0,64.19,93.49,24.47
2024-01-15 11:39:30,KF-A100,not_in_use,0.0,52.01,0.0,64.19,91.11,28.73
2024-01-15 11:40:00,KF-A100,not_in_use,0.0,52.54,0.0,64.19,90.87,24.48
2024-01-15 11:40:30,KF-A100,not_in_use,0.0,52.18,0.0,64.19,87.13,26.7
2024-01-15 11:41:00,KF-A100,not_in_use,0.0,52.26,0.0,64.19,89.1,27.95
2024-01-15 11:41:30,KF-A100,not_in_use,0.0,52.14,0.0,,90.13,25.32
2024-01-15 11:42:00,KF-A100,not_in_use,0.0,52.0,,64.19,92.25,25.57
2024-01-15 11:42:30,KF-A100,not_in_use,0.0,51.86,0.0,64.19,,29.71
2024-01-15 11:43:00,KF-A100,not_in_use,0.0,52.06,0.0,64.19,91.95,28.57
2024-01-15 11:43:30,KF-A100,not_in_use,0.0,52.19,0.0,64.19,90.23,22.86
2024-01-15 11:44:00,KF-A100,not_in_use,0.0,52.11,0.0,64.19,88.32,26.22
2024-01-15 11:44:30,KF-A100,not_in_use,0.0,52.14,0.0,64.19,90.66,28.21
2024-01-15 11:45:00,KF-A100,not_in_use,0.0,52.06,0.0,64.19,90.28,23.04
2024-01-15 11:45:30,KF-A100,not_in_use,0.0,51.91,0.0,64.19,91.32,27.07
2024-01-15 11:46:00,KF-A100,not_in_use,0.0,52.09,0.0,64.19,90.79,27.28
2024-01-15 11:46:30,KF-A100,not_in_use,0.0,52.33,0.0,64.19,91.56,29.98
2024-01-15 11:47:00,KF-A100,not_in_use,0.0,52.0,0.0,64.19,92.13,31.05
2024-01-15 11:47:30,KF-A100,not_in_use,0.0,52.41,0.0,64.19,90.98,24.76
2024-01-15 11:48:00,KF-A100,not_in_use,0.0,52.05,0.0,64.19,92.45,25.92
2024-01-15 11:48:30,KF-A100,not_in_use,,51.85,0.0,64.19,92.38,26.11
2024-01-15 11:49:00,KF-A100,not_in_use,0.0,51.98,0.0,64.19,91.03,
2024-01-15 11:49:30,KF-A100,not_in_use,0.0,52.19,0.0,64.19,92.44,30.64
2024-01-15 11:50:00,KF-A100,not_in_use,0.0,52.4,0.0,64.19,91.02,26.35
2024-01-15 11:50:30,KF-A100,not_in_use,0.0,51.99,0.0,64.19,92.75,27.16
2024-01-15 11:51:00,KF-A100,not_in_use,0.0,52.18,0.0,64.19,90.55,30.37
2024-01-15 11:51:30,KF-A100,not_in_use,0.0,51.93,0.0,64.19,94.93,26.92
2024-01-15 11:52:00,KF-A100,not_in_use,0.0,51.41,,64.19,89.72,29.06
2024-01-15 11:52:30,KF-A100,not_in_use,0.0,51.85,0.0,64.19,89.68,25.97
2024-01-15 11:53:00,KF-A100,not_in_use,0.0,51.79,0.0,64.19,89.06,29.93
2024-01-15 11:53:30,KF-A100,not_in_use,,51.84,0.0,64.19,91.71,23.38
2024-01-15 11:54:00,KF-A100,not_in_use,0.0,52.09,0.0,64.19,92.42,30.57
2024-01-15 11:54:30,KF-A100,not_in_use,0.0,52.45,0.0,64.19,91.48,27.6
2024-01-15 11:55:00,KF-A100,not_in_use,0.0,51.88,0.0,64.19,91.82,29.65
2024-01-15 11:55:30,KF-A100,not_in_use,0.0,51.81,0.0,64.19,89.17,27.25
2024-01-15 11:56:00,KF-A100,not_in_use,0.0,51.76,0.0,64.19,94.89,28.19
2024-01-15 11:56:30,KF-A100,not_in_use,0.0,52.19,0.0,64.19,94.46,26.06
2024-01-15 11:57:00,KF-A100,not_in_use,0.0,52.09,0.0,64.19,94.94,27.75
2024-01-15 11:57:30,KF-A100,not_in_use,0.0,52.18,0.0,64.19,90.37,25.41
2024-01-15 11:58:00,KF-A100,not_in_use,0.0,52.09,0.0,64.19,92.67,33.55
2024-01-15 11:58:30,KF-A100,not_in_use,0.0,52.11,0.0,64.19,91.76,29.73
2024-01-15 11:59:00,KF-A100,not_in_use,0.0,51.85,,64.19,94.33,28.26
2024-01-15 11:59:30,KF-A100,not_in_use,0.0,51.55,0.0,64.19,90.55,27.8
2024-01-15 06:00:00,KF-C102,in_use,34.84,50.33,17.98,99.94,88.73,29.06
2024-01-15 06:00:30,KF-C102,in_use,35.32,50.68,16.15,99.9,90.1,27.59
2024-01-15 06:01:00,KF-C102,in_use,35.73,49.79,21.01,99.83,92.55,26.03
2024-01-15 06:01:30,KF-C102,in_use,26.55,,19.52,99.78,89.77,24.3
2024-01-15 06:02:00,KF-C102,in_use,51.89,50.37,17.27,99.73,90.16,
2024-01-15 06:02:30,KF-C102,in_use,34.24,49.6,18.39,99.65,94.84,26.29
2024-01-15 06:03:00,KF-C102,in_use,30.53,50.36,,99.59,93.46,27.92
2024-01-15 06:03:30,KF-C102,in_use,30.18,50.08,17.0,99.53,89.97,31.25
2024-01-15 06:04:00,KF-C102,in_use,41.03,50.23,13.52,99.47,91.41,25.45
2024-01-15 06:04:30,KF-C102,in_use,25.58,51.21,17.51,99.41,86.24,28.34
2024-01-15 06:05:00,KF-C102,in_use,,49.91,13.9,99.35,93.52,28.23
2024-01-15 06:05:30,KF-C102,in_use,29.11,50.74,17.92,99.3,92.59,29.7
2024-01-15 06:06:00,KF-C102,in_use,37.74,49.89,15.69,99.22,92.71,27.53
2024-01-15 06:06:30,KF-C102,in_use,22.74,50.89,19.75,99.17,91.73,23.56
2024-01-15 06:07:00,KF-C102,in_use,44.41,50.07,18.06,99.11,89.72,29.97
2024-01-15 06:07:30,KF-C102,in_use,44.51,50.49,20.73,99.05,92.33,25.35
2024-01-15 06:08:00,KF-C102,in_use,38.17,50.16,19.22,98.98,89.49,26.8
2024-01-15 06:08:30,KF-C102,in_use,33.97,50.69,16.3,,91.61,
2024-01-15 06:09:00,KF-C102,in_use,36.88,50.18,17.22,98.91,94.01,24.84
2024-01-15 06:09:30,KF-C102,in_use,28.58,51.59,19.69,,93.2,27.98
2024-01-15 06:10:00,KF-C102,in_use,42.72,51.24,17.16,98.79,88.8,26.28
2024-01-15 06:10:30,KF-C102,in_use,31.46,50.88,16.89,98.73,87.25,31.09
2024-01-15 06:11:00,KF-C102,in_use,43.67,51.11,13.73,98.67,92.52,25.32
2024-01-15 06:11:30,KF-C102,in_use,26.76,50.5,17.92,98.62,92.5,22.97
2024-01-15 06:12:00,KF-C102,in_use,29.39,50.71,16.39,98.56,90.57,30.08
2024-01-15 06:12:30,KF-C102,in_use,33.13,50.66,16.81,,93.99,26.68
2024-01-15 06:13:00,KF-C102,in_use,,50.86,15.77,98.44,89.69,28.99
2024-01-15 06:13:30,KF-C102,in_use,29.19,50.63,15.33,98.39,90.51,27.67
2024-01-15 06:14:00,KF-C102,in_use,32.6,50.43,20.88,98.34,91.33,27.03
2024-01-15 06:14:30,KF-C102,in_use,,50.34,18.0,98.28,91.24,23.66
2024-01-15 06:15:00,KF-C102,in_use,40.68,50.25,19.2,98.22,91.77,25.38
2024-01-15 06:15:30,KF-C102,in_use,41.48,50.52,18.25,98.16,89.09,31.64
2024-01-15 06:16:00,KF-C102,in_use,46.74,51.54,14.55,98.1,92.39,
2024-01-15 06:16:30,KF-C102,in_use,32.68,50.83,19.2,98.04,93.08,24.96
2024-01-15 06:17:00,KF-C102,in_use,36.55,50.54,16.72,97.98,90.88,29.26
2024-01-15 06:17:30,KF-C102,in_use,24.28,50.56,14.33,97.92,89.33,25.64
2024-01-15 06:18:00,KF-C102,in_use,48.11,50.73,17.64,97.88,91.31,26.2
2024-01-15 06:18:30,KF-C102,in_use,39.79,,,97.81,92.93,29.33
2024-01-15 06:19:00,KF-C102,in_use,33.45,50.76,17.46,97.75,,25.35
2024-01-15 06:19:30,KF-C102,in_use,40.27,51.14,20.93,97.69,89.22,27.14
2024-01-15 06:20:00,KF-C102,in_use,29.79,51.3,,97.63,91.72,28.08
2024-01-15 06:20:30,KF-C102,in_use,25.35,49.36,19.09,97.58,95.11,27.3
2024-01-15 06:21:00,KF-C102,in_use,25.76,51.11,21.81,97.52,96.73,25.2
2024-01-15 06:21:30,KF-C102,in_use,24.44,51.01,17.89,97.46,91.28,27.95
2024-01-15 06:22:00,KF-C102,in_use,25.45,49.73,16.9,97.41,93.66,26.76
2024-01-15 06:22:30,KF-C102,in_use,,50.66,15.65,97.36,93.23,26.86
2024-01-15 06:23:00,KF-C102,in_use,33.3,,18.0,,90.45,26.09
2024-01-15 06:23:30,KF-C102,in_use,45.48,50.0,20.58,97.22,90.36,28.2
2024-01-15 06:24:00,KF-C102,in_use,39.87,50.43,20.72,97.15,90.62,28.7
2024-01-15 06:24:30,KF-C102,in_use,23.45,50.66,16.12,97.08,93.24,28.61
2024-01-15 06:25:00,KF-C102,in_use,,51.04,22.2,97.04,90.92,31.32
2024-01-15 06:25:30,KF-C102,in_use,30.53,50.91,17.24,96.98,90.19,29.27
2024-01-15 06:26:00,KF-C102,in_use,27.1,,14.57,96.92,89.14,25.99
2024-01-15 06:26:30,KF-C102,in_use,36.91,50.59,17.3,96.86,91.65,28.16
2024-01-15 06:27:00,KF-C102,in_use,,50.63,16.33,96.78,94.31,31.16
2024-01-15 06:27:30,KF-C102,in_use,35.81,50.37,20.06,96.71,90.42,27.86
2024-01-15 06:28:00,KF-C102,in_use,51.97,49.55,16.87,96.64,87.38,25.1
2024-01-15 06:28:30,KF-C102,in_use,31.68,51.06,19.57,96.56,90.35,30.97
2024-01-15 06:29:00,KF-C102,in_use,33.38,49.92,19.89,96.5,92.91,28.58
2024-01-15 06:29:30,KF-C102,in_use,31.61,50.28,18.93,96.45,91.16,26.42
2024-01-15 06:30:00,KF-C102,in_use,22.98,50.15,,96.38,93.33,28.85
2024-01-15 06:30:30,KF-C102,in_use,30.05,49.67,18.31,96.33,90.83,29.27
2024-01-15 06:31:00,KF-C102,in_use,23.33,,17.47,96.26,,25.96
2024-01-15 06:31:30,KF-C102,in_use,35.34,,20.33,96.18,91.87,27.33
2024-01-15 06:32:00,KF-C102,in_use,25.74,50.48,19.64,96.14,93.21,27.83
2024-01-15 06:32:30,KF-C102,in_use,27.89,50.09,18.68,96.08,90.54,27.02
2024-01-15 06:33:00,KF-C102,in_use,42.03,50.43,18.56,96.03,90.45,28.17
2024-01-15 06:33:30,KF-C102,in_use,22.76,,19.21,95.97,87.77,27.69
2024-01-15 06:34:00,KF-C102,in_use,43.68,50.75,21.33,95.91,91.53,25.88
2024-01-15 06:34:30,KF-C102,in_use,36.46,50.67,16.48,95.86,90.72,28.76
2024-01-15 06:35:00,KF-C102,in_use,28.97,50.28,20.53,95.8,,25.43
2024-01-15 06:35:30,KF-C102,in_use,31.23,51.14,21.06,95.73,92.51,26.49
2024-01-15 06:36:00,KF-C102,in_use,39.46,50.77,19.89,95.66,92.21,26.18
2024-01-15 06:36:30,KF-C102,in_use,35.86,50.76,22.15,95.59,95.41,27.16
2024-01-15 06:37:00,KF-C102,in_use,39.9,50.07,18.69,95.55,92.25,28.28
2024-01-15 06:37:30,KF-C102,in_use,46.88,50.41,15.33,95.51,87.7,28.93
2024-01-15 06:38:00,KF-C102,in_use,31.54,50.4,19.47,95.43,91.01,23.3
2024-01-15 06:38:30,KF-C102,in_use,42.31,51.15,16.07,95.38,91.43,26.98
2024-01-15 06:39:00,KF-C102,in_use,29.36,50.51,17.2,95.33,97.75,28.35
2024-01-15 06:39:30,KF-C102,in_use,35.92,50.95,18.46,95.26,90.35,27.54
2024-01-15 06:40:00,KF-C102,in_use,41.69,,19.59,95.21,88.05,29.12
2024-01-15 06:40:30,KF-C102,in_use,54.68,50.15,20.27,95.14,90.37,29.75
2024-01-15 06:41:00,KF-C102,in_use,29.93,50.46,22.42,95.1,92.61,31.38
2024-01-15 06:41:30,KF-C102,in_use,46.63,50.21,18.28,95.04,92.66,28.6
2024-01-15 06:42:00,KF-C102,in_use,27.78,50.6,16.3,94.96,92.73,28.54
2024-01-15 06:42:30,KF-C102,in_use,18.92,51.22,21.28,94.91,91.13,30.33
2024-01-15 06:43:00,KF-C102,in_use,33.72,50.52,17.75,94.85,90.57,29.29
2024-01-15 06:43:30,KF-C102,in_use,36.19,50.53,17.97,94.79,96.17,24.34
2024-01-15 06:44:00,KF-C102,in_use,39.67,49.9,16.89,94.72,91.86,28.54
2024-01-15 06:44:30,KF-C102,in_use,40.24,49.97,17.13,94.66,92.76,27.7
2024-01-15 06:45:00,KF-C102,in_use,37.0,50.43,17.59,94.62,88.27,25.14
2024-01-15 06:45:30,KF-C102,in_use,35.99,51.15,18.74,94.58,89.82,24.49
2024-01-15 06:46:00,KF-C102,in_use,42.4,50.77,17.92,94.52,91.47,29.33
2024-01-15 06:46:30,KF-C102,in_use,,50.44,20.01,94.46,88.88,27.52
2024-01-15 06:47:00,KF-C102,in_use,30.6,50.61,19.89,94.4,89.8,25.26
2024-01-15 06:47:30,KF-C102,in_use,28.87,50.25,19.48,94.34,90.42,27.3
2024-01-15 06:48:00,KF-C102,in_use,28.63,50.41,15.38,94.27,91.38,25.3
2024-01-15 06:48:30,KF-C102,in_use,27.91,50.06,19.46,94.21,93.01,27.05
2024-01-15 06:49:00,KF-C102,in_use,42.91,50.74,20.8,94.16,88.58,25.87
2024-01-15 06:49:30,KF-C102,in_use,36.22,51.39,15.3,94.11,90.36,26.94
2024-01-15 06:50:00,KF-C102,in_use,39.57,51.01,16.06,94.06,90.77,25.89
2024-01-15 06:50:30,KF-C102,in_use,55.04,,17.47,94.01,88.26,26.39
2024-01-15 06:51:00,KF-C102,in_use,35.02,,18.96,93.94,90.14,27.46
2024-01-15 06:51:30,KF-C102,in_use,33.13,50.3,15.97,93.88,87.51,24.89
2024-01-15 06:52:00,KF-C102,in_use,27.94,50.69,20.77,93.83,93.53,28.42
2024-01-15 06:52:30,KF-C102,in_use,,50.23,17.98,93.79,91.12,30.85
2024-01-15 06:53:00,KF-C102,in_use,24.37,50.71,18.02,93.73,92.89,27.36
2024-01-15 06:53:30,KF-C102,in_use,42.42,49.56,18.04,93.67,93.46,28.05
2024-01-15 06:54:00,KF-C102,in_use,33.84,50.51,16.03,93.61,86.49,27.86
2024-01-15 06:54:30,KF-C102,in_use,49.91,50.22,17.58,93.57,93.91,23.73
2024-01-15 06:55:00,KF-C102,in_use,31.51,50.07,18.69,93.5,90.23,25.48
2024-01-15 06:55:30,KF-C102,in_use,14.93,50.32,19.16,93.45,91.44,26.67
2024-01-15 06:56:00,KF-C102,in_use,40.55,50.18,19.39,93.37,90.43,29.38
2024-01-15 06:56:30,KF-C102,in_use,24.38,51.11,20.29,93.31,88.78,24.66
2024-01-15 06:57:00,KF-C102,in_use,39.07,51.15,16.46,93.26,93.29,27.37
2024-01-15 06:57:30,KF-C102,in_use,36.98,50.06,19.12,93.21,92.13,26.72
2024-01-15 06:58:00,KF-C102,in_use,53.45,50.82,,,90.35,28.72
2024-01-15 06:58:30,KF-C102,in_use,43.97,50.47,20.39,93.09,90.32,28.8
2024-01-15 06:59:00,KF-C102,in_use,21.5,50.85,18.65,93.02,88.76,29.76
2024-01-15 06:59:30,KF-C102,in_use,39.08,50.71,17.76,92.96,90.93,
2024-01-15 07:00:00,KF-C102,in_use,47.74,49.92,19.28,92.9,,28.33
2024-01-15 07:00:30,KF-C102,in_use,25.66,50.94,19.13,92.85,92.29,27.29
2024-01-15 07:01:00,KF-C102,in_use,33.89,,19.81,92.79,91.83,26.53
2024-01-15 07:01:30,KF-C102,in_use,36.66,51.09,15.04,92.73,89.5,30.04
2024-01-15 07:02:00,KF-C102,in_use,34.21,49.72,17.38,92.68,92.76,28.08
2024-01-15 07:02:30,KF-C102,in_use,31.02,50.57,,92.61,92.94,24.41
2024-01-15 07:03:00,KF-C102,in_use,35.42,50.35,,92.55,89.42,28.31
2024-01-15 07:03:30,KF-C102,in_use,44.26,50.21,19.91,92.49,93.37,24.67
2024-01-15 07:04:00,KF-C102,in_use,40.43,49.65,17.15,92.43,91.13,26.45
2024-01-15 07:04:30,KF-C102,in_use,45.05,50.17,15.69,92.36,91.99,28.27
2024-01-15 07:05:00,KF-C102,in_use,38.9,50.56,18.66,,91.17,28.37
2024-01-15 07:05:30,KF-C102,in_use,38.05,50.61,16.7,92.22,92.77,24.27
2024-01-15 07:06:00,KF-C102,in_use,31.11,50.78,17.96,92.15,89.91,24.3
2024-01-15 07:06:30,KF-C102,in_use,34.44,50.67,16.52,92.1,90.31,27.24
2024-01-15 07:07:00,KF-C102,in_use,33.8,50.58,18.27,92.04,87.79,23.37
2024-01-15 07:07:30,KF-C102,in_use,37.22,50.52,15.27,91.99,93.12,27.16
2024-01-15 07:08:00,KF-C102,in_use,39.53,49.64,17.26,91.94,92.96,26.23
2024-01-15 07:08:30,KF-C102,in_use,34.45,50.38,19.06,91.88,89.13,24.85
2024-01-15 07:09:00,KF-C102,in_use,34.07,50.11,18.32,91.82,90.15,25.47
2024-01-15 07:09:30,KF-C102,in_use,33.22,50.44,18.87,91.75,,
2024-01-15 07:10:00,KF-C102,in_use,26.3,50.05,,91.7,88.3,26.4
2024-01-15 07:10:30,KF-C102,in_use,32.07,50.51,16.03,91.63,92.25,26.9
2024-01-15 07:11:00,KF-C102,in_use,46.32,,18.69,91.56,89.02,26.71
2024-01-15 07:11:30,KF-C102,in_use,36.9,50.12,16.91,91.51,90.44,29.1
2024-01-15 07:12:00,KF-C102,in_use,37.05,50.77,14.91,91.45,90.27,27.59
2024-01-15 07:12:30,KF-C102,in_use,29.73,50.83,16.17,91.38,91.61,26.9
2024-01-15 07:13:00,KF-C102,in_use,34.21,50.41,21.33,91.31,89.64,25.77
2024-01-15 07:13:30,KF-C102,in_use,34.85,50.97,21.18,91.25,89.63,28.6
2024-01-15 07:14:00,KF-C102,in_use,33.38,50.62,20.3,91.18,91.68,24.4
2024-01-15 07:14:30,KF-C102,in_use,21.39,50.42,19.33,91.12,91.38,30.22
2024-01-15 07:15:00,KF-C102,in_use,37.36,50.5,17.52,91.07,91.98,24.64
2024-01-15 07:15:30,KF-C102,in_use,36.73,50.66,14.35,91.01,,24.03
2024-01-15 07:16:00,KF-C102,in_use,38.38,50.47,17.33,90.96,87.51,25.62
2024-01-15 07:16:30,KF-C102,in_use,34.18,50.66,16.42,90.9,91.91,26.27
2024-01-15 07:17:00,KF-C102,in_use,46.93,50.87,16.96,90.83,87.8,29.98
2024-01-15 07:17:30,KF-C102,in_use,34.14,50.44,18.6,90.76,93.75,26.19
2024-01-15 07:18:00,KF-C102,in_use,40.58,50.04,20.56,90.7,,27.31
2024-01-15 07:18:30,KF-C102,in_use,32.27,50.79,20.76,,89.02,26.31
2024-01-15 07:19:00,KF-C102,in_use,47.26,51.24,19.08,90.57,93.12,26.35
2024-01-15 07:19:30,KF-C102,in_use,34.33,49.62,15.16,90.49,92.36,27.03
2024-01-15 07:20:00,KF-C102,in_use,44.76,50.6,18.55,90.41,,25.94
2024-01-15 07:20:30,KF-C102,in_use,36.99,50.33,14.59,90.36,90.5,26.04
2024-01-15 07:21:00,KF-C102,in_use,32.64,,19.15,90.3,93.8,29.38
2024-01-15 07:21:30,KF-C102,in_use,24.97,50.61,18.68,90.25,88.8,27.09
2024-01-15 07:22:00,KF-C102,in_use,45.06,50.09,17.08,90.2,,26.22
2024-01-15 07:22:30,KF-C102,in_use,33.63,49.82,18.78,90.14,90.82,30.22
2024-01-15 07:23:00,KF-C102,in_use,26.93,51.11,20.83,90.09,86.03,26.08
2024-01-15 07:23:30,KF-C102,in_use,26.03,50.92,14.31,90.05,91.49,28.77
2024-01-15 07:24:00,KF-C102,in_use,44.71,,20.4,89.98,93.41,27.54
2024-01-15 07:24:30,KF-C102,in_use,42.51,49.9,18.36,89.94,90.02,25.75
2024-01-15 07:25:00,KF-C102,in_use,44.42,50.71,14.66,89.89,89.32,24.57
2024-01-15 07:25:30,KF-C102,in_use,32.6,50.65,16.02,89.84,93.66,23.65
2024-01-15 07:26:00,KF-C102,in_use,36.75,50.17,15.81,89.78,96.54,26.5
2024-01-15 07:26:30,KF-C102,in_use,27.54,50.4,14.15,89.72,94.57,26.13
2024-01-15 07:27:00,KF-C102,in_use,31.6,50.31,17.39,89.65,93.29,27.21
2024-01-15 07:27:30,KF-C102,in_use,35.16,50.23,18.67,89.58,,
2024-01-15 07:28:00,KF-C102,in_use,28.92,50.55,15.87,89.53,91.84,28.69
2024-01-15 07:28:30,KF-C102,in_use,36.76,51.27,16.09,89.46,93.16,26.83
2024-01-15 07:29:00,KF-C102,in_use,31.41,50.54,14.77,89.4,88.11,27.72
2024-01-15 07:29:30,KF-C102,in_use,30.4,50.7,17.63,89.34,93.78,26.58
2024-01-15 07:30:00,KF-C102,in_use,35.25,50.63,19.5,89.28,92.22,26.34
2024-01-15 07:30:30,KF-C102,in_use,40.28,50.34,18.62,89.21,93.85,29.83
2024-01-15 07:31:00,KF-C102,in_use,32.42,,18.74,89.14,87.99,26.9
2024-01-15 07:31:30,KF-C102,in_use,18.48,50.34,18.31,89.06,91.0,24.87
2024-01-15 07:32:00,KF-C102,in_use,28.63,,19.62,88.99,90.76,30.03
2024-01-15 07:32:30,KF-C102,in_use,,,19.28,88.93,92.43,26.21
2024-01-15 07:33:00,KF-C102,in_use,25.42,50.34,20.71,88.88,90.93,25.19
2024-01-15 07:33:30,KF-C102,in_use,25.2,51.19,18.77,88.83,91.22,26.5
2024-01-15 07:34:00,KF-C102,in_use,27.18,49.71,22.05,88.77,92.73,25.34
2024-01-15 07:34:30,KF-C102,in_use,41.61,49.8,17.5,88.71,89.06,27.16
2024-01-15 07:35:00,KF-C102,in_use,31.95,50.43,18.83,88.65,89.75,27.46
2024-01-15 07:35:30,KF-C102,in_use,38.05,50.46,18.52,88.59,92.07,24.5
2024-01-15 07:36:00,KF-C102,in_use,29.52,50.66,21.15,88.53,87.28,25.98
2024-01-15 07:36:30,KF-C102,in_use,39.67,49.94,18.55,88.47,88.02,29.59
2024-01-15 07:37:00,KF-C102,in_use,31.54,50.13,15.58,88.41,93.49,28.45
2024-01-15 07:37:30,KF-C102,in_use,49.78,50.45,19.45,88.34,90.19,28.66
2024-01-15 07:38:00,KF-C102,in_use,36.66,51.24,20.38,88.29,90.6,26.19
2024-01-15 07:38:30,KF-C102,in_use,25.49,50.57,17.7,88.23,92.62,29.46
2024-01-15 07:39:00,KF-C102,in_use,28.61,49.98,17.4,88.16,91.66,25.85
2024-01-15 07:39:30,KF-C102,in_use,40.37,50.25,13.89,88.09,91.72,27.14
2024-01-15 07:40:00,KF-C102,in_use,23.22,50.27,17.33,88.02,90.37,25.39
2024-01-15 07:40:30,KF-C102,in_use,27.11,51.36,17.24,87.96,90.25,25.88
2024-01-15 07:41:00,KF-C102,in_use,26.34,51.09,15.18,87.9,87.93,27.54
2024-01-15 07:41:30,KF-C102,in_use,42.01,51.0,20.27,87.84,91.21,26.1
2024-01-15 07:42:00,KF-C102,in_use,36.52,50.84,21.05,87.79,85.4,27.87
2024-01-15 07:42:30,KF-C102,in_use,31.4,50.91,15.66,,93.05,25.7
2024-01-15 07:43:00,KF-C102,in_use,25.18,50.57,22.8,87.67,89.27,31.08
2024-01-15 07:43:30,KF-C102,in_use,34.45,50.47,20.99,87.62,89.78,26.52
2024-01-15 07:44:00,KF-C102,in_use,39.02,50.63,18.43,87.56,93.25,28.35
2024-01-15 07:44:30,KF-C102,in_use,45.44,50.48,,87.5,90.31,27.45
2024-01-15 07:45:00,KF-C102,in_use,36.5,50.09,14.8,87.44,92.25,29.97
2024-01-15 07:45:30,KF-C102,in_use,42.9,50.19,19.98,87.39,87.23,23.95
2024-01-15 07:46:00,KF-C102,in_use,33.15,50.55,19.23,87.33,93.41,24.02
2024-01-15 07:46:30,KF-C102,in_use,47.46,49.96,,87.26,88.91,28.36
2024-01-15 07:47:00,KF-C102,in_use,37.07,50.74,16.77,87.21,90.35,27.48
2024-01-15 07:47:30,KF-C102,in_use,28.99,50.5,15.25,87.16,90.07,27.78
2024-01-15 07:48:00,KF-C102,in_use,38.35,50.87,18.81,87.1,89.37,24.67
2024-01-15 07:48:30,KF-C102,in_use,29.54,50.31,18.29,87.03,88.85,27.67
2024-01-15 07:49:00,KF-C102,in_use,23.64,50.58,18.65,86.98,91.3,26.4
2024-01-15 07:49:30,KF-C102,in_use,23.6,50.38,21.17,86.92,91.8,27.33
2024-01-15 07:50:00,KF-C102,in_use,22.62,50.58,,86.86,87.87,25.8
2024-01-15 07:50:30,KF-C102,in_use,41.58,50.57,16.09,86.8,89.82,29.49
2024-01-15 07:51:00,KF-C102,in_use,53.45,50.83,15.38,86.75,91.31,28.95
2024-01-15 07:51:30,KF-C102,in_use,38.08,50.45,18.41,86.68,,27.0
2024-01-15 07:52:00,KF-C102,in_use,28.55,50.43,14.93,86.62,87.62,25.8
2024-01-15 07:52:30,KF-C102,in_use,31.36,51.37,20.11,86.56,93.05,29.34
2024-01-15 07:53:00,KF-C102,in_use,31.55,50.61,18.5,86.51,89.34,28.37
2024-01-15 07:53:30,KF-C102,in_use,28.14,,22.11,86.45,92.21,27.95
2024-01-15 07:54:00,KF-C102,in_use,37.57,50.65,17.38,86.39,91.12,24.54
2024-01-15 07:54:30,KF-C102,in_use,26.12,50.52,17.51,86.31,88.6,27.9
2024-01-15 07:55:00,KF-C102,in_use,45.02,50.35,17.57,86.24,90.73,25.44
2024-01-15 07:55:30,KF-C102,in_use,42.48,50.05,17.92,86.18,92.94,24.48
2024-01-15 07:56:00,KF-C102,in_use,29.26,50.76,18.58,86.11,93.63,25.92
2024-01-15 07:56:30,KF-C102,in_use,21.25,50.52,16.96,86.04,89.33,26.53
2024-01-15 07:57:00,KF-C102,in_use,40.26,50.52,18.25,,91.62,28.72
2024-01-15 07:57:30,KF-C102,in_use,51.18,50.42,14.44,85.91,86.31,25.77
2024-01-15 07:58:00,KF-C102,in_use,27.88,50.6,19.39,85.86,91.78,24.93
2024-01-15 07:58:30,KF-C102,in_use,40.51,51.14,19.0,85.8,90.03,26.98
2024-01-15 07:59:00,KF-C102,in_use,47.12,51.17,16.2,85.75,88.97,23.48
2024-01-15 07:59:30,KF-C102,in_use,32.03,50.11,16.46,85.7,93.87,27.38
2024-01-15 08:00:00,KF-C102,in_use,38.97,50.23,17.39,85.64,89.81,27.22
2024-01-15 08:00:30,KF-C102,in_use,42.38,49.97,17.07,85.57,92.65,27.08
2024-01-15 08:01:00,KF-C102,in_use,45.89,50.81,20.96,85.51,91.49,26.49
2024-01-15 08:01:30,KF-C102,in_use,39.03,49.71,17.01,85.45,90.39,26.37
2024-01-15 08:02:00,KF-C102,in_use,32.93,50.17,18.24,85.39,91.9,27.42
2024-01-15 08:02:30,KF-C102,in_use,26.16,50.41,14.64,85.33,91.96,24.12
2024-01-15 08:03:00,KF-C102,in_use,,50.59,17.29,85.26,90.12,24.77
2024-01-15 08:03:30,KF-C102,in_use,42.34,50.24,15.84,85.21,91.72,24.92
2024-01-15 08:04:00,KF-C102,in_use,27.25,50.81,21.01,85.16,90.12,24.72
2024-01-15 08:04:30,KF-C102,in_use,,50.34,16.83,85.1,93.81,27.4
2024-01-15 08:05:00,KF-C102,in_use,39.5,50.47,20.63,85.04,89.61,30.73
2024-01-15 08:05:30,KF-C102,in_use,28.98,51.5,,84.99,92.4,23.78
2024-01-15 08:06:00,KF-C102,in_use,38.78,50.57,15.7,,91.65,24.93
2024-01-15 08:06:30,KF-C102,in_use,26.58,50.02,14.33,84.9,93.04,24.41
2024-01-15 08:07:00,KF-C102,in_use,25.65,49.81,17.21,84.84,91.07,25.29
2024-01-15 08:07:30,KF-C102,in_use,39.02,49.9,17.66,84.77,91.57,26.8
2024-01-15 08:08:00,KF-C102,in_use,49.16,50.76,18.71,84.7,89.68,26.6
2024-01-15 08:08:30,KF-C102,in_use,40.89,50.25,23.83,84.64,88.45,24.83
2024-01-15 08:09:00,KF-C102,in_use,,50.93,17.96,84.58,90.33,28.13
2024-01-15 08:09:30,KF-C102,in_use,37.33,50.7,18.11,84.52,91.0,29.39
2024-01-15 08:10:00,KF-C102,in_use,40.36,49.73,16.07,84.46,92.79,21.52
2024-01-15 08:10:30,KF-C102,in_use,45.2,50.23,,84.39,89.93,25.36
2024-01-15 08:11:00,KF-C102,in_use,23.08,50.96,17.63,84.33,87.99,28.68
2024-01-15 08:11:30,KF-C102,in_use,31.17,51.15,16.96,84.26,88.34,28.26
2024-01-15 08:12:00,KF-C102,in_use,39.22,,15.3,,92.37,26.48
2024-01-15 08:12:30,KF-C102,in_use,39.73,,18.8,84.15,,26.75
2024-01-15 08:13:00,KF-C102,in_use,32.06,51.29,19.88,84.1,89.48,28.14
2024-01-15 08:13:30,KF-C102,in_use,,50.55,18.63,84.03,90.81,27.02
2024-01-15 08:14:00,KF-C102,in_use,27.96,50.54,17.46,83.97,86.29,30.15
2024-01-15 08:14:30,KF-C102,in_use,50.1,50.6,15.45,83.92,,27.77
2024-01-15 08:15:00,KF-C102,in_use,30.47,50.24,19.83,83.86,93.45,23.66
2024-01-15 08:15:30,KF-C102,in_use,36.46,50.56,19.0,83.81,92.03,29.13
2024-01-15 08:16:00,KF-C102,in_use,36.6,50.17,21.25,83.75,89.94,24.75
2024-01-15 08:16:30,KF-C102,in_use,31.39,50.24,16.06,83.71,92.23,25.65
2024-01-15 08:17:00,KF-C102,in_use,36.13,50.45,16.28,83.67,92.39,
2024-01-15 08:17:30,KF-C102,in_use,35.7,50.6,15.51,83.61,89.11,28.29
2024-01-15 08:18:00,KF-C102,in_use,28.81,50.63,16.87,,,28.15
2024-01-15 08:18:30,KF-C102,in_use,33.63,51.44,19.9,83.5,89.16,27.2
2024-01-15 08:19:00,KF-C102,in_use,15.07,50.94,17.28,83.42,92.43,
2024-01-15 08:19:30,KF-C102,in_use,34.49,50.98,18.03,83.36,90.16,29.09
2024-01-15 08:20:00,KF-C102,in_use,26.43,50.5,17.61,83.31,93.54,27.43
2024-01-15 08:20:30,KF-C102,in_use,27.36,50.48,17.0,83.24,93.21,24.5
2024-01-15 08:21:00,KF-C102,in_use,,51.15,16.68,,90.36,25.92
2024-01-15 08:21:30,KF-C102,in_use,41.19,50.36,17.55,83.14,91.91,25.41
2024-01-15 08:22:00,KF-C102,in_use,31.56,49.99,,83.06,89.63,25.31
2024-01-15 08:22:30,KF-C102,in_use,44.79,50.71,18.19,82.99,90.01,25.09
2024-01-15 08:23:00,KF-C102,in_use,43.85,49.96,19.22,82.94,92.14,27.14
2024-01-15 08:23:30,KF-C102,in_use,26.3,50.22,17.48,82.88,88.03,27.17
2024-01-15 08:24:00,KF-C102,in_use,35.18,50.34,14.23,82.81,91.98,24.74
2024-01-15 08:24:30,KF-C102,in_use,25.97,49.88,22.23,82.74,90.18,27.29
2024-01-15 08:25:00,KF-C102,in_use,44.04,51.12,16.95,,90.13,28.63
2024-01-15 08:25:30,KF-C102,in_use,20.45,49.94,18.37,82.6,,21.38
2024-01-15 08:26:00,KF-C102,in_use,31.9,50.22,15.18,82.54,88.4,24.08
2024-01-15 08:26:30,KF-C102,in_use,31.49,50.52,17.7,82.47,95.6,24.12
2024-01-15 08:27:00,KF-C102,in_use,31.16,49.76,16.96,82.39,88.58,27.82
2024-01-15 08:27:30,KF-C102,in_use,26.29,50.31,13.56,82.31,89.32,24.47
2024-01-15 08:28:00,KF-C102,in_use,34.35,50.63,19.0,82.24,92.0,28.77
2024-01-15 08:28:30,KF-C102,in_use,36.46,50.68,17.78,82.2,93.27,25.66
2024-01-15 08:29:00,KF-C102,in_use,37.99,51.01,14.22,82.14,90.16,27.9
2024-01-15 08:29:30,KF-C102,in_use,45.4,50.87,21.62,82.08,93.43,27.21
2024-01-15 08:30:00,KF-C102,in_use,31.32,,16.8,82.03,93.14,26.58
2024-01-15 08:30:30,KF-C102,in_use,50.71,50.35,14.95,81.96,90.56,27.47
2024-01-15 08:31:00,KF-C102,in_use,46.47,50.77,15.64,81.91,93.81,27.49
2024-01-15 08:31:30,KF-C102,in_use,35.53,50.81,17.88,81.86,89.25,25.16
2024-01-15 08:32:00,KF-C102,in_use,30.76,50.17,18.19,81.79,90.64,28.56
2024-01-15 08:32:30,KF-C102,in_use,30.91,50.93,17.82,81.72,92.37,24.85
2024-01-15 08:33:00,KF-C102,in_use,30.53,50.33,20.54,81.65,92.18,25.59
2024-01-15 08:33:30,KF-C102,in_use,23.55,50.4,14.96,81.61,91.09,28.5
2024-01-15 08:34:00,KF-C102,in_use,40.11,50.33,15.04,81.56,86.42,24.78
2024-01-15 08:34:30,KF-C102,in_use,27.12,51.1,16.0,81.53,90.18,24.09
2024-01-15 08:35:00,KF-C102,in_use,33.55,49.74,17.68,,91.65,29.2
2024-01-15 08:35:30,KF-C102,in_use,33.84,50.66,16.19,81.42,92.87,27.87
2024-01-15 08:36:00,KF-C102,in_use,41.36,50.99,21.16,81.34,,29.7
2024-01-15 08:36:30,KF-C102,in_use,38.12,50.0,14.74,81.28,89.52,28.62
2024-01-15 08:37:00,KF-C102,in_use,32.93,50.52,18.88,81.23,92.71,26.44
2024-01-15 08:37:30,KF-C102,in_use,30.46,,18.09,81.16,92.86,25.68
2024-01-15 08:38:00,KF-C102,in_use,34.2,50.32,17.32,81.1,91.19,27.4
2024-01-15 08:38:30,KF-C102,in_use,26.08,50.35,18.56,81.04,89.89,25.81
2024-01-15 08:39:00,KF-C102,in_use,29.49,50.28,16.81,80.99,88.44,24.75
2024-01-15 08:39:30,KF-C102,in_use,31.95,51.01,20.59,80.93,90.44,25.74
2024-01-15 08:40:00,KF-C102,in_use,28.49,50.63,,80.88,92.99,25.93
2024-01-15 08:40:30,KF-C102,in_use,34.6,50.57,16.41,80.8,89.58,28.19
2024-01-15 08:41:00,KF-C102,in_use,46.35,50.77,19.97,80.76,88.32,25.23
2024-01-15 08:41:30,KF-C102,in_use,28.3,51.03,19.29,,91.17,27.95
2024-01-15 08:42:00,KF-C102,in_use,32.31,,16.62,80.65,89.65,26.25
2024-01-15 08:42:30,KF-C102,in_use,34.34,50.17,18.67,80.61,89.91,25.61
2024-01-15 08:43:00,KF-C102,in_use,34.72,50.09,17.43,80.55,94.25,24.28
2024-01-15 08:43:30,KF-C102,in_use,28.83,50.08,17.58,80.5,90.19,30.7
2024-01-15 08:44:00,KF-C102,in_use,40.49,49.5,19.32,80.44,88.77,24.9
2024-01-15 08:44:30,KF-C102,in_use,28.96,50.22,20.05,80.36,92.69,27.63
2024-01-15 08:45:00,KF-C102,in_use,11.21,,18.58,80.31,91.58,26.66
2024-01-15 08:45:30,KF-C102,in_use,38.02,51.23,18.99,80.25,89.06,27.5
2024-01-15 08:46:00,KF-C102,in_use,16.26,50.34,19.07,80.19,92.89,27.39
2024-01-15 08:46:30,KF-C102,in_use,30.24,49.98,18.48,80.13,91.65,29.36
2024-01-15 08:47:00,KF-C102,in_use,43.89,50.93,17.58,80.07,90.07,25.53
2024-01-15 08:47:30,KF-C102,in_use,42.53,50.43,16.51,,88.34,29.62
2024-01-15 08:48:00,KF-C102,in_use,36.0,50.59,15.17,79.93,,27.49
2024-01-15 08:48:30,KF-C102,in_use,27.98,50.45,18.87,79.88,91.33,25.51
2024-01-15 08:49:00,KF-C102,in_use,46.64,50.43,22.34,79.83,93.89,23.66
2024-01-15 08:49:30,KF-C102,in_use,28.28,50.27,19.63,,88.64,25.75
2024-01-15 08:50:00,KF-C102,in_use,45.17,50.38,18.91,79.72,,27.82
2024-01-15 08:50:30,KF-C102,in_use,29.76,50.28,15.88,79.65,88.65,30.12
2024-01-15 08:51:00,KF-C102,in_use,36.77,49.32,21.21,79.59,91.98,27.66
2024-01-15 08:51:30,KF-C102,in_use,39.49,50.65,16.02,79.54,89.07,27.47
2024-01-15 08:52:00,KF-C102,in_use,33.46,50.16,19.93,79.49,91.07,26.23
2024-01-15 08:52:30,KF-C102,in_use,38.31,50.76,18.63,79.43,93.12,28.8
2024-01-15 08:53:00,KF-C102,in_use,37.9,50.57,15.31,,89.08,24.64
2024-01-15 08:53:30,KF-C102,in_use,24.4,50.97,,79.28,89.61,27.68
2024-01-15 08:54:00,KF-C102,in_use,26.69,50.34,17.66,79.21,92.31,30.61
2024-01-15 08:54:30,KF-C102,in_use,24.84,50.46,17.77,79.14,92.79,27.67
2024-01-15 08:55:00,KF-C102,in_use,32.11,49.15,17.1,,92.53,26.22
2024-01-15 08:55:30,KF-C102,in_use,41.6,50.44,17.44,79.04,90.44,25.77
2024-01-15 08:56:00,KF-C102,in_use,42.25,50.23,17.76,78.99,93.73,26.91
2024-01-15 08:56:30,KF-C102,in_use,42.96,50.77,19.16,,92.01,29.22
2024-01-15 08:57:00,KF-C102,in_use,40.14,50.13,17.46,78.88,90.85,23.68
2024-01-15 08:57:30,KF-C102,in_use,32.91,50.62,16.82,78.82,91.39,26.71
2024-01-15 08:58:00,KF-C102,in_use,,50.41,20.28,78.76,90.29,27.45
2024-01-15 08:58:30,KF-C102,in_use,45.38,50.59,17.81,78.7,93.47,26.48
2024-01-15 08:59:00,KF-C102,in_use,32.56,49.41,18.01,78.63,90.08,24.87
2024-01-15 08:59:30,KF-C102,in_use,37.25,50.94,20.47,78.56,94.74,
2024-01-15 09:00:00,KF-C102,in_use,40.67,51.26,18.02,78.5,91.85,25.04
2024-01-15 09:00:30,KF-C102,in_use,29.84,50.29,15.27,,89.43,30.9
2024-01-15 09:01:00,KF-C102,in_use,44.42,49.79,15.54,78.36,89.39,26.06
2024-01-15 09:01:30,KF-C102,in_use,36.75,50.21,13.65,,89.01,25.9
2024-01-15 09:02:00,KF-C102,in_use,31.07,50.45,15.85,78.26,89.3,24.38
2024-01-15 09:02:30,KF-C102,in_use,42.25,50.47,16.41,78.19,91.76,28.38
2024-01-15 09:03:00,KF-C102,in_use,36.07,50.18,17.08,78.12,,27.68
2024-01-15 09:03:30,KF-C102,in_use,36.84,51.85,19.03,,,25.97
2024-01-15 09:04:00,KF-C102,in_use,32.81,51.05,18.5,78.0,88.32,28.08
2024-01-15 09:04:30,KF-C102,in_use,35.43,,18.58,77.93,93.66,25.82
2024-01-15 09:05:00,KF-C102,in_use,33.19,50.32,21.44,77.87,88.42,29.51
2024-01-15 09:05:30,KF-C102,in_use,34.93,50.73,18.11,77.8,91.96,26.95
2024-01-15 09:06:00,KF-C102,in_use,39.84,49.95,18.82,77.74,92.05,22.22
2024-01-15 09:06:30,KF-C102,in_use,34.69,50.44,16.57,77.68,89.72,24.84
2024-01-15 09:07:00,KF-C102,in_use,,50.24,,77.61,91.8,27.5
2024-01-15 09:07:30,KF-C102,in_use,36.47,50.41,17.32,77.54,88.69,26.26
2024-01-15 09:08:00,KF-C102,in_use,32.85,49.63,17.89,77.48,87.64,24.58
2024-01-15 09:08:30,KF-C102,in_use,30.65,49.95,19.19,77.41,90.22,28.65
2024-01-15 09:09:00,KF-C102,in_use,54.53,51.27,19.66,77.35,89.52,26.24
2024-01-15 09:09:30,KF-C102,in_use,32.39,50.4,18.25,77.28,93.57,26.75
2024-01-15 09:10:00,KF-C102,in_use,44.37,49.99,15.55,,91.03,27.67
2024-01-15 09:10:30,KF-C102,in_use,29.98,50.17,18.36,77.15,91.45,29.6
2024-01-15 09:11:00,KF-C102,in_use,31.2,50.4,17.13,77.1,92.11,27.84
2024-01-15 09:11:30,KF-C102,in_use,44.48,50.9,18.19,77.03,89.66,24.21
2024-01-15 09:12:00,KF-C102,in_use,45.53,50.01,16.17,77.0,89.36,27.67
2024-01-15 09:12:30,KF-C102,in_use,29.96,50.89,20.79,76.95,94.11,27.37
2024-01-15 09:13:00,KF-C102,in_use,36.49,50.59,15.03,76.88,93.9,25.1
2024-01-15 09:13:30,KF-C102,in_use,38.44,50.67,13.97,76.81,91.24,24.77
2024-01-15 09:14:00,KF-C102,in_use,36.48,,16.65,76.76,92.99,26.49
2024-01-15 09:14:30,KF-C102,in_use,44.73,50.45,18.92,76.7,90.13,27.93
2024-01-15 09:15:00,KF-C102,in_use,39.52,51.43,20.59,76.66,91.03,28.73
2024-01-15 09:15:30,KF-C102,in_use,20.15,50.06,18.2,76.59,89.91,24.84
2024-01-15 09:16:00,KF-C102,in_use,40.31,50.69,16.17,76.5,90.27,27.06
2024-01-15 09:16:30,KF-C102,in_use,32.48,50.43,16.06,76.43,95.35,23.35
2024-01-15 09:17:00,KF-C102,in_use,,51.47,18.74,76.37,92.95,27.36
2024-01-15 09:17:30,KF-C102,in_use,47.08,50.7,19.44,76.34,93.29,26.87
2024-01-15 09:18:00,KF-C102,in_use,37.14,49.65,16.62,76.27,93.93,29.19
2024-01-15 09:18:30,KF-C102,in_use,35.81,50.84,16.92,76.21,90.8,23.63
2024-01-15 09:19:00,KF-C102,in_use,35.13,50.06,16.08,76.16,89.02,26.43
2024-01-15 09:19:30,KF-C102,in_use,32.56,50.27,21.52,76.09,93.97,26.06
2024-01-15 09:20:00,KF-C102,in_use,39.83,49.84,21.1,76.02,92.03,28.5
2024-01-15 09:20:30,KF-C102,in_use,44.13,,14.66,75.96,91.74,25.53
2024-01-15 09:21:00,KF-C102,in_use,,51.07,16.61,,92.06,29.71
2024-01-15 09:21:30,KF-C102,in_use,26.76,50.87,17.61,75.82,89.45,26.77
2024-01-15 09:22:00,KF-C102,in_use,25.2,50.49,17.77,75.76,90.78,26.77
2024-01-15 09:22:30,KF-C102,in_use,37.4,50.76,20.95,75.72,89.15,26.48
2024-01-15 09:23:00,KF-C102,in_use,35.55,49.8,18.17,75.65,90.86,28.45
2024-01-15 09:23:30,KF-C102,in_use,39.63,51.02,16.67,75.59,,26.86
2024-01-15 09:24:00,KF-C102,in_use,20.31,50.05,18.46,75.53,89.69,29.22
2024-01-15 09:24:30,KF-C102,in_use,47.61,51.03,16.9,75.47,87.27,25.48
2024-01-15 09:25:00,KF-C102,in_use,35.58,49.93,18.43,75.42,93.15,28.74
2024-01-15 09:25:30,KF-C102,in_use,40.16,50.86,18.84,75.35,91.24,28.32
2024-01-15 09:26:00,KF-C102,in_use,26.05,51.17,18.0,75.28,89.36,27.25
2024-01-15 09:26:30,KF-C102,in_use,34.82,51.25,18.21,75.22,92.2,25.05
2024-01-15 09:27:00,KF-C102,in_use,,49.59,17.57,75.17,91.94,27.3
2024-01-15 09:27:30,KF-C102,in_use,33.1,50.34,18.06,75.1,91.84,24.97
2024-01-15 09:28:00,KF-C102,in_use,37.7,51.17,,75.04,91.82,25.28
2024-01-15 09:28:30,KF-C102,in_use,37.39,50.53,,74.98,90.34,27.16
2024-01-15 09:29:00,KF-C102,in_use,32.12,50.13,17.44,74.9,90.23,26.51
2024-01-15 09:29:30,KF-C102,in_use,16.85,,23.16,74.85,92.09,23.38
2024-01-15 09:30:00,KF-C102,in_use,33.92,,18.52,74.8,92.55,28.68
2024-01-15 09:30:30,KF-C102,in_use,36.07,50.3,18.15,74.75,95.88,27.6
2024-01-15 09:31:00,KF-C102,in_use,31.99,50.82,16.86,74.68,89.72,30.32
2024-01-15 09:31:30,KF-C102,in_use,41.3,51.31,18.09,74.62,92.15,24.1
2024-01-15 09:32:00,KF-C102,in_use,28.35,51.05,18.79,74.56,89.33,29.13
2024-01-15 09:32:30,KF-C102,in_use,35.62,50.65,12.58,74.49,91.53,24.1
2024-01-15 09:33:00,KF-C102,in_use,36.63,50.64,22.47,74.44,88.34,26.43
2024-01-15 09:33:30,KF-C102,in_use,35.62,51.52,21.42,74.37,,
2024-01-15 09:34:00,KF-C102,in_use,31.75,50.68,15.64,74.32,90.85,
2024-01-15 09:34:30,KF-C102,in_use,35.13,50.74,17.93,74.26,,26.18
2024-01-15 09:35:00,KF-C102,in_use,39.95,50.76,18.43,74.21,89.81,28.06
2024-01-15 09:35:30,KF-C102,in_use,,50.67,15.65,74.14,90.75,26.84
2024-01-15 09:36:00,KF-C102,in_use,48.88,50.63,17.8,74.09,90.8,28.62
2024-01-15 09:36:30,KF-C102,in_use,43.14,50.93,20.22,74.03,93.17,25.68
2024-01-15 09:37:00,KF-C102,in_use,30.38,50.26,18.44,73.99,92.35,
2024-01-15 09:37:30,KF-C102,in_use,37.77,50.7,20.97,73.93,92.41,28.62
2024-01-15 09:38:00,KF-C102,in_use,,51.17,19.45,73.87,93.52,27.19
2024-01-15 09:38:30,KF-C102,in_use,,50.99,13.96,73.8,92.18,24.38
2024-01-15 09:39:00,KF-C102,in_use,,49.85,16.16,73.74,90.7,29.22
2024-01-15 09:39:30,KF-C102,in_use,35.89,50.7,,73.68,90.09,28.01
2024-01-15 09:40:00,KF-C102,in_use,28.93,50.88,17.84,73.63,91.57,26.39
2024-01-15 09:40:30,KF-C102,in_use,50.68,50.08,18.74,73.57,90.23,27.87
2024-01-15 09:41:00,KF-C102,in_use,37.94,50.36,19.4,73.49,93.15,28.63
2024-01-15 09:41:30,KF-C102,in_use,40.6,50.54,19.42,73.44,89.68,27.34
2024-01-15 09:42:00,KF-C102,in_use,29.48,50.47,18.16,73.38,96.05,27.74
2024-01-15 09:42:30,KF-C102,in_use,22.83,,18.61,73.32,90.79,24.21
2024-01-15 09:43:00,KF-C102,in_use,23.58,50.68,20.15,73.27,91.52,28.6
2024-01-15 09:43:30,KF-C102,in_use,28.21,50.63,21.36,73.21,88.38,27.96
2024-01-15 09:44:00,KF-C102,in_use,45.39,49.95,17.99,,86.68,29.46
2024-01-15 09:44:30,KF-C102,in_use,35.42,50.72,17.65,73.1,92.89,27.89
2024-01-15 09:45:00,KF-C102,in_use,37.48,50.16,,73.03,90.69,25.9
2024-01-15 09:45:30,KF-C102,in_use,26.31,50.76,19.84,72.97,94.12,32.89
2024-01-15 09:46:00,KF-C102,in_use,,51.45,19.71,72.92,87.63,25.58
2024-01-15 09:46:30,KF-C102,in_use,19.42,50.94,16.9,72.86,87.99,27.29
2024-01-15 09:47:00,KF-C102,in_use,33.71,50.58,20.05,72.82,90.57,27.54
2024-01-15 09:47:30,KF-C102,in_use,33.88,50.6,15.16,,90.34,25.77
2024-01-15 09:48:00,KF-C102,in_use,42.82,50.36,16.73,72.68,89.44,28.29
2024-01-15 09:48:30,KF-C102,in_use,40.46,50.72,21.79,72.61,94.27,27.88
2024-01-15 09:49:00,KF-C102,in_use,44.35,50.75,19.65,72.55,87.04,26.17
2024-01-15 09:49:30,KF-C102,in_use,32.07,50.15,18.29,72.49,92.01,28.34
2024-01-15 09:50:00,KF-C102,in_use,38.91,50.35,17.34,72.43,89.54,28.54
2024-01-15 09:50:30,KF-C102,in_use,29.82,,17.61,72.37,92.85,28.13
2024-01-15 09:51:00,KF-C102,in_use,39.17,,,72.31,90.5,28.17
2024-01-15 09:51:30,KF-C102,in_use,37.36,50.72,16.09,72.26,89.31,27.12
2024-01-15 09:52:00,KF-C102,in_use,29.54,,17.85,72.2,90.34,24.19
2024-01-15 09:52:30,KF-C102,in_use,45.68,50.22,17.68,72.15,94.57,26.67
2024-01-15 09:53:00,KF-C102,in_use,16.81,50.84,16.33,72.09,89.33,23.27
2024-01-15 09:53:30,KF-C102,in_use,30.68,51.01,17.66,72.02,89.09,
2024-01-15 09:54:00,KF-C102,in_use,32.44,50.21,18.17,71.97,90.52,26.45
2024-01-15 09:54:30,KF-C102,in_use,37.47,50.59,19.35,71.91,91.59,25.71
2024-01-15 09:55:00,KF-C102,in_use,37.56,50.42,20.82,71.85,92.1,25.94
2024-01-15 09:55:30,KF-C102,in_use,20.65,49.89,22.37,71.79,89.07,26.68
2024-01-15 09:56:00,KF-C102,in_use,47.21,51.09,15.91,71.73,91.63,27.31
2024-01-15 09:56:30,KF-C102,in_use,33.23,50.71,14.44,71.67,90.53,26.73
2024-01-15 09:57:00,KF-C102,in_use,,50.78,18.25,71.6,88.82,24.13
2024-01-15 09:57:30,KF-C102,in_use,,50.2,16.04,71.55,90.72,29.34
2024-01-15 09:58:00,KF-C102,in_use,28.76,50.36,19.68,71.49,90.69,
2024-01-15 09:58:30,KF-C102,in_use,35.03,50.12,16.89,71.44,,28.31
2024-01-15 09:59:00,KF-C102,in_use,,50.22,14.93,71.36,92.41,27.65
2024-01-15 09:59:30,KF-C102,in_use,32.41,50.24,16.48,71.31,90.54,27.34
2024-01-15 10:00:00,KF-C102,in_use,,50.5,17.98,,88.76,
2024-01-15 10:00:30,KF-C102,in_use,26.18,50.71,17.3,71.21,87.66,26.05
2024-01-15 10:01:00,KF-C102,in_use,47.47,50.0,15.72,71.15,91.7,26.22
2024-01-15 10:01:30,KF-C102,in_use,22.15,50.03,20.81,,89.35,32.94
2024-01-15 10:02:00,KF-C102,in_use,41.27,51.0,17.75,71.02,90.27,26.31
2024-01-15 10:02:30,KF-C102,in_use,36.75,,21.11,70.94,91.15,27.98
2024-01-15 10:03:00,KF-C102,in_use,,50.21,17.91,70.88,86.33,27.86
2024-01-15 10:03:30,KF-C102,in_use,50.43,50.44,16.07,70.82,91.05,29.77
2024-01-15 10:04:00,KF-C102,in_use,33.11,50.62,21.22,70.75,,26.09
2024-01-15 10:04:30,KF-C102,in_use,45.88,51.1,18.76,70.7,91.32,30.23
2024-01-15 10:05:00,KF-C102,in_use,31.8,50.14,17.33,70.65,90.27,25.73
2024-01-15 10:05:30,KF-C102,in_use,39.02,50.45,18.26,70.6,90.38,26.66
2024-01-15 10:06:00,KF-C102,in_use,40.18,50.92,18.4,70.54,91.96,27.31
2024-01-15 10:06:30,KF-C102,in_use,15.32,,17.81,70.48,90.19,27.26
2024-01-15 10:07:00,KF-C102,in_use,23.91,50.43,19.01,70.42,88.98,25.46
2024-01-15 10:07:30,KF-C102,in_use,32.86,50.45,19.73,70.35,91.32,27.18
2024-01-15 10:08:00,KF-C102,in_use,24.12,50.12,17.9,70.3,92.38,28.99
2024-01-15 10:08:30,KF-C102,in_use,23.34,50.34,17.63,70.22,89.46,25.74
2024-01-15 10:09:00,KF-C102,in_use,37.45,51.29,16.41,70.16,91.29,26.14
2024-01-15 10:09:30,KF-C102,in_use,25.55,49.8,17.2,70.09,91.84,
2024-01-15 10:10:00,KF-C102,in_use,36.47,50.51,18.38,70.03,90.51,27.23
2024-01-15 10:10:30,KF-C102,in_use,33.77,50.07,20.54,69.97,85.43,26.83
2024-01-15 10:11:00,KF-C102,in_use,32.05,50.58,13.93,69.9,89.05,28.95
2024-01-15 10:11:30,KF-C102,in_use,55.03,50.11,16.73,,86.49,30.21
2024-01-15 10:12:00,KF-C102,in_use,33.32,50.34,18.45,69.78,93.86,26.39
2024-01-15 10:12:30,KF-C102,in_use,25.97,51.07,16.55,69.71,91.39,28.28
2024-01-15 10:13:00,KF-C102,in_use,42.51,50.44,,,91.99,24.84
2024-01-15 10:13:30,KF-C102,in_use,38.16,50.16,15.67,69.59,91.56,26.64
2024-01-15 10:14:00,KF-C102,in_use,44.51,50.19,,69.51,88.66,23.38
2024-01-15 10:14:30,KF-C102,in_use,48.12,,15.09,69.46,90.62,27.58
2024-01-15 10:15:00,KF-C102,in_use,36.58,50.59,,69.4,88.45,24.36
2024-01-15 10:15:30,KF-C102,in_use,,50.09,18.34,69.36,91.27,26.55
2024-01-15 10:16:00,KF-C102,in_use,,49.97,16.46,69.3,90.3,28.99
2024-01-15 10:16:30,KF-C102,in_use,46.84,49.85,14.46,69.24,90.87,24.57
2024-01-15 10:17:00,KF-C102,in_use,32.77,50.54,17.48,69.17,89.34,24.83
2024-01-15 10:17:30,KF-C102,in_use,45.77,49.91,13.54,69.11,89.56,25.75
2024-01-15 10:18:00,KF-C102,in_use,18.85,50.54,18.78,69.04,89.27,29.55
2024-01-15 10:18:30,KF-C102,in_use,40.23,51.35,15.55,68.99,93.05,25.01
2024-01-15 10:19:00,KF-C102,in_use,27.5,49.92,16.75,68.91,91.96,25.29
2024-01-15 10:19:30,KF-C102,in_use,,50.96,19.58,68.85,92.57,24.7
2024-01-15 10:20:00,KF-C102,in_use,24.75,50.14,19.58,68.79,92.63,23.19
2024-01-15 10:20:30,KF-C102,in_use,45.4,50.99,16.91,68.76,90.84,25.95
2024-01-15 10:21:00,KF-C102,in_use,22.11,50.44,16.23,68.71,89.37,26.3
2024-01-15 10:21:30,KF-C102,in_use,29.74,49.8,20.15,68.66,90.32,26.49
2024-01-15 10:22:00,KF-C102,in_use,41.44,50.27,18.66,68.6,92.02,25.85
2024-01-15 10:22:30,KF-C102,in_use,40.62,50.14,17.03,68.53,,25.05
2024-01-15 10:23:00,KF-C102,in_use,37.26,50.6,22.33,68.45,89.2,26.96
2024-01-15 10:23:30,KF-C102,in_use,39.19,50.69,20.3,68.37,91.13,30.36
2024-01-15 10:24:00,KF-C102,in_use,,50.61,18.91,68.31,92.4,27.92
2024-01-15 10:24:30,KF-C102,in_use,43.24,50.3,16.5,68.26,90.75,26.16
2024-01-15 10:25:00,KF-C102,in_use,38.61,50.99,19.27,68.21,94.12,25.64
2024-01-15 10:25:30,KF-C102,in_use,35.89,50.64,,68.16,87.3,28.64
2024-01-15 10:26:00,KF-C102,in_use,41.98,51.57,16.79,68.1,94.49,26.88
2024-01-15 10:26:30,KF-C102,in_use,37.8,50.92,17.01,68.07,88.34,28.88
2024-01-15 10:27:00,KF-C102,in_use,31.69,,17.71,,91.07,29.18
2024-01-15 10:27:30,KF-C102,in_use,37.8,50.27,17.08,67.95,92.58,27.5
2024-01-15 10:28:00,KF-C102,in_use,24.88,49.88,20.3,67.87,90.84,26.27
2024-01-15 10:28:30,KF-C102,in_use,40.2,50.27,24.08,67.83,89.06,29.3
2024-01-15 10:29:00,KF-C102,in_use,30.29,50.6,15.76,67.76,90.43,27.32
2024-01-15 10:29:30,KF-C102,in_use,41.85,50.15,16.46,67.7,89.96,23.43
2024-01-15 10:30:00,KF-C102,in_use,36.34,50.26,18.21,67.63,92.49,24.36
2024-01-15 10:30:30,KF-C102,in_use,42.32,50.55,14.99,67.57,89.89,28.03
2024-01-15 10:31:00,KF-C102,in_use,42.19,50.92,24.86,67.51,91.23,24.38
2024-01-15 10:31:30,KF-C102,in_use,45.48,49.63,19.84,67.44,92.41,27.51
2024-01-15 10:32:00,KF-C102,in_use,56.0,51.02,14.86,67.38,89.94,27.19
2024-01-15 10:32:30,KF-C102,in_use,49.84,50.69,19.08,67.32,92.23,26.83
2024-01-15 10:33:00,KF-C102,in_use,33.44,50.31,17.64,67.26,93.68,27.18
2024-01-15 10:33:30,KF-C102,in_use,31.57,50.55,16.09,67.2,90.2,27.15
2024-01-15 10:34:00,KF-C102,in_use,39.38,51.08,20.15,,92.13,29.14
2024-01-15 10:34:30,KF-C102,in_use,30.65,49.75,16.93,67.06,90.03,23.73
2024-01-15 10:35:00,KF-C102,in_use,40.46,51.43,18.81,67.0,90.72,25.29
2024-01-15 10:35:30,KF-C102,in_use,16.13,50.52,,66.93,89.34,25.49
2024-01-15 10:36:00,KF-C102,in_use,33.46,50.19,17.02,66.87,86.89,
2024-01-15 10:36:30,KF-C102,in_use,36.05,50.49,16.84,66.81,87.07,25.85
2024-01-15 10:37:00,KF-C102,in_use,41.06,,16.51,66.75,87.99,28.98
2024-01-15 10:37:30,KF-C102,in_use,35.34,50.36,13.49,66.68,90.62,26.69
2024-01-15 10:38:00,KF-C102,in_use,36.74,50.49,18.83,66.62,90.14,26.03
2024-01-15 10:38:30,KF-C102,in_use,39.21,49.87,18.41,66.55,90.63,30.36
2024-01-15 10:39:00,KF-C102,in_use,37.88,50.61,16.55,,89.83,29.35
2024-01-15 10:39:30,KF-C102,in_use,34.59,50.15,18.21,66.44,87.99,24.98
2024-01-15 10:40:00,KF-C102,in_use,33.98,49.68,15.89,66.37,91.33,27.66
2024-01-15 10:40:30,KF-C102,in_use,30.01,,19.82,66.31,89.01,24.89
2024-01-15 10:41:00,KF-C102,in_use,24.87,49.37,19.67,66.24,92.87,26.14
2024-01-15 10:41:30,KF-C102,in_use,60.49,50.78,16.17,66.17,91.29,25.37
2024-01-15 10:42:00,KF-C102,in_use,28.13,50.8,17.89,,90.22,27.41
2024-01-15 10:42:30,KF-C102,in_use,39.59,50.76,18.9,66.05,92.51,22.95
2024-01-15 10:43:00,KF-C102,in_use,37.8,51.34,16.75,65.99,93.88,27.7
2024-01-15 10:43:30,KF-C102,in_use,28.39,50.41,17.84,65.92,91.56,27.53
2024-01-15 10:44:00,KF-C102,in_use,41.14,50.79,20.7,65.85,92.77,26.68
2024-01-15 10:44:30,KF-C102,in_use,36.19,50.68,17.0,65.81,96.38,25.86
2024-01-15 10:45:00,KF-C102,in_use,23.96,51.21,19.13,65.74,92.28,28.74
2024-01-15 10:45:30,KF-C102,in_use,27.91,50.1,17.27,65.67,84.83,27.8
2024-01-15 10:46:00,KF-C102,in_use,26.33,51.34,19.53,65.6,92.58,27.34
2024-01-15 10:46:30,KF-C102,in_use,22.95,49.79,16.59,65.55,92.28,28.01
2024-01-15 10:47:00,KF-C102,in_use,39.8,50.26,13.83,65.5,90.41,24.82
2024-01-15 10:47:30,KF-C102,in_use,20.28,50.52,16.14,65.45,85.06,29.7
2024-01-15 10:48:00,KF-C102,in_use,27.64,49.87,20.46,65.37,91.08,26.02
2024-01-15 10:48:30,KF-C102,in_use,27.87,51.23,20.7,65.31,92.82,28.59
2024-01-15 10:49:00,KF-C102,in_use,,50.08,16.56,65.26,95.97,27.27
2024-01-15 10:49:30,KF-C102,in_use,20.25,51.08,18.67,65.21,92.2,28.48
2024-01-15 10:50:00,KF-C102,in_use,38.54,50.2,14.43,65.17,93.33,26.95
2024-01-15 10:50:30,KF-C102,in_use,32.65,49.89,15.39,65.11,93.57,26.05
2024-01-15 10:51:00,KF-C102,in_use,45.74,50.69,17.37,65.05,95.11,29.3
2024-01-15 10:51:30,KF-C102,in_use,38.69,51.2,21.09,65.0,91.07,30.07
2024-01-15 10:52:00,KF-C102,in_use,32.17,51.06,18.04,64.94,87.61,27.73
2024-01-15 10:52:30,KF-C102,in_use,42.26,50.23,19.61,64.87,94.94,25.62
2024-01-15 10:53:00,KF-C102,in_use,27.31,50.23,15.02,64.8,89.14,25.5
2024-01-15 10:53:30,KF-C102,in_use,25.59,50.25,15.9,64.74,92.6,25.83
2024-01-15 10:54:00,KF-C102,in_use,35.04,50.98,16.67,64.69,90.09,31.62
2024-01-15 10:54:30,KF-C102,in_use,37.18,51.1,15.37,64.63,93.04,28.64
2024-01-15 10:55:00,KF-C102,in_use,34.42,50.21,15.52,64.58,90.05,25.81
2024-01-15 10:55:30,KF-C102,in_use,33.38,50.33,18.18,64.52,90.93,25.32
2024-01-15 10:56:00,KF-C102,in_use,32.12,50.52,15.71,64.47,89.47,23.43
2024-01-15 10:56:30,KF-C102,in_use,33.9,50.43,16.73,64.4,90.18,
2024-01-15 10:57:00,KF-C102,in_use,29.5,49.55,16.94,64.33,92.64,26.41
2024-01-15 10:57:30,KF-C102,in_use,31.78,51.09,12.79,64.26,91.22,23.53
2024-01-15 10:58:00,KF-C102,in_use,47.69,51.28,18.11,64.19,91.58,26.47
2024-01-15 10:58:30,KF-C102,in_use,37.3,50.48,19.51,64.12,95.1,29.61
2024-01-15 10:59:00,KF-C102,in_use,35.19,50.02,21.27,64.05,92.8,26.86
2024-01-15 10:59:30,KF-C102,in_use,47.17,50.56,18.04,63.98,94.56,26.26
2024-01-15 11:00:00,KF-C102,charging,0.0,52.3,-11.32,63.98,90.7,27.51
2024-01-15 11:00:30,KF-C102,charging,0.0,51.83,-12.11,63.98,92.35,30.03
2024-01-15 11:01:00,KF-C102,charging,,51.81,-12.19,63.98,93.92,26.59
2024-01-15 11:01:30,KF-C102,charging,0.0,52.06,-11.49,63.98,88.69,25.24
2024-01-15 11:02:00,KF-C102,charging,0.0,51.88,-11.54,63.98,92.41,28.92
2024-01-15 11:02:30,KF-C102,charging,0.0,52.0,-10.93,63.98,,26.55
2024-01-15 11:03:00,KF-C102,charging,0.0,51.86,-13.32,63.98,,29.83
2024-01-15 11:03:30,KF-C102,charging,0.0,51.42,-10.56,63.98,92.55,31.04
2024-01-15 11:04:00,KF-C102,charging,0.0,51.6,-9.9,63.98,93.64,26.91
2024-01-15 11:04:30,KF-C102,charging,0.0,52.04,-11.6,63.98,88.93,25.43
2024-01-15 11:05:00,KF-C102,charging,0.0,51.41,-11.48,63.98,,27.7
2024-01-15 11:05:30,KF-C102,charging,0.0,51.87,-12.35,63.98,94.56,30.66
2024-01-15 11:06:00,KF-C102,charging,0.0,51.87,-12.36,63.98,91.83,27.16
2024-01-15 11:06:30,KF-C102,charging,0.0,51.95,-12.74,63.98,91.3,25.71
2024-01-15 11:07:00,KF-C102,charging,0.0,,-11.43,63.98,91.81,26.86
2024-01-15 11:07:30,KF-C102,charging,0.0,52.02,-13.11,63.98,89.13,24.34
2024-01-15 11:08:00,KF-C102,charging,0.0,52.08,-11.61,63.98,91.38,27.21
2024-01-15 11:08:30,KF-C102,charging,0.0,51.98,-10.67,63.98,89.38,
2024-01-15 11:09:00,KF-C102,charging,0.0,52.18,-12.45,63.98,90.17,26.73
2024-01-15 11:09:30,KF-C102,charging,0.0,51.63,-13.62,63.98,90.31,25.45
2024-01-15 11:10:00,KF-C102,charging,,52.22,-10.28,63.98,89.96,25.18
2024-01-15 11:10:30,KF-C102,charging,0.0,51.83,-11.41,,93.59,25.45
2024-01-15 11:11:00,KF-C102,charging,0.0,52.06,-11.16,63.98,89.38,
2024-01-15 11:11:30,KF-C102,charging,0.0,52.43,-11.0,63.98,93.17,25.56
2024-01-15 11:12:00,KF-C102,charging,0.0,52.13,-11.06,63.98,89.02,25.17
2024-01-15 11:12:30,KF-C102,charging,0.0,52.45,-11.5,63.98,90.13,28.12
2024-01-15 11:13:00,KF-C102,charging,0.0,51.88,,63.98,93.75,24.46
2024-01-15 11:13:30,KF-C102,charging,0.0,,-11.37,63.98,92.37,28.84
2024-01-15 11:14:00,KF-C102,charging,0.0,51.57,-11.58,63.98,93.01,26.15
2024-01-15 11:14:30,KF-C102,charging,0.0,52.36,-12.47,63.98,93.28,22.55
2024-01-15 11:15:00,KF-C102,charging,,51.95,-11.51,63.98,85.9,27.77
2024-01-15 11:15:30,KF-C102,charging,0.0,51.84,-11.13,63.98,85.64,26.41
2024-01-15 11:16:00,KF-C102,charging,0.0,52.06,-10.02,63.98,92.39,28.45
2024-01-15 11:16:30,KF-C102,charging,0.0,,-12.35,63.98,90.7,25.87
2024-01-15 11:17:00,KF-C102,charging,0.0,51.77,-14.39,63.98,92.45,27.38
2024-01-15 11:17:30,KF-C102,charging,0.0,,-12.74,63.98,93.49,25.83
2024-01-15 11:18:00,KF-C102,charging,0.0,51.79,-12.2,63.98,91.88,28.04
2024-01-15 11:18:30,KF-C102,charging,0.0,52.24,-13.9,63.98,87.82,25.26
2024-01-15 11:19:00,KF-C102,charging,0.0,51.96,-11.39,63.98,91.62,
2024-01-15 11:19:30,KF-C102,charging,0.0,51.61,-11.08,63.98,,27.37
2024-01-15 11:20:00,KF-C102,charging,0.0,52.02,-11.81,63.98,88.2,27.36
2024-01-15 11:20:30,KF-C102,charging,0.0,51.83,-12.59,,90.7,30.42
2024-01-15 11:21:00,KF-C102,charging,0.0,52.01,-11.64,63.98,92.53,29.87
2024-01-15 11:21:30,KF-C102,charging,0.0,52.36,-11.77,63.98,90.26,28.22
2024-01-15 11:22:00,KF-C102,charging,0.0,52.11,-12.73,63.98,91.7,26.46
2024-01-15 11:22:30,KF-C102,charging,0.0,52.14,-12.34,63.98,94.04,26.47
2024-01-15 11:23:00,KF-C102,charging,0.0,52.37,-11.68,63.98,92.68,29.46
2024-01-15 11:23:30,KF-C102,charging,0.0,52.07,-11.62,63.98,92.11,28.72
2024-01-15 11:24:00,KF-C102,charging,0.0,52.3,-12.51,63.98,92.21,24.85
2024-01-15 11:24:30,KF-C102,charging,0.0,51.68,-13.42,63.98,91.32,26.21
2024-01-15 11:25:00,KF-C102,charging,0.0,51.72,-11.4,63.98,89.3,26.44
2024-01-15 11:25:30,KF-C102,charging,0.0,52.03,-11.24,63.98,93.95,24.11
2024-01-15 11:26:00,KF-C102,charging,0.0,52.01,-11.38,63.98,90.26,26.54
2024-01-15 11:26:30,KF-C102,charging,0.0,52.11,-13.39,63.98,88.76,26.05
2024-01-15 11:27:00,KF-C102,charging,0.0,52.03,-9.38,63.98,93.67,25.57
2024-01-15 11:27:30,KF-C102,charging,0.0,51.81,-13.09,63.98,90.7,25.96
2024-01-15 11:28:00,KF-C102,charging,0.0,,-11.75,63.98,89.63,23.35
2024-01-15 11:28:30,KF-C102,charging,0.0,52.11,-12.61,63.98,89.77,30.72
2024-01-15 11:29:00,KF-C102,charging,0.0,51.84,,63.98,88.46,29.39
2024-01-15 11:29:30,KF-C102,charging,0.0,52.29,-10.88,63.98,89.55,25.46
2024-01-15 11:30:00,KF-C102,not_in_use,0.0,52.05,,63.98,92.71,27.79
2024-01-15 11:30:30,KF-C102,not_in_use,0.0,52.35,0.0,63.98,89.3,25.83
2024-01-15 11:31:00,KF-C102,not_in_use,0.0,52.06,0.0,63.98,89.82,30.48
2024-01-15 11:31:30,KF-C102,not_in_use,0.0,51.98,0.0,63.98,89.65,28.41
2024-01-15 11:32:00,KF-C102,not_in_use,0.0,51.83,0.0,63.98,,26.43
2024-01-15 11:32:30,KF-C102,not_in_use,0.0,51.89,0.0,63.98,91.27,25.2
2024-01-15 11:33:00,KF-C102,not_in_use,0.0,51.91,0.0,63.98,89.38,27.15
2024-01-15 11:33:30,KF-C102,not_in_use,0.0,52.14,0.0,63.98,91.38,31.26
2024-01-15 11:34:00,KF-C102,not_in_use,0.0,52.22,,63.98,93.43,26.21
2024-01-15 11:34:30,KF-C102,not_in_use,,51.96,0.0,63.98,91.33,29.26
2024-01-15 11:35:00,KF-C102,not_in_use,0.0,51.87,0.0,63.98,86.61,28.47
2024-01-15 11:35:30,KF-C102,not_in_use,0.0,52.27,0.0,63.98,91.28,26.75
2024-01-15 11:36:00,KF-C102,not_in_use,0.0,52.19,0.0,63.98,90.27,26.05
2024-01-15 11:36:30,KF-C102,not_in_use,0.0,51.88,0.0,63.98,89.59,28.51
2024-01-15 11:37:00,KF-C102,not_in_use,0.0,52.0,0.0,63.98,94.05,25.99
2024-01-15 11:37:30,KF-C102,not_in_use,0.0,51.75,0.0,63.98,89.69,31.64
2024-01-15 11:38:00,KF-C102,not_in_use,0.0,52.11,0.0,63.98,90.36,24.56
2024-01-15 11:38:30,KF-C102,not_in_use,0.0,52.0,0.0,63.98,89.42,26.44
2024-01-15 11:39:00,KF-C102,not_in_use,0.0,52.27,0.0,63.98,92.88,30.5
2024-01-15 11:39:30,KF-C102,not_in_use,0.0,52.19,0.0,,91.08,28.11
2024-01-15 11:40:00,KF-C102,not_in_use,0.0,51.95,0.0,63.98,87.98,27.52
2024-01-15 11:40:30,KF-C102,not_in_use,0.0,52.01,0.0,63.98,93.37,23.91
2024-01-15 11:41:00,KF-C102,not_in_use,0.0,52.11,0.0,63.98,90.03,24.9
2024-01-15 11:41:30,KF-C102,not_in_use,0.0,52.14,0.0,63.98,,29.63
2024-01-15 11:42:00,KF-C102,not_in_use,0.0,52.26,0.0,63.98,87.77,28.62
2024-01-15 11:42:30,KF-C102,not_in_use,0.0,51.81,0.0,63.98,89.7,23.18
2024-01-15 11:43:00,KF-C102,not_in_use,0.0,51.96,0.0,63.98,91.5,27.93
2024-01-15 11:43:30,KF-C102,not_in_use,0.0,52.24,0.0,63.98,93.35,26.05
2024-01-15 11:44:00,KF-C102,not_in_use,0.0,51.62,0.0,63.98,87.41,23.24
2024-01-15 11:44:30,KF-C102,not_in_use,0.0,52.28,0.0,63.98,91.66,28.01
2024-01-15 11:45:00,KF-C102,not_in_use,0.0,52.44,0.0,63.98,91.25,27.78
2024-01-15 11:45:30,KF-C102,not_in_use,0.0,51.84,0.0,63.98,89.76,30.07
2024-01-15 11:46:00,KF-C102,not_in_use,0.0,51.63,0.0,63.98,95.49,24.23
2024-01-15 11:46:30,KF-C102,not_in_use,0.0,51.89,0.0,63.98,90.58,25.94
2024-01-15 11:47:00,KF-C102,not_in_use,,52.41,0.0,63.98,91.45,24.52
2024-01-15 11:47:30,KF-C102,not_in_use,0.0,52.01,0.0,63.98,93.06,25.16
2024-01-15 11:48:00,KF-C102,not_in_use,0.0,51.52,0.0,63.98,88.18,22.48
2024-01-15 11:48:30,KF-C102,not_in_use,0.0,51.97,0.0,63.98,91.43,25.15
2024-01-15 11:49:00,KF-C102,not_in_use,0.0,52.17,0.0,63.98,92.6,25.49
2024-01-15 11:49:30,KF-C102,not_in_use,0.0,52.1,0.0,63.98,90.2,30.78
2024-01-15 11:50:00,KF-C102,not_in_use,0.0,51.86,0.0,63.98,92.15,25.68
2024-01-15 11:50:30,KF-C102,not_in_use,0.0,,0.0,63.98,91.56,27.31
2024-01-15 11:51:00,KF-C102,not_in_use,0.0,52.06,0.0,63.98,89.45,28.62
2024-01-15 11:51:30,KF-C102,not_in_use,0.0,52.01,0.0,63.98,87.96,30.3
2024-01-15 11:52:00,KF-C102,not_in_use,0.0,52.32,0.0,63.98,93.77,27.83
2024-01-15 11:52:30,KF-C102,not_in_use,0.0,52.05,0.0,63.98,92.75,28.98
2024-01-15 11:53:00,KF-C102,not_in_use,0.0,52.07,0.0,63.98,91.83,24.69
2024-01-15 11:53:30,KF-C102,not_in_use,0.0,52.0,0.0,63.98,88.57,25.33
2024-01-15 11:54:00,KF-C102,not_in_use,0.0,52.09,0.0,63.98,91.2,31.52
2024-01-15 11:54:30,KF-C102,not_in_use,0.0,52.16,0.0,63.98,93.33,26.71
2024-01-15 11:55:00,KF-C102,not_in_use,0.0,52.11,0.0,63.98,89.37,26.79
2024-01-15 11:55:30,KF-C102,not_in_use,0.0,51.77,0.0,63.98,94.59,27.88
2024-01-15 11:56:00,KF-C102,not_in_use,0.0,52.18,0.0,63.98,,23.86
2024-01-15 11:56:30,KF-C102,not_in_use,0.0,51.77,0.0,63.98,90.92,28.01
2024-01-15 11:57:00,KF-C102,not_in_use,0.0,51.93,0.0,63.98,91.05,26.74
2024-01-15 11:57:30,KF-C102,not_in_use,0.0,51.96,0.0,63.98,92.33,27.36
2024-01-15 11:58:00,KF-C102,not_in_use,0.0,51.59,,63.98,,24.86
2024-01-15 11:58:30,KF-C102,not_in_use,0.0,51.91,0.0,63.98,91.15,25.75
2024-01-15 11:59:00,KF-C102,not_in_use,,52.35,0.0,63.98,92.92,28.09
2024-01-15 11:59:30,KF-C102,not_in_use,0.0,52.25,0.0,63.98,92.65,27.96
2024-01-15 06:00:00,KF-D103,in_use,40.07,50.7,18.95,99.95,88.23,26.76
2024-01-15 06:00:30,KF-D103,in_use,34.76,51.05,18.95,99.88,91.4,25.08
2024-01-15 06:01:00,KF-D103,in_use,20.47,50.79,16.86,99.84,91.87,27.23
2024-01-15 06:01:30,KF-D103,in_use,32.41,50.87,17.74,99.78,93.05,30.08
2024-01-15 06:02:00,KF-D103,in_use,39.91,50.86,18.18,99.73,90.79,26.05
2024-01-15 06:02:30,KF-D103,in_use,42.11,50.74,20.54,99.66,90.7,24.77
2024-01-15 06:03:00,KF-D103,in_use,39.57,50.2,,99.62,92.44,25.7
2024-01-15 06:03:30,KF-D103,in_use,30.99,49.91,20.27,99.56,92.02,28.59
2024-01-15 06:04:00,KF-D103,in_use,60.12,50.92,15.52,99.5,92.99,30.72
2024-01-15 06:04:30,KF-D103,in_use,34.71,50.71,19.21,99.45,87.68,27.18
2024-01-15 06:05:00,KF-D103,in_use,43.83,,18.0,99.39,89.5,26.85
2024-01-15 06:05:30,KF-D103,in_use,35.66,50.8,17.68,99.34,,26.99
2024-01-15 06:06:00,KF-D103,in_use,29.9,50.75,17.75,99.27,91.57,26.92
2024-01-15 06:06:30,KF-D103,in_use,37.49,50.68,17.47,99.21,93.59,26.42
2024-01-15 06:07:00,KF-D103,in_use,25.45,49.93,23.65,99.15,87.69,27.02
2024-01-15 06:07:30,KF-D103,in_use,36.7,50.38,16.18,99.09,93.47,
2024-01-15 06:08:00,KF-D103,in_use,35.51,50.2,16.31,99.02,93.47,26.07
2024-01-15 06:08:30,KF-D103,in_use,,50.83,,98.95,89.62,26.6
2024-01-15 06:09:00,KF-D103,in_use,40.47,,15.72,98.88,92.0,24.5
2024-01-15 06:09:30,KF-D103,in_use,27.32,50.72,21.49,98.84,89.01,29.44
2024-01-15 06:10:00,KF-D103,in_use,21.45,50.58,17.99,98.79,90.0,27.4
2024-01-15 06:10:30,KF-D103,in_use,27.32,50.42,15.53,98.73,90.16,22.85
2024-01-15 06:11:00,KF-D103,in_use,47.69,50.73,17.02,98.67,,28.3
2024-01-15 06:11:30,KF-D103,in_use,32.05,49.86,19.05,98.62,93.16,30.23
2024-01-15 06:12:00,KF-D103,in_use,20.63,50.41,17.86,98.56,91.07,27.28
2024-01-15 06:12:30,KF-D103,in_use,28.49,50.98,18.39,98.51,91.69,29.36
2024-01-15 06:13:00,KF-D103,in_use,46.78,50.87,14.97,98.46,92.2,30.72
2024-01-15 06:13:30,KF-D103,in_use,49.55,50.37,16.92,98.4,89.13,25.74
2024-01-15 06:14:00,KF-D103,in_use,39.74,50.48,17.52,98.33,91.9,27.53
2024-01-15 06:14:30,KF-D103,in_use,37.87,50.29,19.55,98.25,91.61,29.59
2024-01-15 06:15:00,KF-D103,in_use,30.77,49.99,18.32,98.2,,26.18
2024-01-15 06:15:30,KF-D103,in_use,24.68,50.06,18.04,98.14,90.32,28.79
2024-01-15 06:16:00,KF-D103,in_use,28.28,49.05,22.18,98.08,92.1,25.47
2024-01-15 06:16:30,KF-D103,in_use,25.93,51.38,19.26,98.02,91.25,28.01
2024-01-15 06:17:00,KF-D103,in_use,,50.98,19.39,97.96,91.53,26.99
2024-01-15 06:17:30,KF-D103,in_use,34.13,50.69,17.83,97.91,94.37,29.47
2024-01-15 06:18:00,KF-D103,in_use,38.94,51.58,17.85,97.84,92.87,26.06
2024-01-15 06:18:30,KF-D103,in_use,27.93,50.58,19.76,97.79,,29.57
2024-01-15 06:19:00,KF-D103,in_use,39.34,50.36,17.85,97.73,91.06,26.39
2024-01-15 06:19:30,KF-D103,in_use,53.05,50.28,23.34,97.67,91.83,28.98
2024-01-15 06:20:00,KF-D103,in_use,33.61,50.64,18.67,97.61,91.96,27.57
2024-01-15 06:20:30,KF-D103,in_use,25.83,50.21,20.09,97.57,93.43,25.15
2024-01-15 06:21:00,KF-D103,in_use,33.48,50.54,19.83,97.51,91.82,21.13
2024-01-15 06:21:30,KF-D103,in_use,40.39,50.0,15.07,97.44,91.0,30.58
2024-01-15 06:22:00,KF-D103,in_use,17.85,50.25,18.19,97.38,86.4,27.34
2024-01-15 06:22:30,KF-D103,in_use,35.58,49.26,17.11,97.31,90.95,26.61
2024-01-15 06:23:00,KF-D103,in_use,47.08,50.32,17.9,97.26,92.27,27.69
2024-01-15 06:23:30,KF-D103,in_use,35.32,50.25,16.39,97.19,94.03,
2024-01-15 06:24:00,KF-D103,in_use,32.11,50.96,16.62,97.13,92.55,30.02
2024-01-15 06:24:30,KF-D103,in_use,31.87,50.29,17.56,97.08,92.44,26.18
2024-01-15 06:25:00,KF-D103,in_use,22.1,50.27,19.93,97.02,88.11,25.92
2024-01-15 06:25:30,KF-D103,in_use,24.21,50.57,18.27,96.94,87.61,
2024-01-15 06:26:00,KF-D103,in_use,40.35,50.63,19.34,96.89,87.41,24.76
2024-01-15 06:26:30,KF-D103,in_use,29.92,50.84,17.3,96.83,91.04,25.7
2024-01-15 06:27:00,KF-D103,in_use,24.31,50.62,18.93,96.75,90.81,27.04
2024-01-15 06:27:30,KF-D103,in_use,28.57,50.17,17.35,96.68,90.37,26.29
2024-01-15 06:28:00,KF-D103,in_use,38.37,50.44,20.38,96.62,89.69,28.17
2024-01-15 06:28:30,KF-D103,in_use,35.81,50.59,17.23,96.54,94.08,27.87
2024-01-15 06:29:00,KF-D103,in_use,42.49,51.24,18.84,96.47,,28.67
2024-01-15 06:29:30,KF-D103,in_use,29.28,49.88,19.55,96.4,92.18,28.17
2024-01-15 06:30:00,KF-D103,in_use,39.41,50.93,20.65,96.35,89.24,26.63
2024-01-15 06:30:30,KF-D103,in_use,23.79,50.67,17.44,96.3,87.91,32.75
2024-01-15 06:31:00,KF-D103,in_use,33.69,50.07,19.59,96.26,94.89,27.73
2024-01-15 06:31:30,KF-D103,in_use,48.3,50.07,17.87,96.19,91.56,26.48
2024-01-15 06:32:00,KF-D103,in_use,37.87,50.31,19.37,96.11,92.39,27.38
2024-01-15 06:32:30,KF-D103,in_use,34.17,50.14,19.31,96.05,93.72,29.13
2024-01-15 06:33:00,KF-D103,in_use,34.56,50.2,13.38,,91.2,25.42
2024-01-15 06:33:30,KF-D103,in_use,20.94,49.36,17.42,95.92,92.84,24.88
2024-01-15 06:34:00,KF-D103,in_use,11.99,50.5,13.03,95.87,94.85,27.57
2024-01-15 06:34:30,KF-D103,in_use,37.66,50.62,19.15,95.8,91.16,27.54
2024-01-15 06:35:00,KF-D103,in_use,35.88,49.96,20.17,95.75,90.39,28.17
2024-01-15 06:35:30,KF-D103,in_use,36.44,50.66,13.17,,93.11,23.98
2024-01-15 06:36:00,KF-D103,in_use,29.07,50.6,19.73,95.62,91.06,24.95
2024-01-15 06:36:30,KF-D103,in_use,31.9,,17.28,95.55,92.6,25.51
2024-01-15 06:37:00,KF-D103,in_use,32.55,49.73,18.86,95.48,93.28,25.94
2024-01-15 06:37:30,KF-D103,in_use,28.15,50.58,18.96,95.43,89.91,28.56
2024-01-15 06:38:00,KF-D103,in_use,35.21,50.7,,95.37,90.78,27.1
2024-01-15 06:38:30,KF-D103,in_use,35.4,50.84,16.68,95.32,91.43,27.23
2024-01-15 06:39:00,KF-D103,in_use,44.55,50.31,18.47,95.24,89.22,23.1
2024-01-15 06:39:30,KF-D103,in_use,28.84,,22.76,95.18,93.25,27.49
2024-01-15 06:40:00,KF-D103,in_use,41.27,50.4,19.11,95.13,90.42,26.59
2024-01-15 06:40:30,KF-D103,in_use,37.55,50.12,18.15,95.07,89.18,29.78
2024-01-15 06:41:00,KF-D103,in_use,25.21,51.14,19.09,95.02,91.28,25.69
2024-01-15 06:41:30,KF-D103,in_use,41.35,50.24,19.52,94.97,92.73,28.19
2024-01-15 06:42:00,KF-D103,in_use,45.97,50.19,16.98,94.93,85.31,24.21
2024-01-15 06:42:30,KF-D103,in_use,38.46,50.53,12.69,94.87,88.21,27.2
2024-01-15 06:43:00,KF-D103,in_use,46.86,50.9,,94.8,93.15,27.29
2024-01-15 06:43:30,KF-D103,in_use,34.34,50.32,19.79,94.73,92.47,26.4
2024-01-15 06:44:00,KF-D103,in_use,34.87,50.46,17.59,94.68,88.48,26.56
2024-01-15 06:44:30,KF-D103,in_use,27.2,50.32,17.84,94.61,90.19,25.37
2024-01-15 06:45:00,KF-D103,in_use,25.36,,15.61,94.57,86.37,28.25
2024-01-15 06:45:30,KF-D103,in_use,28.98,49.91,18.89,94.49,92.28,25.48
2024-01-15 06:46:00,KF-D103,in_use,42.1,49.78,21.49,94.43,89.94,26.19
2024-01-15 06:46:30,KF-D103,in_use,33.9,50.87,15.24,94.36,94.5,23.88
2024-01-15 06:47:00,KF-D103,in_use,32.6,50.33,20.74,94.31,91.14,30.86
2024-01-15 06:47:30,KF-D103,in_use,29.65,50.91,19.72,94.21,89.75,30.14
2024-01-15 06:48:00,KF-D103,in_use,26.12,50.12,18.65,94.16,89.87,31.15
2024-01-15 06:48:30,KF-D103,in_use,31.39,50.41,16.71,94.12,91.41,27.18
2024-01-15 06:49:00,KF-D103,in_use,42.66,50.39,17.76,94.07,89.97,28.8
2024-01-15 06:49:30,KF-D103,in_use,31.06,51.29,17.85,94.01,93.22,30.34
2024-01-15 06:50:00,KF-D103,in_use,40.14,50.19,16.79,93.96,95.48,25.37
2024-01-15 06:50:30,KF-D103,in_use,23.96,51.05,,93.91,93.38,26.7
2024-01-15 06:51:00,KF-D103,in_use,27.26,50.58,19.02,,87.82,26.97
2024-01-15 06:51:30,KF-D103,in_use,46.06,50.97,17.01,93.78,89.08,27.16
2024-01-15 06:52:00,KF-D103,in_use,31.77,,20.2,93.71,88.48,27.8
2024-01-15 06:52:30,KF-D103,in_use,32.02,50.72,17.21,93.64,93.32,27.89
2024-01-15 06:53:00,KF-D103,in_use,28.16,50.71,19.26,93.57,89.98,28.67
2024-01-15 06:53:30,KF-D103,in_use,22.41,50.32,20.44,93.51,90.21,29.21
2024-01-15 06:54:00,KF-D103,in_use,37.34,50.53,18.12,93.42,92.58,27.08
2024-01-15 06:54:30,KF-D103,in_use,44.66,,19.76,93.36,89.3,24.56
2024-01-15 06:55:00,KF-D103,in_use,38.72,50.38,18.94,93.31,93.38,26.43
2024-01-15 06:55:30,KF-D103,in_use,37.74,50.31,19.61,93.23,90.34,27.22
2024-01-15 06:56:00,KF-D103,in_use,25.81,50.78,19.99,93.18,91.04,31.95
2024-01-15 06:56:30,KF-D103,in_use,48.39,50.75,15.64,,89.66,29.51
2024-01-15 06:57:00,KF-D103,in_use,29.38,50.58,20.07,93.04,89.23,26.47
2024-01-15 06:57:30,KF-D103,in_use,45.28,49.88,,92.98,91.76,25.93
2024-01-15 06:58:00,KF-D103,in_use,32.61,51.17,13.96,92.91,93.18,27.5
2024-01-15 06:58:30,KF-D103,in_use,,50.56,19.56,92.84,92.34,26.16
2024-01-15 06:59:00,KF-D103,in_use,28.47,50.55,18.48,92.77,87.6,23.39
2024-01-15 06:59:30,KF-D103,in_use,35.25,50.0,19.06,92.69,90.35,28.41
2024-01-15 07:00:00,KF-D103,in_use,30.28,50.43,19.59,92.63,93.41,26.78
2024-01-15 07:00:30,KF-D103,in_use,30.11,50.88,15.58,92.57,92.35,24.84
2024-01-15 07:01:00,KF-D103,in_use,45.67,51.07,20.92,92.5,91.29,24.68
2024-01-15 07:01:30,KF-D103,in_use,38.94,50.05,17.89,92.45,89.2,26.46
2024-01-15 07:02:00,KF-D103,in_use,30.37,50.48,20.31,92.4,90.02,28.82
2024-01-15 07:02:30,KF-D103,in_use,36.21,50.36,17.86,92.34,87.87,28.53
2024-01-15 07:03:00,KF-D103,in_use,26.22,50.24,16.44,92.28,92.02,24.92
2024-01-15 07:03:30,KF-D103,in_use,34.97,50.89,16.49,92.21,91.73,25.99
2024-01-15 07:04:00,KF-D103,in_use,38.9,49.96,,92.17,94.66,25.3
2024-01-15 07:04:30,KF-D103,in_use,46.21,50.18,23.51,92.1,91.16,25.85
2024-01-15 07:05:00,KF-D103,in_use,46.44,51.02,21.8,92.04,,29.55
2024-01-15 07:05:30,KF-D103,in_use,36.17,50.77,20.19,91.98,94.64,26.96
2024-01-15 07:06:00,KF-D103,in_use,25.33,50.52,20.28,91.93,93.26,27.22
2024-01-15 07:06:30,KF-D103,in_use,31.42,51.13,16.34,91.86,91.92,29.09
2024-01-15 07:07:00,KF-D103,in_use,25.76,,17.99,91.83,94.2,28.71
2024-01-15 07:07:30,KF-D103,in_use,39.53,50.63,20.21,91.76,90.41,25.01
2024-01-15 07:08:00,KF-D103,in_use,38.58,50.43,17.28,91.7,94.04,29.52
2024-01-15 07:08:30,KF-D103,in_use,29.54,50.61,21.41,91.65,89.63,24.95
2024-01-15 07:09:00,KF-D103,in_use,33.62,49.86,19.41,,90.66,27.34
2024-01-15 07:09:30,KF-D103,in_use,56.83,50.57,14.46,91.55,87.01,27.2
2024-01-15 07:10:00,KF-D103,in_use,27.4,50.87,15.51,91.47,91.08,27.29
2024-01-15 07:10:30,KF-D103,in_use,32.75,50.87,18.14,91.4,87.74,27.69
2024-01-15 07:11:00,KF-D103,in_use,33.81,50.32,19.93,91.32,89.39,28.52
2024-01-15 07:11:30,KF-D103,in_use,38.34,50.29,17.89,91.28,89.34,25.62
2024-01-15 07:12:00,KF-D103,in_use,27.33,50.21,13.16,91.23,91.28,28.87
2024-01-15 07:12:30,KF-D103,in_use,37.31,50.2,17.56,91.16,94.27,26.61
2024-01-15 07:13:00,KF-D103,in_use,27.83,50.21,13.75,91.1,91.61,27.3
2024-01-15 07:13:30,KF-D103,in_use,47.15,50.67,17.36,91.04,87.91,28.93
2024-01-15 07:14:00,KF-D103,in_use,42.91,49.98,18.31,90.98,,28.42
2024-01-15 07:14:30,KF-D103,in_use,38.35,49.74,17.6,90.92,88.09,26.68
2024-01-15 07:15:00,KF-D103,in_use,35.78,50.33,,90.85,88.57,24.42
2024-01-15 07:15:30,KF-D103,in_use,,49.89,18.36,90.79,92.34,24.1
2024-01-15 07:16:00,KF-D103,in_use,37.83,50.33,14.55,90.72,92.07,26.83
2024-01-15 07:16:30,KF-D103,in_use,41.1,50.56,16.62,90.64,90.62,27.83
2024-01-15 07:17:00,KF-D103,in_use,33.08,50.7,19.91,90.57,89.38,25.39
2024-01-15 07:17:30,KF-D103,in_use,49.28,50.75,20.33,,89.07,26.67
2024-01-15 07:18:00,KF-D103,in_use,43.93,49.91,18.62,90.44,91.29,
2024-01-15 07:18:30,KF-D103,in_use,44.48,51.06,19.72,90.36,88.99,26.18
2024-01-15 07:19:00,KF-D103,in_use,27.76,50.22,16.12,90.29,92.06,29.43
2024-01-15 07:19:30,KF-D103,in_use,34.37,50.5,19.35,90.23,90.57,28.13
2024-01-15 07:20:00,KF-D103,in_use,37.82,50.14,15.11,90.17,89.02,25.24
2024-01-15 07:20:30,KF-D103,in_use,36.5,50.46,22.16,90.1,88.65,26.7
2024-01-15 07:21:00,KF-D103,in_use,36.81,50.02,21.35,90.05,89.76,25.11
2024-01-15 07:21:30,KF-D103,in_use,22.8,50.63,18.73,89.99,93.96,
2024-01-15 07:22:00,KF-D103,in_use,28.49,49.92,18.08,89.94,89.45,28.57
2024-01-15 07:22:30,KF-D103,in_use,46.2,49.9,18.4,89.88,88.15,31.91
2024-01-15 07:23:00,KF-D103,in_use,25.28,50.18,15.09,89.85,93.96,30.63
2024-01-15 07:23:30,KF-D103,in_use,40.98,50.46,16.63,89.8,91.95,26.57
2024-01-15 07:24:00,KF-D103,in_use,26.67,50.44,15.17,89.74,95.46,26.3
2024-01-15 07:24:30,KF-D103,in_use,,50.55,15.53,89.65,89.76,27.41
2024-01-15 07:25:00,KF-D103,in_use,23.45,51.08,18.14,89.6,91.58,
2024-01-15 07:25:30,KF-D103,in_use,50.87,,19.1,89.55,91.16,27.65
2024-01-15 07:26:00,KF-D103,in_use,47.91,51.04,16.94,89.48,91.83,27.39
2024-01-15 07:26:30,KF-D103,in_use,30.13,49.9,20.11,89.41,88.06,26.56
2024-01-15 07:27:00,KF-D103,in_use,35.68,49.83,16.46,89.36,91.49,
2024-01-15 07:27:30,KF-D103,in_use,38.15,50.09,15.2,89.3,96.19,24.74
2024-01-15 07:28:00,KF-D103,in_use,35.49,50.6,20.11,,90.96,26.97
2024-01-15 07:28:30,KF-D103,in_use,42.24,50.15,18.5,89.17,93.1,25.34
2024-01-15 07:29:00,KF-D103,in_use,37.41,50.15,17.73,,92.6,28.29
2024-01-15 07:29:30,KF-D103,in_use,32.06,,18.0,89.05,90.17,26.22
2024-01-15 07:30:00,KF-D103,in_use,24.19,50.66,18.02,89.0,90.38,25.18
2024-01-15 07:30:30,KF-D103,in_use,35.29,,17.99,88.94,93.38,30.52
2024-01-15 07:31:00,KF-D103,in_use,42.65,50.94,18.67,88.89,92.04,26.49
2024-01-15 07:31:30,KF-D103,in_use,26.75,50.25,19.69,88.83,89.23,23.49
2024-01-15 07:32:00,KF-D103,in_use,35.45,50.92,18.29,88.77,93.8,28.24
2024-01-15 07:32:30,KF-D103,in_use,37.56,50.62,21.78,88.71,92.83,27.05
2024-01-15 07:33:00,KF-D103,in_use,35.39,50.7,15.68,88.66,95.33,29.63
2024-01-15 07:33:30,KF-D103,in_use,39.74,50.24,17.1,88.61,89.79,30.06
2024-01-15 07:34:00,KF-D103,in_use,18.92,51.1,18.53,88.55,88.6,29.03
2024-01-15 07:34:30,KF-D103,in_use,40.46,50.75,18.43,88.5,92.04,
2024-01-15 07:35:00,KF-D103,in_use,22.98,,18.65,88.44,90.43,27.54
2024-01-15 07:35:30,KF-D103,in_use,35.51,50.67,19.33,88.39,,28.09
2024-01-15 07:36:00,KF-D103,in_use,35.94,50.26,19.19,88.34,95.9,26.32
2024-01-15 07:36:30,KF-D103,in_use,17.16,50.03,16.23,88.28,93.75,27.4
2024-01-15 07:37:00,KF-D103,in_use,19.67,50.37,19.89,,91.71,28.18
2024-01-15 07:37:30,KF-D103,in_use,44.69,50.87,,88.16,91.84,29.96
2024-01-15 07:38:00,KF-D103,in_use,,50.66,23.96,88.1,88.74,25.31
2024-01-15 07:38:30,KF-D103,in_use,30.68,50.3,18.62,88.03,93.23,28.35
2024-01-15 07:39:00,KF-D103,in_use,28.82,50.29,19.46,87.98,91.69,28.39
2024-01-15 07:39:30,KF-D103,in_use,31.49,50.34,17.35,87.89,,26.7
2024-01-15 07:40:00,KF-D103,in_use,26.11,50.28,18.11,87.84,93.66,26.7
2024-01-15 07:40:30,KF-D103,in_use,42.01,51.28,18.98,87.77,87.03,28.67
2024-01-15 07:41:00,KF-D103,in_use,32.21,50.21,19.09,87.7,89.07,26.62
2024-01-15 07:41:30,KF-D103,in_use,31.34,50.52,18.49,87.64,85.94,24.86
2024-01-15 07:42:00,KF-D103,in_use,46.58,50.0,18.67,87.57,89.81,27.28
2024-01-15 07:42:30,KF-D103,in_use,32.28,51.04,17.91,87.5,89.23,23.76
2024-01-15 07:43:00,KF-D103,in_use,31.63,50.49,17.3,87.45,91.47,29.3
2024-01-15 07:43:30,KF-D103,in_use,,50.3,18.6,87.38,90.5,26.73
2024-01-15 07:44:00,KF-D103,in_use,34.86,50.51,18.13,87.33,91.49,
2024-01-15 07:44:30,KF-D103,in_use,31.41,50.69,16.79,87.28,91.33,27.82
2024-01-15 07:45:00,KF-D103,in_use,41.32,,16.33,87.23,92.76,28.13
2024-01-15 07:45:30,KF-D103,in_use,24.43,50.55,18.43,87.16,89.35,24.07
2024-01-15 07:46:00,KF-D103,in_use,33.11,50.79,19.6,87.09,90.41,
2024-01-15 07:46:30,KF-D103,in_use,29.76,50.48,14.32,87.02,93.26,21.48
2024-01-15 07:47:00,KF-D103,in_use,40.66,50.48,18.04,86.96,91.99,26.94
2024-01-15 07:47:30,KF-D103,in_use,,50.3,14.48,86.92,90.43,
2024-01-15 07:48:00,KF-D103,in_use,38.64,50.43,16.86,86.86,90.76,28.0
2024-01-15 07:48:30,KF-D103,in_use,33.81,50.32,21.58,,91.03,26.39
2024-01-15 07:49:00,KF-D103,in_use,38.4,50.9,22.68,86.75,89.69,30.35
2024-01-15 07:49:30,KF-D103,in_use,29.32,49.95,,86.67,93.0,26.82
2024-01-15 07:50:00,KF-D103,in_use,33.91,51.0,,86.61,91.4,25.31
2024-01-15 07:50:30,KF-D103,in_use,26.76,51.34,18.61,86.56,89.33,28.63
2024-01-15 07:51:00,KF-D103,in_use,28.58,50.4,13.12,86.49,93.42,26.39
2024-01-15 07:51:30,KF-D103,in_use,35.37,49.88,19.77,86.43,91.93,27.57
2024-01-15 07:52:00,KF-D103,in_use,41.36,50.61,18.02,86.37,88.95,27.05
2024-01-15 07:52:30,KF-D103,in_use,28.32,50.92,19.31,86.31,95.97,29.38
2024-01-15 07:53:00,KF-D103,in_use,33.07,51.0,19.69,86.25,88.07,27.49
2024-01-15 07:53:30,KF-D103,in_use,43.91,49.89,19.07,86.2,89.91,30.58
2024-01-15 07:54:00,KF-D103,in_use,28.65,50.11,,86.14,87.38,26.72
2024-01-15 07:54:30,KF-D103,in_use,27.91,,18.93,86.08,89.65,29.39
2024-01-15 07:55:00,KF-D103,in_use,43.96,50.82,18.43,86.02,88.58,27.61
2024-01-15 07:55:30,KF-D103,in_use,40.25,51.08,17.54,85.97,91.49,28.12
2024-01-15 07:56:00,KF-D103,in_use,29.92,50.37,15.4,85.92,94.44,29.97
2024-01-15 07:56:30,KF-D103,in_use,26.06,49.79,15.98,85.84,90.51,
2024-01-15 07:57:00,KF-D103,in_use,46.59,50.32,22.52,85.78,92.44,
2024-01-15 07:57:30,KF-D103,in_use,43.31,50.38,20.77,85.74,89.98,30.09
2024-01-15 07:58:00,KF-D103,in_use,36.0,50.55,18.49,85.69,88.51,27.16
2024-01-15 07:58:30,KF-D103,in_use,29.48,50.38,17.39,85.62,89.77,28.4
2024-01-15 07:59:00,KF-D103,in_use,49.94,49.61,16.54,85.58,92.42,24.89
2024-01-15 07:59:30,KF-D103,in_use,41.25,50.35,19.62,85.52,88.31,22.71
2024-01-15 08:00:00,KF-D103,in_use,40.23,50.84,17.78,85.48,97.14,22.65
2024-01-15 08:00:30,KF-D103,in_use,48.78,50.11,20.26,85.4,91.78,25.69
2024-01-15 08:01:00,KF-D103,in_use,40.03,51.05,17.48,,90.39,28.32
2024-01-15 08:01:30,KF-D103,in_use,33.94,49.49,18.03,85.28,87.35,24.56
2024-01-15 08:02:00,KF-D103,in_use,19.79,50.63,17.34,85.22,90.88,27.38
2024-01-15 08:02:30,KF-D103,in_use,39.29,51.27,17.74,85.15,89.06,26.46
2024-01-15 08:03:00,KF-D103,in_use,36.0,,14.1,85.1,92.24,29.44
2024-01-15 08:03:30,KF-D103,in_use,44.86,50.38,19.8,85.05,88.16,23.06
2024-01-15 08:04:00,KF-D103,in_use,40.55,50.39,16.19,85.0,88.09,28.74
2024-01-15 08:04:30,KF-D103,in_use,22.94,50.8,23.17,84.95,87.05,26.6
2024-01-15 08:05:00,KF-D103,in_use,41.8,50.56,16.96,84.89,93.44,25.65
2024-01-15 08:05:30,KF-D103,in_use,38.06,50.28,18.99,84.84,89.84,28.65
2024-01-15 08:06:00,KF-D103,in_use,47.31,50.29,20.59,,91.53,26.21
2024-01-15 08:06:30,KF-D103,in_use,43.69,50.09,17.64,84.71,91.14,28.39
2024-01-15 08:07:00,KF-D103,in_use,28.13,49.68,20.91,84.63,90.91,29.01
2024-01-15 08:07:30,KF-D103,in_use,26.32,50.83,19.99,84.57,91.92,26.21
2024-01-15 08:08:00,KF-D103,in_use,35.35,51.29,15.92,84.51,91.08,24.88
2024-01-15 08:08:30,KF-D103,in_use,38.14,50.71,,84.45,94.31,30.85
2024-01-15 08:09:00,KF-D103,in_use,46.46,,14.78,84.4,95.12,25.94
2024-01-15 08:09:30,KF-D103,in_use,31.07,50.07,17.64,84.33,93.8,27.86
2024-01-15 08:10:00,KF-D103,in_use,35.92,50.94,17.94,84.26,91.58,27.66
2024-01-15 08:10:30,KF-D103,in_use,30.16,50.02,19.5,84.21,91.0,
2024-01-15 08:11:00,KF-D103,in_use,35.51,49.87,18.45,84.15,88.92,25.38
2024-01-15 08:11:30,KF-D103,in_use,,50.75,23.49,84.08,89.57,27.5
2024-01-15 08:12:00,KF-D103,in_use,46.88,50.78,17.26,83.99,88.98,31.44
2024-01-15 08:12:30,KF-D103,in_use,30.09,50.92,17.32,83.94,91.93,29.84
2024-01-15 08:13:00,KF-D103,in_use,30.64,50.99,15.32,83.87,94.07,27.73
2024-01-15 08:13:30,KF-D103,in_use,27.02,50.12,21.22,83.81,93.38,29.67
2024-01-15 08:14:00,KF-D103,in_use,38.04,51.18,16.79,83.74,90.75,27.65
2024-01-15 08:14:30,KF-D103,in_use,43.98,50.27,16.15,83.68,86.84,25.41
2024-01-15 08:15:00,KF-D103,in_use,40.66,50.11,17.79,83.62,89.67,23.91
2024-01-15 08:15:30,KF-D103,in_use,37.66,50.56,19.19,,93.91,28.37
2024-01-15 08:16:00,KF-D103,in_use,44.29,50.47,19.37,83.52,88.75,30.21
2024-01-15 08:16:30,KF-D103,in_use,35.33,49.88,13.48,83.46,,
2024-01-15 08:17:00,KF-D103,in_use,34.02,51.31,19.05,83.41,89.11,24.66
2024-01-15 08:17:30,KF-D103,in_use,35.95,51.26,19.41,83.35,89.19,23.56
2024-01-15 08:18:00,KF-D103,in_use,30.41,50.79,20.99,83.29,92.82,25.56
2024-01-15 08:18:30,KF-D103,in_use,49.85,49.86,18.06,83.23,88.57,28.73
2024-01-15 08:19:00,KF-D103,in_use,23.9,50.35,18.33,83.16,91.57,27.64
2024-01-15 08:19:30,KF-D103,in_use,29.18,51.35,14.31,83.1,89.49,30.79
2024-01-15 08:20:00,KF-D103,in_use,29.74,50.45,15.98,83.05,91.02,27.71
2024-01-15 08:20:30,KF-D103,in_use,31.16,50.7,14.59,83.0,90.46,21.89
2024-01-15 08:21:00,KF-D103,in_use,30.57,50.86,17.68,82.93,88.23,26.58
2024-01-15 08:21:30,KF-D103,in_use,38.56,50.79,17.64,82.87,91.4,26.2
2024-01-15 08:22:00,KF-D103,in_use,30.04,50.6,15.02,82.82,89.37,25.3
2024-01-15 08:22:30,KF-D103,in_use,41.87,50.24,17.51,82.75,89.5,
2024-01-15 08:23:00,KF-D103,in_use,25.01,50.23,18.58,82.69,93.16,30.18
2024-01-15 08:23:30,KF-D103,in_use,36.04,50.65,18.89,82.63,,
2024-01-15 08:24:00,KF-D103,in_use,17.09,49.62,15.84,82.55,90.55,28.35
2024-01-15 08:24:30,KF-D103,in_use,29.42,50.25,17.21,82.5,88.94,25.22
2024-01-15 08:25:00,KF-D103,in_use,,50.41,17.95,82.45,89.66,28.82
2024-01-15 08:25:30,KF-D103,in_use,20.07,50.89,16.71,82.39,88.55,26.63
2024-01-15 08:26:00,KF-D103,in_use,42.26,50.69,16.26,82.33,93.98,28.12
2024-01-15 08:26:30,KF-D103,in_use,,51.12,15.71,82.25,91.5,26.14
2024-01-15 08:27:00,KF-D103,in_use,44.13,50.37,19.03,,90.28,27.82
2024-01-15 08:27:30,KF-D103,in_use,44.83,50.01,19.39,82.13,91.73,25.0
2024-01-15 08:28:00,KF-D103,in_use,38.41,50.44,18.26,82.06,95.04,24.62
2024-01-15 08:28:30,KF-D103,in_use,43.76,50.94,18.09,81.99,89.57,27.38
2024-01-15 08:29:00,KF-D103,in_use,28.73,50.04,20.06,81.92,91.64,25.44
2024-01-15 08:29:30,KF-D103,in_use,21.23,50.33,20.74,81.87,92.8,30.25
2024-01-15 08:30:00,KF-D103,in_use,33.49,50.23,14.32,81.81,90.97,24.43
2024-01-15 08:30:30,KF-D103,in_use,42.25,50.62,17.28,81.75,90.54,25.08
2024-01-15 08:31:00,KF-D103,in_use,25.15,50.87,17.12,81.68,92.44,22.43
2024-01-15 08:31:30,KF-D103,in_use,,50.57,17.86,81.63,93.72,27.85
2024-01-15 08:32:00,KF-D103,in_use,44.66,50.56,16.73,81.57,89.77,28.69
2024-01-15 08:32:30,KF-D103,in_use,,50.98,17.25,81.51,91.74,25.39
2024-01-15 08:33:00,KF-D103,in_use,28.57,49.96,18.2,81.44,91.27,23.38
2024-01-15 08:33:30,KF-D103,in_use,35.11,50.87,16.65,81.38,90.03,25.66
2024-01-15 08:34:00,KF-D103,in_use,,51.04,16.77,81.33,92.91,29.51
2024-01-15 08:34:30,KF-D103,in_use,35.97,50.64,20.79,81.27,92.63,27.98
2024-01-15 08:35:00,KF-D103,in_use,28.2,51.18,19.55,81.2,90.26,25.11
2024-01-15 08:35:30,KF-D103,in_use,44.2,50.22,18.15,81.15,89.0,30.2
2024-01-15 08:36:00,KF-D103,in_use,39.61,51.01,19.02,81.08,90.72,28.03
2024-01-15 08:36:30,KF-D103,in_use,42.41,51.2,16.86,81.02,87.16,22.64
2024-01-15 08:37:00,KF-D103,in_use,38.83,50.16,20.71,80.96,90.42,26.23
2024-01-15 08:37:30,KF-D103,in_use,,50.24,20.5,80.88,90.0,25.91
2024-01-15 08:38:00,KF-D103,in_use,31.07,50.39,17.34,80.82,91.1,27.93
2024-01-15 08:38:30,KF-D103,in_use,42.87,50.58,20.09,80.76,90.05,24.25
2024-01-15 08:39:00,KF-D103,in_use,41.33,49.17,20.57,80.69,88.95,25.98
2024-01-15 08:39:30,KF-D103,in_use,41.53,50.67,15.82,80.63,89.5,28.79
2024-01-15 08:40:00,KF-D103,in_use,32.91,49.89,21.53,,90.28,26.24
2024-01-15 08:40:30,KF-D103,in_use,29.39,50.14,16.46,80.49,88.25,25.99
2024-01-15 08:41:00,KF-D103,in_use,33.7,50.88,19.85,80.42,91.47,26.68
2024-01-15 08:41:30,KF-D103,in_use,16.22,50.42,22.48,80.36,87.34,
2024-01-15 08:42:00,KF-D103,in_use,24.92,49.57,17.95,80.3,89.8,29.03
2024-01-15 08:42:30,KF-D103,in_use,39.17,50.77,18.55,80.24,90.86,24.35
2024-01-15 08:43:00,KF-D103,in_use,38.07,49.97,17.69,80.19,89.95,27.67
2024-01-15 08:43:30,KF-D103,in_use,46.03,50.74,16.5,80.13,93.05,31.64
2024-01-15 08:44:00,KF-D103,in_use,34.27,50.46,19.2,80.08,90.19,
2024-01-15 08:44:30,KF-D103,in_use,28.15,50.39,17.02,80.03,89.39,30.66
2024-01-15 08:45:00,KF-D103,in_use,43.86,49.79,18.95,79.95,88.39,30.52
2024-01-15 08:45:30,KF-D103,in_use,25.81,51.14,16.25,79.87,91.15,30.42
2024-01-15 08:46:00,KF-D103,in_use,35.84,50.57,18.49,79.82,89.95,27.88
2024-01-15 08:46:30,KF-D103,in_use,,50.61,20.65,79.77,91.12,26.51
2024-01-15 08:47:00,KF-D103,in_use,35.66,50.18,18.33,79.71,91.32,29.35
2024-01-15 08:47:30,KF-D103,in_use,22.15,50.2,19.74,79.65,92.51,28.02
2024-01-15 08:48:00,KF-D103,in_use,40.4,51.03,18.26,79.62,87.86,27.2
2024-01-15 08:48:30,KF-D103,in_use,48.74,51.64,17.06,79.55,89.55,26.71
2024-01-15 08:49:00,KF-D103,in_use,33.9,50.5,19.89,79.49,94.52,25.32
2024-01-15 08:49:30,KF-D103,in_use,36.92,49.49,,79.42,90.08,27.92
2024-01-15 08:50:00,KF-D103,in_use,,50.82,16.51,79.36,89.76,28.5
2024-01-15 08:50:30,KF-D103,in_use,32.41,51.34,16.59,79.29,91.14,29.11
2024-01-15 08:51:00,KF-D103,in_use,35.62,50.78,18.31,79.24,88.99,25.06
2024-01-15 08:51:30,KF-D103,in_use,33.99,50.61,21.61,79.17,90.8,29.69
2024-01-15 08:52:00,KF-D103,in_use,18.91,50.45,17.11,79.1,88.03,26.99
2024-01-15 08:52:30,KF-D103,in_use,44.21,50.48,,79.04,87.88,30.71
2024-01-15 08:53:00,KF-D103,in_use,32.81,50.65,19.64,78.98,91.8,26.76
2024-01-15 08:53:30,KF-D103,in_use,31.25,50.07,17.18,78.91,92.22,24.73
2024-01-15 08:54:00,KF-D103,in_use,41.05,51.01,15.59,78.86,90.81,27.8
2024-01-15 08:54:30,KF-D103,in_use,30.28,50.61,22.42,78.81,90.23,30.14
2024-01-15 08:55:00,KF-D103,in_use,,50.29,17.62,78.75,96.04,27.27
2024-01-15 08:55:30,KF-D103,in_use,40.24,50.49,,78.69,91.27,27.96
2024-01-15 08:56:00,KF-D103,in_use,41.79,50.42,15.14,78.63,93.71,26.66
2024-01-15 08:56:30,KF-D103,in_use,52.02,50.03,18.26,78.58,95.42,23.18
2024-01-15 08:57:00,KF-D103,in_use,33.81,50.48,17.22,78.53,90.06,27.64
2024-01-15 08:57:30,KF-D103,in_use,45.28,,15.36,78.47,91.28,29.91
2024-01-15 08:58:00,KF-D103,in_use,22.42,51.1,17.93,,85.52,27.78
2024-01-15 08:58:30,KF-D103,in_use,21.57,50.21,16.19,78.34,90.93,25.71
2024-01-15 08:59:00,KF-D103,in_use,34.34,50.79,19.7,78.26,90.67,27.44
2024-01-15 08:59:30,KF-D103,in_use,36.28,51.68,16.67,78.2,89.65,28.39
2024-01-15 09:00:00,KF-D103,in_use,40.72,50.22,17.66,78.16,88.66,23.5
2024-01-15 09:00:30,KF-D103,in_use,44.75,49.78,18.14,78.1,88.97,25.55
2024-01-15 09:01:00,KF-D103,in_use,32.06,50.51,19.87,78.04,90.62,26.84
2024-01-15 09:01:30,KF-D103,in_use,41.21,50.37,20.03,77.99,90.29,28.66
2024-01-15 09:02:00,KF-D103,in_use,27.0,51.38,14.63,77.92,88.83,28.55
2024-01-15 09:02:30,KF-D103,in_use,35.94,50.4,15.59,77.87,94.18,25.68
2024-01-15 09:03:00,KF-D103,in_use,27.67,50.82,14.71,77.83,93.44,25.19
2024-01-15 09:03:30,KF-D103,in_use,48.14,49.98,15.97,77.76,,28.2
2024-01-15 09:04:00,KF-D103,in_use,40.56,50.21,17.77,77.69,89.78,26.89
2024-01-15 09:04:30,KF-D103,in_use,37.62,50.03,15.91,77.63,92.88,25.82
2024-01-15 09:05:00,KF-D103,in_use,30.85,50.07,18.97,77.58,89.66,28.94
2024-01-15 09:05:30,KF-D103,in_use,32.79,50.7,21.33,77.5,93.52,25.23
2024-01-15 09:06:00,KF-D103,in_use,28.3,49.83,20.69,77.45,90.43,29.58
2024-01-15 09:06:30,KF-D103,in_use,36.69,50.68,18.39,77.38,89.42,26.18
2024-01-15 09:07:00,KF-D103,in_use,32.3,50.21,16.89,,95.3,30.61
2024-01-15 09:07:30,KF-D103,in_use,,50.16,,77.27,90.5,26.0
2024-01-15 09:08:00,KF-D103,in_use,27.13,50.37,17.78,77.22,93.92,27.54
2024-01-15 09:08:30,KF-D103,in_use,44.3,50.02,18.85,77.12,89.86,31.1
2024-01-15 09:09:00,KF-D103,in_use,26.38,50.51,18.55,77.05,92.92,24.43
2024-01-15 09:09:30,KF-D103,in_use,33.32,50.83,20.52,77.0,89.93,24.73
2024-01-15 09:10:00,KF-D103,in_use,19.49,50.76,15.46,76.95,90.32,30.89
2024-01-15 09:10:30,KF-D103,in_use,30.67,51.03,17.64,76.89,91.1,26.44
2024-01-15 09:11:00,KF-D103,in_use,23.79,50.62,19.88,76.85,92.74,22.24
2024-01-15 09:11:30,KF-D103,in_use,33.04,50.56,17.16,76.8,92.18,26.96
2024-01-15 09:12:00,KF-D103,in_use,35.45,49.83,17.11,76.75,90.02,25.24
2024-01-15 09:12:30,KF-D103,in_use,31.96,50.85,19.68,76.69,93.58,28.68
2024-01-15 09:13:00,KF-D103,in_use,29.19,50.23,18.42,76.63,,25.52
2024-01-15 09:13:30,KF-D103,in_use,37.09,50.95,16.05,76.58,90.63,24.19
2024-01-15 09:14:00,KF-D103,in_use,27.96,51.11,20.87,76.52,,25.97
2024-01-15 09:14:30,KF-D103,in_use,28.31,50.71,17.92,76.46,89.01,25.55
2024-01-15 09:15:00,KF-D103,in_use,45.53,50.66,15.92,76.38,90.34,26.9
2024-01-15 09:15:30,KF-D103,in_use,32.29,51.27,20.93,76.33,92.11,29.65
2024-01-15 09:16:00,KF-D103,in_use,23.11,50.63,15.67,76.26,89.51,29.32
2024-01-15 09:16:30,KF-D103,in_use,28.15,50.57,18.46,76.2,91.16,27.69
2024-01-15 09:17:00,KF-D103,in_use,43.49,50.52,20.26,76.14,,24.23
2024-01-15 09:17:30,KF-D103,in_use,38.47,51.19,19.16,76.07,89.3,26.71
2024-01-15 09:18:00,KF-D103,in_use,31.31,51.44,16.83,76.0,91.29,25.11
2024-01-15 09:18:30,KF-D103,in_use,36.44,50.04,18.74,75.93,92.55,
2024-01-15 09:19:00,KF-D103,in_use,31.57,50.33,17.06,75.89,91.89,26.79
2024-01-15 09:19:30,KF-D103,in_use,23.5,50.73,13.32,75.83,94.19,27.34
2024-01-15 09:20:00,KF-D103,in_use,38.79,50.24,18.48,75.76,87.22,28.41
2024-01-15 09:20:30,KF-D103,in_use,31.87,50.47,18.08,75.7,88.64,26.87
2024-01-15 09:21:00,KF-D103,in_use,36.11,50.25,18.31,75.65,87.93,23.52
2024-01-15 09:21:30,KF-D103,in_use,35.9,50.93,16.14,75.57,88.61,
2024-01-15 09:22:00,KF-D103,in_use,23.14,50.53,16.19,75.51,89.92,30.03
2024-01-15 09:22:30,KF-D103,in_use,28.37,50.61,16.64,75.44,86.54,29.96
2024-01-15 09:23:00,KF-D103,in_use,25.76,50.1,16.79,75.38,92.3,29.41
2024-01-15 09:23:30,KF-D103,in_use,29.62,50.37,21.0,75.31,89.97,30.96
2024-01-15 09:24:00,KF-D103,in_use,31.29,50.11,19.69,75.24,92.8,
2024-01-15 09:24:30,KF-D103,in_use,,50.53,17.25,75.19,90.24,29.15
2024-01-15 09:25:00,KF-D103,in_use,39.24,51.33,13.42,75.13,92.57,28.43
2024-01-15 09:25:30,KF-D103,in_use,29.19,50.43,15.81,75.07,92.43,25.87
2024-01-15 09:26:00,KF-D103,in_use,28.61,50.56,20.76,75.0,89.67,28.75
2024-01-15 09:26:30,KF-D103,in_use,41.89,49.93,19.17,74.93,91.61,26.48
2024-01-15 09:27:00,KF-D103,in_use,30.89,,16.23,74.87,90.77,25.92
2024-01-15 09:27:30,KF-D103,in_use,25.89,50.38,16.82,,89.92,29.37
2024-01-15 09:28:00,KF-D103,in_use,41.94,50.66,13.81,74.74,94.07,25.27
2024-01-15 09:28:30,KF-D103,in_use,32.38,50.45,19.78,74.68,92.66,28.18
2024-01-15 09:29:00,KF-D103,in_use,38.71,50.73,16.66,74.62,93.83,29.0
2024-01-15 09:29:30,KF-D103,in_use,36.91,51.07,15.5,74.55,88.9,25.44
2024-01-15 09:30:00,KF-D103,in_use,30.73,50.56,,74.48,93.31,26.75
2024-01-15 09:30:30,KF-D103,in_use,39.14,50.95,17.04,74.42,91.58,
2024-01-15 09:31:00,KF-D103,in_use,24.23,50.26,17.99,74.35,90.36,24.37
2024-01-15 09:31:30,KF-D103,in_use,32.4,50.45,17.51,74.29,88.6,
2024-01-15 09:32:00,KF-D103,in_use,29.3,,17.54,74.23,92.6,24.99
2024-01-15 09:32:30,KF-D103,in_use,36.04,50.75,16.37,74.17,94.37,27.03
2024-01-15 09:33:00,KF-D103,in_use,34.1,50.9,12.18,74.1,92.29,27.06
2024-01-15 09:33:30,KF-D103,in_use,28.36,,17.5,74.06,88.25,26.84
2024-01-15 09:34:00,KF-D103,in_use,34.84,50.44,15.31,74.02,92.32,23.88
2024-01-15 09:34:30,KF-D103,in_use,29.14,50.66,15.72,73.96,88.47,27.5
2024-01-15 09:35:00,KF-D103,in_use,39.86,49.7,,73.9,94.86,27.0
2024-01-15 09:35:30,KF-D103,in_use,30.72,51.29,17.67,73.86,92.49,28.71
2024-01-15 09:36:00,KF-D103,in_use,44.32,50.71,18.82,73.8,92.28,23.89
2024-01-15 09:36:30,KF-D103,in_use,32.29,50.68,19.24,73.74,89.24,30.64
2024-01-15 09:37:00,KF-D103,in_use,21.79,,17.92,73.67,93.41,26.09
2024-01-15 09:37:30,KF-D103,in_use,41.84,50.26,18.08,73.61,88.85,27.0
2024-01-15 09:38:00,KF-D103,in_use,,50.64,16.95,73.56,92.81,30.14
2024-01-15 09:38:30,KF-D103,in_use,25.85,50.88,20.06,73.5,90.07,26.18
2024-01-15 09:39:00,KF-D103,in_use,,50.72,16.09,73.44,88.61,27.11
2024-01-15 09:39:30,KF-D103,in_use,45.15,50.07,19.19,73.36,90.14,23.67
2024-01-15 09:40:00,KF-D103,in_use,33.23,50.23,21.32,73.28,92.7,27.79
2024-01-15 09:40:30,KF-D103,in_use,21.68,50.81,17.42,73.22,91.25,25.77
2024-01-15 09:41:00,KF-D103,in_use,15.08,50.19,17.44,73.17,87.29,27.81
2024-01-15 09:41:30,KF-D103,in_use,35.3,50.64,18.93,73.11,89.47,27.85
2024-01-15 09:42:00,KF-D103,in_use,37.56,51.61,19.96,73.04,88.66,25.47
2024-01-15 09:42:30,KF-D103,in_use,47.52,50.19,16.01,72.98,91.61,27.09
2024-01-15 09:43:00,KF-D103,in_use,33.72,50.45,18.03,72.92,89.2,
2024-01-15 09:43:30,KF-D103,in_use,35.66,50.86,20.61,72.86,91.57,
2024-01-15 09:44:00,KF-D103,in_use,40.2,50.6,18.73,72.79,87.81,26.85
2024-01-15 09:44:30,KF-D103,in_use,42.33,50.39,,72.73,90.94,27.66
2024-01-15 09:45:00,KF-D103,in_use,22.62,51.13,18.7,72.66,89.56,24.11
2024-01-15 09:45:30,KF-D103,in_use,38.83,50.65,17.76,72.6,89.73,25.07
2024-01-15 09:46:00,KF-D103,in_use,36.82,50.9,17.76,72.55,94.15,
2024-01-15 09:46:30,KF-D103,in_use,35.83,48.96,20.15,72.5,87.63,28.18
2024-01-15 09:47:00,KF-D103,in_use,23.19,50.45,17.31,72.43,91.71,27.38
2024-01-15 09:47:30,KF-D103,in_use,29.72,50.21,16.44,72.37,90.33,26.76
2024-01-15 09:48:00,KF-D103,in_use,35.59,50.57,18.45,72.3,89.59,30.94
2024-01-15 09:48:30,KF-D103,in_use,49.97,50.72,18.33,72.24,91.54,29.8
2024-01-15 09:49:00,KF-D103,in_use,32.03,50.45,16.82,72.18,93.38,24.18
2024-01-15 09:49:30,KF-D103,in_use,33.65,50.1,18.06,72.12,90.76,25.52
2024-01-15 09:50:00,KF-D103,in_use,35.42,50.22,16.8,72.05,90.01,29.33
2024-01-15 09:50:30,KF-D103,in_use,43.05,51.12,18.77,71.98,90.91,29.29
2024-01-15 09:51:00,KF-D103,in_use,23.51,50.87,17.99,,93.04,27.68
2024-01-15 09:51:30,KF-D103,in_use,36.21,50.33,,71.87,93.46,24.05
2024-01-15 09:52:00,KF-D103,in_use,42.15,50.91,18.12,71.81,90.67,28.51
2024-01-15 09:52:30,KF-D103,in_use,40.03,50.85,,71.75,91.56,25.17
2024-01-15 09:53:00,KF-D103,in_use,50.86,50.81,18.14,71.67,89.11,28.81
2024-01-15 09:53:30,KF-D103,in_use,,50.14,19.51,71.6,88.6,25.32
2024-01-15 09:54:00,KF-D103,in_use,49.12,50.45,20.42,71.55,90.82,29.99
2024-01-15 09:54:30,KF-D103,in_use,29.7,50.16,21.48,71.49,90.98,26.93
2024-01-15 09:55:00,KF-D103,in_use,32.69,,17.38,71.43,93.23,29.82
2024-01-15 09:55:30,KF-D103,in_use,45.08,50.45,13.95,71.36,92.91,25.82
2024-01-15 09:56:00,KF-D103,in_use,29.73,50.42,15.99,71.3,91.0,28.38
2024-01-15 09:56:30,KF-D103,in_use,32.45,50.41,17.32,71.25,92.45,22.59
2024-01-15 09:57:00,KF-D103,in_use,36.81,50.92,19.19,71.19,91.24,
2024-01-15 09:57:30,KF-D103,in_use,25.13,50.64,16.02,71.13,89.85,23.33
2024-01-15 09:58:00,KF-D103,in_use,,49.72,19.19,71.08,87.43,26.54
2024-01-15 09:58:30,KF-D103,in_use,39.08,50.24,16.39,71.01,89.95,28.14
2024-01-15 09:59:00,KF-D103,in_use,29.46,50.88,18.6,70.95,94.48,26.35
2024-01-15 09:59:30,KF-D103,in_use,32.01,50.51,,70.89,88.73,21.77
2024-01-15 10:00:00,KF-D103,in_use,11.99,50.79,19.88,70.84,92.28,27.32
2024-01-15 10:00:30,KF-D103,in_use,26.48,50.2,15.93,70.77,92.43,27.66
2024-01-15 10:01:00,KF-D103,in_use,26.16,51.31,17.17,70.72,93.47,26.06
2024-01-15 10:01:30,KF-D103,in_use,46.02,51.19,,70.65,91.7,27.57
2024-01-15 10:02:00,KF-D103,in_use,19.01,50.41,22.33,70.58,92.61,27.9
2024-01-15 10:02:30,KF-D103,in_use,27.33,51.39,18.41,70.5,91.3,26.33
2024-01-15 10:03:00,KF-D103,in_use,34.34,50.33,20.37,70.45,88.38,27.93
2024-01-15 10:03:30,KF-D103,in_use,44.74,50.36,17.86,70.4,85.66,24.83
2024-01-15 10:04:00,KF-D103,in_use,,49.92,15.18,70.34,92.15,28.75
2024-01-15 10:04:30,KF-D103,in_use,38.6,50.2,19.12,70.29,87.54,23.5
2024-01-15 10:05:00,KF-D103,in_use,35.68,50.33,19.68,,93.65,26.35
2024-01-15 10:05:30,KF-D103,in_use,37.2,49.34,20.39,70.19,94.59,25.78
2024-01-15 10:06:00,KF-D103,in_use,24.45,50.74,20.12,70.12,89.06,
2024-01-15 10:06:30,KF-D103,in_use,19.72,51.12,19.66,70.07,89.91,25.96
2024-01-15 10:07:00,KF-D103,in_use,31.34,50.62,17.57,70.02,91.61,25.21
2024-01-15 10:07:30,KF-D103,in_use,43.62,51.94,18.08,69.95,93.84,29.03
2024-01-15 10:08:00,KF-D103,in_use,37.55,50.31,17.39,69.87,91.35,26.54
2024-01-15 10:08:30,KF-D103,in_use,25.76,50.51,13.85,69.82,90.11,23.53
2024-01-15 10:09:00,KF-D103,in_use,33.45,50.64,16.45,69.76,92.49,27.53
2024-01-15 10:09:30,KF-D103,in_use,37.09,50.45,20.01,69.68,91.46,26.52
2024-01-15 10:10:00,KF-D103,in_use,42.18,50.56,19.53,,92.43,28.58
2024-01-15 10:10:30,KF-D103,in_use,48.77,50.57,20.49,69.56,86.31,25.98
2024-01-15 10:11:00,KF-D103,in_use,35.38,49.67,,69.51,91.72,27.06
2024-01-15 10:11:30,KF-D103,in_use,51.09,50.87,18.0,69.46,90.88,29.35
2024-01-15 10:12:00,KF-D103,in_use,35.06,50.22,17.39,69.4,89.84,28.8
2024-01-15 10:12:30,KF-D103,in_use,31.04,,21.96,69.34,92.15,28.06
2024-01-15 10:13:00,KF-D103,in_use,31.11,50.18,14.38,69.29,88.45,28.75
2024-01-15 10:13:30,KF-D103,in_use,28.23,,21.79,69.23,93.86,28.17
2024-01-15 10:14:00,KF-D103,in_use,26.57,49.79,16.2,69.17,89.6,26.49
2024-01-15 10:14:30,KF-D103,in_use,43.19,50.07,18.43,69.12,89.47,25.95
2024-01-15 10:15:00,KF-D103,in_use,28.11,50.12,18.83,69.07,93.07,27.69
2024-01-15 10:15:30,KF-D103,in_use,36.08,50.64,19.51,69.0,88.67,26.02
2024-01-15 10:16:00,KF-D103,in_use,22.33,,17.77,68.95,92.19,24.54
2024-01-15 10:16:30,KF-D103,in_use,26.46,50.35,15.71,68.88,90.01,28.09
2024-01-15 10:17:00,KF-D103,in_use,27.81,50.72,16.91,68.81,90.98,29.81
2024-01-15 10:17:30,KF-D103,in_use,42.48,50.79,18.71,68.75,88.53,25.23
2024-01-15 10:18:00,KF-D103,in_use,34.67,50.76,22.28,68.71,92.42,25.42
2024-01-15 10:18:30,KF-D103,in_use,29.7,50.37,21.14,68.65,88.97,29.36
2024-01-15 10:19:00,KF-D103,in_use,32.48,50.46,14.69,68.59,94.1,27.49
2024-01-15 10:19:30,KF-D103,in_use,30.05,50.7,16.97,68.53,92.09,27.19
2024-01-15 10:20:00,KF-D103,in_use,29.54,51.44,19.31,68.46,93.99,28.44
2024-01-15 10:20:30,KF-D103,in_use,,51.17,18.43,68.41,92.94,
2024-01-15 10:21:00,KF-D103,in_use,27.74,50.71,19.21,68.35,88.02,27.0
2024-01-15 10:21:30,KF-D103,in_use,42.74,50.83,17.67,68.26,90.37,26.58
2024-01-15 10:22:00,KF-D103,in_use,30.43,50.62,16.02,68.22,90.72,30.53
2024-01-15 10:22:30,KF-D103,in_use,39.26,50.68,18.53,68.15,90.87,25.68
2024-01-15 10:23:00,KF-D103,in_use,36.62,50.68,19.29,68.11,87.4,25.04
2024-01-15 10:23:30,KF-D103,in_use,45.12,50.11,15.87,68.06,92.47,27.06
2024-01-15 10:24:00,KF-D103,in_use,26.83,50.33,20.0,68.0,93.4,26.41
2024-01-15 10:24:30,KF-D103,in_use,16.58,51.05,17.12,67.95,93.28,26.39
2024-01-15 10:25:00,KF-D103,in_use,25.18,51.0,21.49,67.89,90.37,23.68
2024-01-15 10:25:30,KF-D103,in_use,45.47,50.09,14.82,67.83,89.46,26.18
2024-01-15 10:26:00,KF-D103,in_use,36.13,50.48,17.23,67.78,88.45,27.58
2024-01-15 10:26:30,KF-D103,in_use,51.63,50.68,18.29,67.73,91.71,27.86
2024-01-15 10:27:00,KF-D103,in_use,33.89,,,67.68,91.8,27.36
2024-01-15 10:27:30,KF-D103,in_use,33.23,50.9,16.58,67.62,92.19,27.07
2024-01-15 10:28:00,KF-D103,in_use,,49.61,17.94,67.56,88.82,27.26
2024-01-15 10:28:30,KF-D103,in_use,47.29,50.44,15.91,67.51,89.63,25.15
2024-01-15 10:29:00,KF-D103,in_use,44.97,50.05,14.84,67.44,89.9,28.25
2024-01-15 10:29:30,KF-D103,in_use,22.93,50.7,18.71,67.39,89.98,26.45
2024-01-15 10:30:00,KF-D103,in_use,30.44,50.32,17.04,67.33,91.01,27.26
2024-01-15 10:30:30,KF-D103,in_use,33.38,49.72,16.34,67.27,92.18,25.1
2024-01-15 10:31:00,KF-D103,in_use,45.08,50.13,19.88,67.19,87.95,27.85
2024-01-15 10:31:30,KF-D103,in_use,35.49,51.08,21.13,67.13,90.72,27.48
2024-01-15 10:32:00,KF-D103,in_use,44.38,,16.17,67.07,90.47,29.88
2024-01-15 10:32:30,KF-D103,in_use,50.21,50.28,20.73,67.01,93.49,28.84
2024-01-15 10:33:00,KF-D103,in_use,37.14,50.8,,66.93,,25.14
2024-01-15 10:33:30,KF-D103,in_use,35.55,50.24,15.56,66.87,86.9,29.53
2024-01-15 10:34:00,KF-D103,in_use,37.35,50.64,17.2,66.83,89.39,26.33
2024-01-15 10:34:30,KF-D103,in_use,33.73,49.48,16.32,66.76,92.11,26.38
2024-01-15 10:35:00,KF-D103,in_use,44.3,51.32,20.53,66.69,,27.28
2024-01-15 10:35:30,KF-D103,in_use,42.02,50.6,16.12,66.64,87.62,28.57
2024-01-15 10:36:00,KF-D103,in_use,33.13,50.92,14.7,66.57,89.61,25.56
2024-01-15 10:36:30,KF-D103,in_use,31.55,50.92,18.59,66.51,92.38,26.71
2024-01-15 10:37:00,KF-D103,in_use,46.02,51.14,15.35,66.43,88.16,24.62
2024-01-15 10:37:30,KF-D103,in_use,31.53,50.87,16.93,66.36,90.53,25.87
2024-01-15 10:38:00,KF-D103,in_use,40.57,49.71,18.93,66.31,89.67,25.22
2024-01-15 10:38:30,KF-D103,in_use,47.62,50.06,19.3,66.25,91.35,22.76
2024-01-15 10:39:00,KF-D103,in_use,42.92,,19.66,,94.4,29.32
2024-01-15 10:39:30,KF-D103,in_use,35.49,51.04,17.34,66.13,89.14,25.26
2024-01-15 10:40:00,KF-D103,in_use,34.71,50.16,17.61,66.08,91.54,28.9
2024-01-15 10:40:30,KF-D103,in_use,44.8,50.04,19.04,66.03,88.32,26.42
2024-01-15 10:41:00,KF-D103,in_use,37.56,50.43,17.98,65.99,90.94,27.18
2024-01-15 10:41:30,KF-D103,in_use,37.73,50.82,17.48,65.92,89.38,28.49
2024-01-15 10:42:00,KF-D103,in_use,32.94,49.88,19.32,65.86,90.79,28.02
2024-01-15 10:42:30,KF-D103,in_use,38.18,50.12,17.4,65.79,93.95,25.56
2024-01-15 10:43:00,KF-D103,in_use,44.82,50.53,17.25,65.75,92.91,24.56
2024-01-15 10:43:30,KF-D103,in_use,35.35,50.36,18.16,65.69,,25.02
2024-01-15 10:44:00,KF-D103,in_use,41.17,50.13,18.0,65.62,92.28,26.65
2024-01-15 10:44:30,KF-D103,in_use,,50.44,18.28,65.55,90.36,29.79
2024-01-15 10:45:00,KF-D103,in_use,32.37,50.87,18.62,65.5,,26.61
2024-01-15 10:45:30,KF-D103,in_use,28.98,50.4,19.2,65.43,90.48,30.13
2024-01-15 10:46:00,KF-D103,in_use,,50.46,18.28,65.37,92.8,28.86
2024-01-15 10:46:30,KF-D103,in_use,34.47,,18.52,65.3,92.8,24.05
2024-01-15 10:47:00,KF-D103,in_use,33.6,50.68,21.0,65.24,90.05,28.13
2024-01-15 10:47:30,KF-D103,in_use,28.97,51.08,20.32,65.18,91.42,22.53
2024-01-15 10:48:00,KF-D103,in_use,38.01,50.88,16.15,65.12,90.38,31.06
2024-01-15 10:48:30,KF-D103,in_use,32.93,51.17,20.14,65.06,,21.91
2024-01-15 10:49:00,KF-D103,in_use,32.89,50.28,20.58,64.99,91.3,25.24
2024-01-15 10:49:30,KF-D103,in_use,46.12,50.3,18.17,64.94,,25.69
2024-01-15 10:50:00,KF-D103,in_use,26.12,51.27,16.75,64.89,92.22,27.33
2024-01-15 10:50:30,KF-D103,in_use,49.61,50.29,16.54,64.84,91.16,29.74
2024-01-15 10:51:00,KF-D103,in_use,45.9,51.13,20.42,,91.16,27.65
2024-01-15 10:51:30,KF-D103,in_use,47.2,50.64,17.93,64.72,89.94,26.46
2024-01-15 10:52:00,KF-D103,in_use,45.06,50.24,20.67,64.65,87.82,31.28
2024-01-15 10:52:30,KF-D103,in_use,50.4,50.99,15.55,64.58,91.36,28.04
2024-01-15 10:53:00,KF-D103,in_use,39.85,50.09,18.34,64.5,93.22,24.46
2024-01-15 10:53:30,KF-D103,in_use,31.46,50.11,17.8,64.44,92.15,27.98
2024-01-15 10:54:00,KF-D103,in_use,36.28,49.96,18.74,64.39,89.78,
2024-01-15 10:54:30,KF-D103,in_use,47.26,50.29,20.68,64.34,90.53,
2024-01-15 10:55:00,KF-D103,in_use,31.52,49.74,17.64,64.28,94.57,25.21
2024-01-15 10:55:30,KF-D103,in_use,39.0,50.7,18.96,64.21,90.06,27.44
2024-01-15 10:56:00,KF-D103,in_use,35.95,50.98,21.32,,93.53,29.89
2024-01-15 10:56:30,KF-D103,in_use,39.31,49.82,,64.11,92.76,26.84
2024-01-15 10:57:00,KF-D103,in_use,25.33,50.22,19.05,64.06,90.16,23.9
2024-01-15 10:57:30,KF-D103,in_use,36.66,51.27,19.83,64.0,93.88,27.58
2024-01-15 10:58:00,KF-D103,in_use,27.54,50.05,18.05,,88.64,
2024-01-15 10:58:30,KF-D103,in_use,36.98,50.81,19.18,63.89,93.28,26.84
2024-01-15 10:59:00,KF-D103,in_use,29.53,49.93,18.61,63.83,92.35,25.84
2024-01-15 10:59:30,KF-D103,in_use,32.94,50.06,16.69,63.78,89.88,24.73
2024-01-15 11:00:00,KF-D103,charging,0.0,52.17,-11.66,,91.28,26.16
2024-01-15 11:00:30,KF-D103,charging,0.0,51.97,-12.06,63.78,91.87,28.33
2024-01-15 11:01:00,KF-D103,charging,0.0,51.95,-12.56,63.78,88.78,27.05
2024-01-15 11:01:30,KF-D103,charging,0.0,52.49,-11.7,63.78,90.63,28.36
2024-01-15 11:02:00,KF-D103,charging,0.0,51.8,-10.76,63.78,94.19,24.92
2024-01-15 11:02:30,KF-D103,charging,0.0,51.81,,63.78,95.01,27.85
2024-01-15 11:03:00,KF-D103,charging,0.0,51.89,-12.13,63.78,89.59,26.66
2024-01-15 11:03:30,KF-D103,charging,0.0,52.36,-11.69,63.78,92.55,22.75
2024-01-15 11:04:00,KF-D103,charging,0.0,51.95,-13.36,,95.15,26.78
2024-01-15 11:04:30,KF-D103,charging,0.0,52.01,-10.19,63.78,90.15,27.62
2024-01-15 11:05:00,KF-D103,charging,0.0,52.01,-10.95,63.78,87.3,25.91
2024-01-15 11:05:30,KF-D103,charging,0.0,52.16,-13.98,63.78,95.38,27.19
2024-01-15 11:06:00,KF-D103,charging,0.0,51.97,-12.68,63.78,88.73,26.38
2024-01-15 11:06:30,KF-D103,charging,0.0,52.04,-12.51,63.78,91.79,29.77
2024-01-15 11:07:00,KF-D103,charging,0.0,51.55,-11.4,63.78,88.96,27.3
2024-01-15 11:07:30,KF-D103,charging,0.0,52.03,-13.0,63.78,89.74,27.37
2024-01-15 11:08:00,KF-D103,charging,0.0,52.33,-10.96,63.78,88.83,25.19
2024-01-15 11:08:30,KF-D103,charging,0.0,52.05,-8.79,63.78,92.59,29.24
2024-01-15 11:09:00,KF-D103,charging,0.0,52.01,-11.22,63.78,91.86,26.54
2024-01-15 11:09:30,KF-D103,charging,0.0,51.63,-13.31,63.78,90.08,27.68
2024-01-15 11:10:00,KF-D103,charging,0.0,52.31,-12.62,63.78,93.9,26.64
2024-01-15 11:10:30,KF-D103,charging,,,-10.49,63.78,89.05,27.67
2024-01-15 11:11:00,KF-D103,charging,0.0,51.98,-11.32,63.78,,23.78
2024-01-15 11:11:30,KF-D103,charging,,52.06,-11.01,63.78,93.84,26.23
2024-01-15 11:12:00,KF-D103,charging,0.0,51.65,-13.01,63.78,89.09,26.53
2024-01-15 11:12:30,KF-D103,charging,0.0,52.13,-10.95,63.78,90.24,26.66
2024-01-15 11:13:00,KF-D103,charging,0.0,52.01,-13.37,63.78,91.36,25.47
2024-01-15 11:13:30,KF-D103,charging,0.0,52.19,-10.93,63.78,93.08,29.14
2024-01-15 11:14:00,KF-D103,charging,0.0,52.05,-12.6,63.78,93.02,25.7
2024-01-15 11:14:30,KF-D103,charging,0.0,52.27,-12.0,63.78,91.12,
2024-01-15 11:15:00,KF-D103,charging,0.0,52.29,-11.93,63.78,88.36,27.51
2024-01-15 11:15:30,KF-D103,charging,0.0,52.05,-10.33,63.78,91.67,
2024-01-15 11:16:00,KF-D103,charging,,52.03,-11.49,63.78,88.94,26.32
2024-01-15 11:16:30,KF-D103,charging,0.0,52.29,,63.78,92.32,23.78
2024-01-15 11:17:00,KF-D103,charging,0.0,51.92,-13.06,63.78,91.95,29.01
2024-01-15 11:17:30,KF-D103,charging,0.0,51.69,-11.65,63.78,,26.62
2024-01-15 11:18:00,KF-D103,charging,0.0,51.81,-10.31,63.78,91.12,28.79
2024-01-15 11:18:30,KF-D103,charging,0.0,51.99,-11.84,,89.91,27.17
2024-01-15 11:19:00,KF-D103,charging,0.0,52.07,-11.9,63.78,91.3,24.56
2024-01-15 11:19:30,KF-D103,charging,0.0,51.95,-12.16,63.78,92.97,24.34
2024-01-15 11:20:00,KF-D103,charging,0.0,52.18,-12.35,63.78,91.34,30.71
2024-01-15 11:20:30,KF-D103,charging,0.0,51.93,-11.3,63.78,91.97,29.08
2024-01-15 11:21:00,KF-D103,charging,0.0,51.87,-11.72,63.78,93.16,25.02
2024-01-15 11:21:30,KF-D103,charging,0.0,52.07,-10.64,,88.41,26.28
2024-01-15 11:22:00,KF-D103,charging,0.0,52.04,-13.43,63.78,93.67,27.72
2024-01-15 11:22:30,KF-D103,charging,0.0,52.04,-11.79,63.78,87.46,24.95
2024-01-15 11:23:00,KF-D103,charging,0.0,52.0,-11.93,63.78,89.03,27.05
2024-01-15 11:23:30,KF-D103,charging,0.0,51.99,-11.39,63.78,92.01,26.4
2024-01-15 11:24:00,KF-D103,charging,0.0,52.35,-13.28,63.78,87.18,25.4
2024-01-15 11:24:30,KF-D103,charging,0.0,51.96,-12.54,63.78,,22.51
2024-01-15 11:25:00,KF-D103,charging,0.0,52.15,-10.03,,94.51,27.98
2024-01-15 11:25:30,KF-D103,charging,,52.04,-13.74,63.78,94.63,25.81
2024-01-15 11:26:00,KF-D103,charging,0.0,,-12.36,63.78,93.0,26.58
2024-01-15 11:26:30,KF-D103,charging,0.0,51.92,-12.03,63.78,91.47,27.63
2024-01-15 11:27:00,KF-D103,charging,0.0,52.2,-10.59,63.78,91.51,
2024-01-15 11:27:30,KF-D103,charging,0.0,52.16,-10.97,63.78,94.67,28.0
2024-01-15 11:28:00,KF-D103,charging,,51.8,-11.32,63.78,89.99,24.76
2024-01-15 11:28:30,KF-D103,charging,,51.64,-12.7,63.78,94.31,25.73
2024-01-15 11:29:00,KF-D103,charging,0.0,52.34,-12.2,63.78,91.39,27.36
2024-01-15 11:29:30,KF-D103,charging,0.0,51.89,-11.86,63.78,94.4,26.7
2024-01-15 11:30:00,KF-D103,not_in_use,0.0,51.76,0.0,63.78,90.0,26.26
2024-01-15 11:30:30,KF-D103,not_in_use,0.0,51.9,0.0,63.78,89.79,25.81
2024-01-15 11:31:00,KF-D103,not_in_use,0.0,51.94,0.0,63.78,88.63,
2024-01-15 11:31:30,KF-D103,not_in_use,0.0,52.14,0.0,63.78,88.92,29.05
2024-01-15 11:32:00,KF-D103,not_in_use,0.0,51.85,,63.78,90.25,28.08
2024-01-15 11:32:30,KF-D103,not_in_use,0.0,,0.0,63.78,92.17,25.15
2024-01-15 11:33:00,KF-D103,not_in_use,0.0,,0.0,63.78,91.5,24.28
2024-01-15 11:33:30,KF-D103,not_in_use,0.0,52.34,0.0,63.78,89.75,25.36
2024-01-15 11:34:00,KF-D103,not_in_use,0.0,51.79,0.0,63.78,90.68,26.11
2024-01-15 11:34:30,KF-D103,not_in_use,0.0,51.93,0.0,63.78,91.17,
2024-01-15 11:35:00,KF-D103,not_in_use,0.0,51.98,0.0,63.78,90.94,28.41
2024-01-15 11:35:30,KF-D103,not_in_use,,51.86,0.0,63.78,88.19,24.81
2024-01-15 11:36:00,KF-D103,not_in_use,0.0,51.52,0.0,63.78,91.16,29.6
2024-01-15 11:36:30,KF-D103,not_in_use,0.0,51.94,0.0,63.78,94.03,28.32
2024-01-15 11:37:00,KF-D103,not_in_use,0.0,52.18,0.0,63.78,92.09,25.66
2024-01-15 11:37:30,KF-D103,not_in_use,0.0,52.11,0.0,,87.79,25.18
2024-01-15 11:38:00,KF-D103,not_in_use,0.0,52.05,0.0,63.78,91.55,29.26
2024-01-15 11:38:30,KF-D103,not_in_use,0.0,52.11,0.0,63.78,91.36,26.65
2024-01-15 11:39:00,KF-D103,not_in_use,0.0,51.96,0.0,63.78,,29.57
2024-01-15 11:39:30,KF-D103,not_in_use,0.0,51.78,,63.78,93.7,25.09
2024-01-15 11:40:00,KF-D103,not_in_use,0.0,51.93,0.0,63.78,95.42,28.33
2024-01-15 11:40:30,KF-D103,not_in_use,0.0,52.35,0.0,,91.77,26.2
2024-01-15 11:41:00,KF-D103,not_in_use,0.0,52.16,0.0,63.78,90.95,24.45
2024-01-15 11:41:30,KF-D103,not_in_use,0.0,52.01,0.0,63.78,92.25,24.49
2024-01-15 11:42:00,KF-D103,not_in_use,0.0,52.0,0.0,63.78,89.19,26.45
2024-01-15 11:42:30,KF-D103,not_in_use,0.0,51.84,0.0,63.78,92.72,27.6
2024-01-15 11:43:00,KF-D103,not_in_use,0.0,51.94,0.0,63.78,89.68,29.27
2024-01-15 11:43:30,KF-D103,not_in_use,0.0,52.09,0.0,63.78,94.71,28.52
2024-01-15 11:44:00,KF-D103,not_in_use,0.0,51.64,0.0,63.78,88.5,26.13
2024-01-15 11:44:30,KF-D103,not_in_use,0.0,52.16,0.0,63.78,,28.7
2024-01-15 11:45:00,KF-D103,not_in_use,0.0,,0.0,63.78,92.87,28.28
2024-01-15 11:45:30,KF-D103,not_in_use,0.0,51.86,0.0,63.78,,
2024-01-15 11:46:00,KF-D103,not_in_use,0.0,51.73,0.0,63.78,90.76,28.37
2024-01-15 11:46:30,KF-D103,not_in_use,0.0,52.16,0.0,63.78,92.13,26.02
2024-01-15 11:47:00,KF-D103,not_in_use,0.0,51.87,0.0,63.78,92.97,25.86
2024-01-15 11:47:30,KF-D103,not_in_use,0.0,52.19,0.0,63.78,,24.45
2024-01-15 11:48:00,KF-D103,not_in_use,0.0,51.83,0.0,63.78,92.77,26.72
2024-01-15 11:48:30,KF-D103,not_in_use,0.0,52.07,0.0,63.78,93.87,24.73
2024-01-15 11:49:00,KF-D103,not_in_use,0.0,51.95,0.0,63.78,92.24,25.75
2024-01-15 11:49:30,KF-D103,not_in_use,0.0,52.15,0.0,,92.37,26.51
2024-01-15 11:50:00,KF-D103,not_in_use,0.0,52.26,,63.78,94.24,
2024-01-15 11:50:30,KF-D103,not_in_use,0.0,52.24,0.0,63.78,89.26,25.8
2024-01-15 11:51:00,KF-D103,not_in_use,0.0,51.81,0.0,63.78,93.43,27.25
2024-01-15 11:51:30,KF-D103,not_in_use,0.0,51.79,0.0,63.78,91.1,25.13
2024-01-15 11:52:00,KF-D103,not_in_use,0.0,52.03,0.0,63.78,94.2,24.22
2024-01-15 11:52:30,KF-D103,not_in_use,0.0,52.18,0.0,63.78,92.28,25.7
2024-01-15 11:53:00,KF-D103,not_in_use,0.0,52.03,0.0,63.78,88.6,22.41
2024-01-15 11:53:30,KF-D103,not_in_use,0.0,52.14,0.0,,91.5,25.35
2024-01-15 11:54:00,KF-D103,not_in_use,0.0,52.07,0.0,63.78,91.28,25.36
2024-01-15 11:54:30,KF-D103,not_in_use,0.0,52.37,,63.78,88.99,28.98
2024-01-15 11:55:00,KF-D103,not_in_use,0.0,51.75,0.0,63.78,88.44,26.24
2024-01-15 11:55:30,KF-D103,not_in_use,0.0,51.95,0.0,63.78,90.89,26.24
2024-01-15 11:56:00,KF-D103,not_in_use,0.0,51.9,0.0,63.78,87.28,25.16
2024-01-15 11:56:30,KF-D103,not_in_use,0.0,52.16,0.0,63.78,93.83,26.99
2024-01-15 11:57:00,KF-D103,not_in_use,0.0,51.83,0.0,63.78,90.15,
2024-01-15 11:57:30,KF-D103,not_in_use,0.0,51.88,0.0,63.78,92.75,26.61
2024-01-15 11:58:00,KF-D103,not_in_use,0.0,52.51,0.0,63.78,91.77,27.72
2024-01-15 11:58:30,KF-D103,not_in_use,0.0,51.63,,63.78,93.23,27.49
2024-01-15 11:59:00,KF-D103,not_in_use,0.0,51.86,,63.78,90.35,24.71
2024-01-15 11:59:30,KF-D103,not_in_use,0.0,52.01,0.0,63.78,89.72,27.29
2024-01-15 06:00:00,KF-E104,in_use,31.04,50.58,15.11,99.95,87.0,26.08
2024-01-15 06:00:30,KF-E104,in_use,23.04,50.69,15.68,99.9,88.6,27.25
2024-01-15 06:01:00,KF-E104,in_use,18.18,50.0,17.66,99.84,89.98,26.59
2024-01-15 06:01:30,KF-E104,in_use,41.69,50.11,16.38,99.77,88.99,28.2
2024-01-15 06:02:00,KF-E104,in_use,23.32,50.45,13.58,99.72,89.57,27.59
2024-01-15 06:02:30,KF-E104,in_use,22.47,50.23,15.19,99.65,90.17,25.19
2024-01-15 06:03:00,KF-E104,in_use,31.95,50.9,19.38,99.59,91.1,26.48
2024-01-15 06:03:30,KF-E104,in_use,39.85,50.25,17.66,99.55,89.25,26.25
2024-01-15 06:04:00,KF-E104,in_use,50.52,50.17,14.74,99.49,91.12,26.48
2024-01-15 06:04:30,KF-E104,in_use,36.32,49.93,18.32,99.42,90.1,28.01
2024-01-15 06:05:00,KF-E104,in_use,8.64,50.47,16.58,99.35,88.99,25.1
2024-01-15 06:05:30,KF-E104,in_use,37.59,50.72,17.87,99.29,88.39,
2024-01-15 06:06:00,KF-E104,in_use,32.11,50.57,18.04,99.22,94.77,
2024-01-15 06:06:30,KF-E104,in_use,40.5,50.37,14.55,99.17,89.41,26.08
2024-01-15 06:07:00,KF-E104,in_use,45.23,50.85,14.51,99.1,94.02,25.45
2024-01-15 06:07:30,KF-E104,in_use,34.24,51.22,15.07,99.05,91.82,27.75
2024-01-15 06:08:00,KF-E104,in_use,49.12,50.07,17.23,,88.39,27.74
2024-01-15 06:08:30,KF-E104,in_use,20.79,50.43,18.5,98.95,91.84,26.87
2024-01-15 06:09:00,KF-E104,in_use,24.66,51.35,16.99,98.89,89.65,27.34
2024-01-15 06:09:30,KF-E104,in_use,33.91,49.9,22.41,98.84,90.55,27.87
2024-01-15 06:10:00,KF-E104,in_use,51.18,50.33,17.4,98.78,89.98,26.08
2024-01-15 06:10:30,KF-E104,in_use,30.81,50.5,14.78,98.73,91.29,23.28
2024-01-15 06:11:00,KF-E104,in_use,18.82,50.18,20.19,98.66,91.03,25.6
2024-01-15 06:11:30,KF-E104,in_use,33.84,50.6,20.16,98.6,92.27,28.15
2024-01-15 06:12:00,KF-E104,in_use,34.38,50.34,18.18,98.51,92.09,24.8
2024-01-15 06:12:30,KF-E104,in_use,46.64,50.38,22.69,98.46,,25.99
2024-01-15 06:13:00,KF-E104,in_use,26.18,50.3,22.27,98.37,88.26,29.05
2024-01-15 06:13:30,KF-E104,in_use,36.78,50.61,18.66,98.32,89.18,27.79
2024-01-15 06:14:00,KF-E104,in_use,31.35,51.05,18.39,98.26,92.06,26.4
2024-01-15 06:14:30,KF-E104,in_use,21.34,50.37,20.63,98.17,93.81,28.89
2024-01-15 06:15:00,KF-E104,in_use,35.79,50.24,20.79,98.11,92.9,27.64
2024-01-15 06:15:30,KF-E104,in_use,34.09,50.99,22.39,98.05,94.12,28.75
2024-01-15 06:16:00,KF-E104,in_use,38.01,49.72,18.08,97.99,91.83,26.83
2024-01-15 06:16:30,KF-E104,in_use,35.0,50.28,18.04,97.92,86.4,28.69
2024-01-15 06:17:00,KF-E104,in_use,25.17,50.09,16.66,97.87,90.39,25.14
2024-01-15 06:17:30,KF-E104,in_use,36.72,50.66,17.24,97.82,92.44,28.56
2024-01-15 06:18:00,KF-E104,in_use,33.5,50.86,16.77,97.77,87.6,
2024-01-15 06:18:30,KF-E104,in_use,32.0,49.97,16.1,97.71,92.96,28.01
2024-01-15 06:19:00,KF-E104,in_use,24.24,49.78,19.06,97.64,92.11,24.52
2024-01-15 06:19:30,KF-E104,in_use,35.54,,16.94,97.58,89.14,24.55
2024-01-15 06:20:00,KF-E104,in_use,40.56,49.97,19.13,97.52,91.53,27.66
2024-01-15 06:20:30,KF-E104,in_use,42.74,50.8,18.34,97.46,93.75,24.98
2024-01-15 06:21:00,KF-E104,in_use,34.66,49.74,15.98,97.41,92.42,28.63
2024-01-15 06:21:30,KF-E104,in_use,29.22,50.69,19.35,97.34,92.73,24.28
2024-01-15 06:22:00,KF-E104,in_use,46.21,50.81,18.24,97.29,90.62,
2024-01-15 06:22:30,KF-E104,in_use,42.18,50.28,18.05,97.24,92.75,24.26
2024-01-15 06:23:00,KF-E104,in_use,40.75,49.76,19.64,97.19,88.83,23.67
2024-01-15 06:23:30,KF-E104,in_use,31.32,50.14,15.68,97.13,94.02,27.53
2024-01-15 06:24:00,KF-E104,in_use,27.03,50.78,21.09,97.07,94.9,27.14
2024-01-15 06:24:30,KF-E104,in_use,33.07,50.44,18.39,97.01,94.18,26.23
2024-01-15 06:25:00,KF-E104,in_use,40.16,50.5,17.85,96.96,87.76,25.37
2024-01-15 06:25:30,KF-E104,in_use,31.83,50.9,17.2,96.9,89.51,22.49
2024-01-15 06:26:00,KF-E104,in_use,46.21,50.82,19.49,96.84,86.56,
2024-01-15 06:26:30,KF-E104,in_use,38.68,49.43,16.93,96.76,88.51,27.14
2024-01-15 06:27:00,KF-E104,in_use,20.43,51.14,19.63,96.69,94.21,26.55
2024-01-15 06:27:30,KF-E104,in_use,42.76,50.7,18.49,96.62,92.59,23.07
2024-01-15 06:28:00,KF-E104,in_use,44.04,50.56,16.6,,92.63,27.41
2024-01-15 06:28:30,KF-E104,in_use,38.9,50.91,20.48,96.5,92.47,25.83
2024-01-15 06:29:00,KF-E104,in_use,50.63,51.35,17.76,96.43,90.48,26.85
2024-01-15 06:29:30,KF-E104,in_use,43.44,50.33,17.29,96.35,89.46,29.25
2024-01-15 06:30:00,KF-E104,in_use,27.94,50.15,19.38,96.31,95.22,26.14
2024-01-15 06:30:30,KF-E104,in_use,40.16,50.66,17.88,,90.65,26.54
2024-01-15 06:31:00,KF-E104,in_use,41.08,50.28,19.01,96.17,90.09,27.13
2024-01-15 06:31:30,KF-E104,in_use,32.75,50.71,17.63,,93.36,27.43
2024-01-15 06:32:00,KF-E104,in_use,33.83,50.8,13.64,96.09,90.14,28.82
2024-01-15 06:32:30,KF-E104,in_use,40.72,50.39,17.46,96.03,91.03,28.31
2024-01-15 06:33:00,KF-E104,in_use,35.24,51.06,19.16,95.96,89.5,
2024-01-15 06:33:30,KF-E104,in_use,28.08,50.65,16.58,95.89,92.21,26.68
2024-01-15 06:34:00,KF-E104,in_use,38.49,50.31,19.09,95.82,94.16,24.48
2024-01-15 06:34:30,KF-E104,in_use,,50.41,19.95,95.76,92.68,21.96
2024-01-15 06:35:00,KF-E104,in_use,40.88,50.16,15.21,95.68,91.04,26.94
2024-01-15 06:35:30,KF-E104,in_use,31.29,50.01,18.83,95.63,88.79,27.21
2024-01-15 06:36:00,KF-E104,in_use,25.19,51.06,17.67,95.56,89.21,26.15
2024-01-15 06:36:30,KF-E104,in_use,,50.55,15.88,95.51,93.05,24.75
2024-01-15 06:37:00,KF-E104,in_use,30.52,50.93,15.62,95.45,90.18,25.5
2024-01-15 06:37:30,KF-E104,in_use,48.1,50.58,17.43,95.39,90.9,26.14
2024-01-15 06:38:00,KF-E104,in_use,23.73,50.02,18.01,95.33,,30.01
2024-01-15 06:38:30,KF-E104,in_use,41.08,50.79,16.02,95.27,,28.89
2024-01-15 06:39:00,KF-E104,in_use,37.69,50.84,15.67,,93.47,30.1
2024-01-15 06:39:30,KF-E104,in_use,31.06,50.8,,95.14,91.34,
2024-01-15 06:40:00,KF-E104,in_use,27.55,49.94,16.57,95.08,90.76,22.48
2024-01-15 06:40:30,KF-E104,in_use,52.59,49.71,,95.02,90.54,27.14
2024-01-15 06:41:00,KF-E104,in_use,21.98,50.68,14.91,94.95,91.11,29.07
2024-01-15 06:41:30,KF-E104,in_use,31.07,,19.32,94.9,92.34,26.46
2024-01-15 06:42:00,KF-E104,in_use,48.4,50.93,19.59,94.83,92.04,24.51
2024-01-15 06:42:30,KF-E104,in_use,39.4,50.46,16.88,,91.5,26.17
2024-01-15 06:43:00,KF-E104,in_use,40.25,51.0,19.95,94.74,90.46,33.0
2024-01-15 06:43:30,KF-E104,in_use,42.96,50.46,16.16,94.68,89.5,26.75
2024-01-15 06:44:00,KF-E104,in_use,46.22,50.36,14.56,94.59,,26.59
2024-01-15 06:44:30,KF-E104,in_use,40.42,50.6,14.88,,93.12,27.22
2024-01-15 06:45:00,KF-E104,in_use,28.65,49.8,19.58,94.47,88.89,22.88
2024-01-15 06:45:30,KF-E104,in_use,49.84,50.12,16.23,94.42,92.87,30.28
2024-01-15 06:46:00,KF-E104,in_use,24.83,50.46,,94.36,,24.99
2024-01-15 06:46:30,KF-E104,in_use,45.74,50.7,19.52,94.3,92.66,25.09
2024-01-15 06:47:00,KF-E104,in_use,38.71,49.97,21.88,94.24,91.96,28.45
2024-01-15 06:47:30,KF-E104,in_use,24.75,50.35,18.67,94.18,94.35,26.74
2024-01-15 06:48:00,KF-E104,in_use,47.23,49.76,18.22,94.11,91.59,29.16
2024-01-15 06:48:30,KF-E104,in_use,35.33,50.02,20.65,94.05,93.01,24.26
2024-01-15 06:49:00,KF-E104,in_use,28.18,50.39,19.58,94.01,89.15,24.34
2024-01-15 06:49:30,KF-E104,in_use,45.39,50.81,19.92,93.95,88.69,28.76
2024-01-15 06:50:00,KF-E104,in_use,50.71,51.33,17.26,93.88,91.2,28.05
2024-01-15 06:50:30,KF-E104,in_use,26.47,50.66,17.81,93.83,92.87,26.15
2024-01-15 06:51:00,KF-E104,in_use,28.5,50.25,17.58,93.78,94.54,24.25
2024-01-15 06:51:30,KF-E104,in_use,24.5,50.64,14.6,93.73,92.23,22.73
2024-01-15 06:52:00,KF-E104,in_use,45.69,50.76,17.22,93.67,91.58,28.52
2024-01-15 06:52:30,KF-E104,in_use,41.48,50.94,17.44,93.63,89.36,24.8
2024-01-15 06:53:00,KF-E104,in_use,30.37,50.2,18.01,93.57,91.64,27.97
2024-01-15 06:53:30,KF-E104,in_use,27.1,50.7,18.05,93.52,90.56,28.32
2024-01-15 06:54:00,KF-E104,in_use,35.27,50.54,20.43,93.47,90.29,25.93
2024-01-15 06:54:30,KF-E104,in_use,49.52,50.59,19.38,93.41,93.38,28.87
2024-01-15 06:55:00,KF-E104,in_use,50.1,50.96,17.34,93.36,92.87,26.92
2024-01-15 06:55:30,KF-E104,in_use,37.59,,22.95,93.29,90.78,
2024-01-15 06:56:00,KF-E104,in_use,35.54,50.15,17.25,93.24,93.28,29.71
2024-01-15 06:56:30,KF-E104,in_use,42.7,,17.22,93.16,89.94,28.17
2024-01-15 06:57:00,KF-E104,in_use,34.45,50.98,20.23,93.09,91.72,28.64
2024-01-15 06:57:30,KF-E104,in_use,34.7,50.68,18.23,93.06,93.31,25.5
2024-01-15 06:58:00,KF-E104,in_use,33.89,50.93,18.76,93.0,90.44,30.45
2024-01-15 06:58:30,KF-E104,in_use,,50.98,19.69,92.94,91.06,30.4
2024-01-15 06:59:00,KF-E104,in_use,23.96,50.67,19.19,92.88,93.72,24.81
2024-01-15 06:59:30,KF-E104,in_use,27.41,49.79,18.43,92.83,89.54,30.33
2024-01-15 07:00:00,KF-E104,in_use,29.41,50.65,19.03,92.78,90.08,30.87
2024-01-15 07:00:30,KF-E104,in_use,33.2,49.98,14.76,92.73,90.42,26.2
2024-01-15 07:01:00,KF-E104,in_use,28.6,50.21,16.52,92.67,91.05,26.8
2024-01-15 07:01:30,KF-E104,in_use,38.15,50.77,19.39,92.61,91.41,26.92
2024-01-15 07:02:00,KF-E104,in_use,35.79,51.09,17.65,92.54,91.41,26.4
2024-01-15 07:02:30,KF-E104,in_use,29.15,50.38,20.43,92.47,90.03,24.9
2024-01-15 07:03:00,KF-E104,in_use,24.36,50.31,18.7,92.4,87.69,28.05
2024-01-15 07:03:30,KF-E104,in_use,38.13,50.77,,92.34,92.06,26.75
2024-01-15 07:04:00,KF-E104,in_use,31.82,50.61,20.38,92.29,91.6,27.64
2024-01-15 07:04:30,KF-E104,in_use,,50.94,16.94,92.24,92.78,29.21
2024-01-15 07:05:00,KF-E104,in_use,35.22,50.3,18.29,92.18,92.54,26.08
2024-01-15 07:05:30,KF-E104,in_use,25.12,50.65,16.48,92.14,92.34,24.34
2024-01-15 07:06:00,KF-E104,in_use,29.03,49.82,17.52,92.07,94.03,
2024-01-15 07:06:30,KF-E104,in_use,23.09,50.25,22.28,92.02,94.33,28.46
2024-01-15 07:07:00,KF-E104,in_use,44.11,49.99,19.96,91.96,90.83,28.2
2024-01-15 07:07:30,KF-E104,in_use,27.36,50.2,18.47,91.91,,
2024-01-15 07:08:00,KF-E104,in_use,28.27,49.68,18.29,91.85,93.35,24.15
2024-01-15 07:08:30,KF-E104,in_use,38.24,51.03,18.69,,89.59,27.2
2024-01-15 07:09:00,KF-E104,in_use,36.59,50.93,17.17,91.73,87.04,26.27
2024-01-15 07:09:30,KF-E104,in_use,32.1,50.07,18.02,91.65,92.16,29.97
2024-01-15 07:10:00,KF-E104,in_use,,50.12,16.84,91.58,,28.55
2024-01-15 07:10:30,KF-E104,in_use,30.46,50.04,18.36,91.52,90.12,24.5
2024-01-15 07:11:00,KF-E104,in_use,37.16,,20.12,91.46,90.12,27.9
2024-01-15 07:11:30,KF-E104,in_use,34.94,50.17,14.46,91.39,89.05,29.14
2024-01-15 07:12:00,KF-E104,in_use,31.78,50.72,,91.33,87.82,26.99
2024-01-15 07:12:30,KF-E104,in_use,39.09,50.28,19.85,91.27,86.56,26.87
2024-01-15 07:13:00,KF-E104,in_use,24.13,50.43,16.95,91.19,92.13,29.67
2024-01-15 07:13:30,KF-E104,in_use,49.47,50.59,18.64,,90.72,28.7
2024-01-15 07:14:00,KF-E104,in_use,39.01,,19.69,91.08,93.85,23.12
2024-01-15 07:14:30,KF-E104,in_use,38.8,,17.66,91.0,91.93,28.56
2024-01-15 07:15:00,KF-E104,in_use,29.83,50.01,19.8,90.94,90.76,27.72
2024-01-15 07:15:30,KF-E104,in_use,38.18,50.13,17.94,90.89,92.32,30.73
2024-01-15 07:16:00,KF-E104,in_use,33.68,50.17,21.82,90.84,89.02,24.98
2024-01-15 07:16:30,KF-E104,in_use,,50.9,17.09,90.78,90.48,26.7
2024-01-15 07:17:00,KF-E104,in_use,41.8,51.02,17.94,90.73,88.32,23.7
2024-01-15 07:17:30,KF-E104,in_use,25.29,50.34,18.81,90.69,89.6,24.89
2024-01-15 07:18:00,KF-E104,in_use,44.69,50.57,16.7,90.62,91.06,25.92
2024-01-15 07:18:30,KF-E104,in_use,38.53,50.31,16.37,90.57,88.17,24.76
2024-01-15 07:19:00,KF-E104,in_use,53.17,50.89,17.78,90.52,92.57,27.22
2024-01-15 07:19:30,KF-E104,in_use,40.38,50.78,20.18,90.48,91.51,26.98
2024-01-15 07:20:00,KF-E104,in_use,28.29,50.75,16.59,90.42,92.3,28.11
2024-01-15 07:20:30,KF-E104,in_use,40.16,50.09,17.61,90.36,88.27,25.12
2024-01-15 07:21:00,KF-E104,in_use,49.81,50.95,18.8,90.3,,29.33
2024-01-15 07:21:30,KF-E104,in_use,29.63,51.07,21.73,90.25,89.14,25.66
2024-01-15 07:22:00,KF-E104,in_use,40.41,50.4,18.66,90.18,91.5,25.28
2024-01-15 07:22:30,KF-E104,in_use,,50.77,16.64,90.12,93.67,28.25
2024-01-15 07:23:00,KF-E104,in_use,36.34,50.94,18.99,90.07,87.46,25.95
2024-01-15 07:23:30,KF-E104,in_use,35.06,50.87,19.68,90.02,90.42,26.6
2024-01-15 07:24:00,KF-E104,in_use,46.66,50.5,19.02,89.96,92.01,25.16
2024-01-15 07:24:30,KF-E104,in_use,42.84,50.7,16.7,89.89,94.33,22.62
2024-01-15 07:25:00,KF-E104,in_use,30.75,50.41,17.02,89.82,93.84,30.03
2024-01-15 07:25:30,KF-E104,in_use,40.25,50.47,16.39,89.76,92.31,30.36
2024-01-15 07:26:00,KF-E104,in_use,38.24,50.5,14.48,89.69,90.52,24.23
2024-01-15 07:26:30,KF-E104,in_use,31.69,50.64,,89.62,91.42,26.96
2024-01-15 07:27:00,KF-E104,in_use,32.81,50.14,17.63,,93.7,26.5
2024-01-15 07:27:30,KF-E104,in_use,41.37,,18.17,89.5,93.98,27.36
2024-01-15 07:28:00,KF-E104,in_use,34.73,50.81,20.34,89.43,92.1,28.19
2024-01-15 07:28:30,KF-E104,in_use,44.76,50.38,17.75,89.37,92.74,26.93
2024-01-15 07:29:00,KF-E104,in_use,26.94,50.4,18.9,89.31,,25.9
2024-01-15 07:29:30,KF-E104,in_use,26.04,50.45,18.32,89.25,94.3,33.08
2024-01-15 07:30:00,KF-E104,in_use,37.28,,18.24,89.2,90.53,26.05
2024-01-15 07:30:30,KF-E104,in_use,32.02,50.56,16.33,89.15,87.84,25.44
2024-01-15 07:31:00,KF-E104,in_use,39.75,50.41,,89.09,89.33,25.37
2024-01-15 07:31:30,KF-E104,in_use,35.1,49.74,15.85,89.03,,28.03
2024-01-15 07:32:00,KF-E104,in_use,26.37,50.53,15.54,88.98,89.27,28.86
2024-01-15 07:32:30,KF-E104,in_use,29.42,50.58,15.57,88.92,87.1,30.76
2024-01-15 07:33:00,KF-E104,in_use,30.2,49.92,18.75,88.87,,26.21
2024-01-15 07:33:30,KF-E104,in_use,34.88,50.74,20.19,88.79,89.16,29.19
2024-01-15 07:34:00,KF-E104,in_use,39.31,50.46,17.34,88.73,95.93,24.63
2024-01-15 07:34:30,KF-E104,in_use,23.86,50.48,14.9,88.68,92.01,25.07
2024-01-15 07:35:00,KF-E104,in_use,32.2,50.72,16.64,88.61,88.28,28.24
2024-01-15 07:35:30,KF-E104,in_use,28.38,50.71,18.62,,92.02,25.48
2024-01-15 07:36:00,KF-E104,in_use,33.45,50.81,21.12,88.49,92.04,27.55
2024-01-15 07:36:30,KF-E104,in_use,26.38,50.76,15.77,88.42,92.08,24.9
2024-01-15 07:37:00,KF-E104,in_use,36.18,50.32,19.86,88.35,91.72,27.63
2024-01-15 07:37:30,KF-E104,in_use,33.14,,18.39,,89.72,23.92
2024-01-15 07:38:00,KF-E104,in_use,23.33,50.82,,88.23,90.01,25.74
2024-01-15 07:38:30,KF-E104,in_use,28.06,49.76,19.77,88.17,93.32,28.69
2024-01-15 07:39:00,KF-E104,in_use,39.28,49.72,19.07,88.11,91.2,25.19
2024-01-15 07:39:30,KF-E104,in_use,29.59,50.81,18.73,88.08,90.25,29.25
2024-01-15 07:40:00,KF-E104,in_use,38.41,51.03,19.06,88.03,89.62,27.16
2024-01-15 07:40:30,KF-E104,in_use,47.45,50.81,20.45,87.97,90.99,
2024-01-15 07:41:00,KF-E104,in_use,33.6,50.1,16.25,87.93,89.86,28.64
2024-01-15 07:41:30,KF-E104,in_use,15.03,49.78,19.02,87.87,86.81,26.64
2024-01-15 07:42:00,KF-E104,in_use,32.13,50.5,17.97,87.8,89.66,24.51
2024-01-15 07:42:30,KF-E104,in_use,44.33,50.99,16.82,87.74,92.57,24.87
2024-01-15 07:43:00,KF-E104,in_use,31.05,50.84,17.64,87.69,91.4,27.33
2024-01-15 07:43:30,KF-E104,in_use,31.42,50.67,21.0,87.63,,28.32
2024-01-15 07:44:00,KF-E104,in_use,,50.43,15.87,87.58,91.86,26.28
2024-01-15 07:44:30,KF-E104,in_use,36.85,50.73,17.48,87.52,94.4,24.53
2024-01-15 07:45:00,KF-E104,in_use,26.55,50.52,18.33,87.45,92.25,25.49
2024-01-15 07:45:30,KF-E104,in_use,34.3,50.93,15.66,87.39,91.57,23.94
2024-01-15 07:46:00,KF-E104,in_use,45.96,49.97,14.65,87.35,91.5,24.65
2024-01-15 07:46:30,KF-E104,in_use,36.17,50.56,15.8,87.28,92.1,25.69
2024-01-15 07:47:00,KF-E104,in_use,30.07,50.35,18.84,87.22,90.9,27.4
2024-01-15 07:47:30,KF-E104,in_use,40.88,50.49,18.7,87.16,93.43,27.47
2024-01-15 07:48:00,KF-E104,in_use,42.82,,18.14,87.1,93.38,30.18
2024-01-15 07:48:30,KF-E104,in_use,43.09,50.82,17.59,87.04,94.85,
2024-01-15 07:49:00,KF-E104,in_use,28.7,,18.11,,87.47,26.73
2024-01-15 07:49:30,KF-E104,in_use,,50.36,19.19,86.93,91.97,28.97
2024-01-15 07:50:00,KF-E104,in_use,26.87,49.9,,86.86,92.54,28.82
2024-01-15 07:50:30,KF-E104,in_use,26.63,50.98,18.76,86.79,93.48,28.13
2024-01-15 07:51:00,KF-E104,in_use,44.29,50.28,14.88,86.73,91.17,24.3
2024-01-15 07:51:30,KF-E104,in_use,21.36,50.17,15.55,86.68,90.34,24.71
2024-01-15 07:52:00,KF-E104,in_use,34.09,50.85,21.22,86.61,90.25,26.74
2024-01-15 07:52:30,KF-E104,in_use,38.89,50.17,19.08,,89.65,25.97
2024-01-15 07:53:00,KF-E104,in_use,30.08,50.66,16.27,86.5,93.18,29.37
2024-01-15 07:53:30,KF-E104,in_use,19.82,49.92,18.24,86.44,92.81,26.06
2024-01-15 07:54:00,KF-E104,in_use,43.25,50.69,17.21,86.37,,26.22
2024-01-15 07:54:30,KF-E104,in_use,22.58,51.0,18.98,86.32,88.53,23.47
2024-01-15 07:55:00,KF-E104,in_use,22.22,51.02,19.5,86.26,90.7,26.71
2024-01-15 07:55:30,KF-E104,in_use,27.41,50.81,19.26,86.2,88.66,27.29
2024-01-15 07:56:00,KF-E104,in_use,36.95,50.27,16.02,86.15,90.21,25.29
2024-01-15 07:56:30,KF-E104,in_use,40.57,50.08,15.86,86.08,89.31,28.5
2024-01-15 07:57:00,KF-E104,in_use,32.38,,18.1,86.03,91.03,25.39
2024-01-15 07:57:30,KF-E104,in_use,31.7,50.57,17.92,85.96,91.03,27.12
2024-01-15 07:58:00,KF-E104,in_use,42.63,50.15,17.67,85.9,90.38,26.99
2024-01-15 07:58:30,KF-E104,in_use,31.26,49.85,,85.83,,28.9
2024-01-15 07:59:00,KF-E104,in_use,43.49,49.89,17.98,85.77,89.76,
2024-01-15 07:59:30,KF-E104,in_use,23.0,49.53,16.96,85.71,91.46,24.89
2024-01-15 08:00:00,KF-E104,in_use,23.84,50.16,20.22,85.65,,26.37
2024-01-15 08:00:30,KF-E104,in_use,35.43,50.59,20.63,85.58,87.0,26.62
2024-01-15 08:01:00,KF-E104,in_use,26.22,50.71,17.87,85.52,92.02,27.28
2024-01-15 08:01:30,KF-E104,in_use,39.83,50.33,18.02,85.47,91.47,26.44
2024-01-15 08:02:00,KF-E104,in_use,31.47,50.28,14.98,85.41,90.27,
2024-01-15 08:02:30,KF-E104,in_use,34.32,51.46,15.84,85.35,89.57,30.29
2024-01-15 08:03:00,KF-E104,in_use,27.86,50.71,13.86,85.29,93.83,27.61
2024-01-15 08:03:30,KF-E104,in_use,41.46,50.82,17.28,85.26,90.55,27.51
2024-01-15 08:04:00,KF-E104,in_use,31.4,50.36,14.35,85.19,92.52,24.5
2024-01-15 08:04:30,KF-E104,in_use,34.57,50.48,19.23,85.13,93.79,
2024-01-15 08:05:00,KF-E104,in_use,43.29,50.95,19.14,85.07,91.55,27.87
2024-01-15 08:05:30,KF-E104,in_use,49.11,50.27,17.45,85.0,93.11,25.53
2024-01-15 08:06:00,KF-E104,in_use,25.55,50.48,17.27,84.93,88.11,26.71
2024-01-15 08:06:30,KF-E104,in_use,,50.29,16.4,84.86,94.41,24.72
2024-01-15 08:07:00,KF-E104,in_use,32.17,50.13,,84.8,90.39,28.33
2024-01-15 08:07:30,KF-E104,in_use,,51.21,18.35,84.73,89.42,31.15
2024-01-15 08:08:00,KF-E104,in_use,39.21,50.39,19.94,84.67,92.25,
2024-01-15 08:08:30,KF-E104,in_use,38.93,50.67,,84.61,89.79,25.53
2024-01-15 08:09:00,KF-E104,in_use,38.5,50.23,15.03,84.56,92.94,24.27
2024-01-15 08:09:30,KF-E104,in_use,33.92,50.62,18.03,84.5,,25.96
2024-01-15 08:10:00,KF-E104,in_use,29.69,49.81,16.59,84.45,92.78,25.89
2024-01-15 08:10:30,KF-E104,in_use,49.67,50.69,17.73,84.38,91.61,27.63
2024-01-15 08:11:00,KF-E104,in_use,41.4,50.62,17.43,84.32,88.88,26.52
2024-01-15 08:11:30,KF-E104,in_use,29.07,50.83,17.26,,91.86,26.53
2024-01-15 08:12:00,KF-E104,in_use,30.6,50.05,18.9,84.17,91.3,27.76
2024-01-15 08:12:30,KF-E104,in_use,26.75,50.73,18.11,84.11,90.01,27.28
2024-01-15 08:13:00,KF-E104,in_use,37.28,50.46,20.14,84.05,85.36,25.8
2024-01-15 08:13:30,KF-E104,in_use,41.07,50.92,16.36,84.01,89.94,28.01
2024-01-15 08:14:00,KF-E104,in_use,45.52,50.5,21.07,83.96,89.64,29.11
2024-01-15 08:14:30,KF-E104,in_use,46.59,50.92,17.9,83.9,89.23,29.25
2024-01-15 08:15:00,KF-E104,in_use,42.65,50.59,16.82,83.85,92.4,25.4
2024-01-15 08:15:30,KF-E104,in_use,27.5,49.72,16.88,83.79,91.67,23.46
2024-01-15 08:16:00,KF-E104,in_use,30.74,50.34,18.54,83.72,91.05,26.06
2024-01-15 08:16:30,KF-E104,in_use,32.26,50.61,15.58,83.68,92.26,26.82
2024-01-15 08:17:00,KF-E104,in_use,27.57,50.78,18.23,83.62,88.86,25.95
2024-01-15 08:17:30,KF-E104,in_use,31.78,49.98,,83.56,90.38,24.92
2024-01-15 08:18:00,KF-E104,in_use,35.72,50.26,18.59,83.51,91.47,26.17
2024-01-15 08:18:30,KF-E104,in_use,46.22,50.76,14.81,83.44,89.81,26.33
2024-01-15 08:19:00,KF-E104,in_use,45.58,50.27,14.27,83.38,93.27,26.96
2024-01-15 08:19:30,KF-E104,in_use,33.93,50.73,18.7,83.31,90.77,28.95
2024-01-15 08:20:00,KF-E104,in_use,27.74,50.92,18.61,83.25,89.56,29.82
2024-01-15 08:20:30,KF-E104,in_use,16.86,50.84,21.4,83.18,88.07,29.41
2024-01-15 08:21:00,KF-E104,in_use,40.34,50.41,19.62,83.13,,28.08
2024-01-15 08:21:30,KF-E104,in_use,,50.44,20.3,83.06,90.34,25.7
2024-01-15 08:22:00,KF-E104,in_use,38.37,50.02,21.63,83.0,89.75,28.86
2024-01-15 08:22:30,KF-E104,in_use,28.07,50.42,19.78,82.92,92.03,27.53
2024-01-15 08:23:00,KF-E104,in_use,23.76,50.54,17.03,82.86,90.64,
2024-01-15 08:23:30,KF-E104,in_use,45.59,50.36,16.99,82.82,92.23,27.1
2024-01-15 08:24:00,KF-E104,in_use,27.75,49.79,15.89,82.74,93.96,28.28
2024-01-15 08:24:30,KF-E104,in_use,39.05,50.42,17.67,,88.53,26.9
2024-01-15 08:25:00,KF-E104,in_use,24.63,50.56,17.01,82.61,88.91,27.98
2024-01-15 08:25:30,KF-E104,in_use,22.29,50.95,17.8,82.57,90.47,26.62
2024-01-15 08:26:00,KF-E104,in_use,31.75,50.33,18.11,82.51,90.84,27.46
2024-01-15 08:26:30,KF-E104,in_use,40.37,50.74,16.11,82.46,91.96,26.95
2024-01-15 08:27:00,KF-E104,in_use,41.01,50.5,19.26,82.42,92.68,25.4
2024-01-15 08:27:30,KF-E104,in_use,25.91,50.52,20.17,82.35,93.09,25.06
2024-01-15 08:28:00,KF-E104,in_use,41.51,51.01,14.84,82.29,89.5,
2024-01-15 08:28:30,KF-E104,in_use,42.25,50.44,19.53,82.23,90.68,27.41
2024-01-15 08:29:00,KF-E104,in_use,41.95,49.29,19.36,82.18,92.86,27.4
2024-01-15 08:29:30,KF-E104,in_use,35.45,49.87,18.33,82.1,88.65,28.76
2024-01-15 08:30:00,KF-E104,in_use,33.55,51.09,19.37,82.04,90.35,31.19
2024-01-15 08:30:30,KF-E104,in_use,,50.53,17.28,81.99,93.96,28.48
2024-01-15 08:31:00,KF-E104,in_use,26.82,50.51,17.9,81.93,90.38,26.35
2024-01-15 08:31:30,KF-E104,in_use,39.98,50.38,,81.85,,24.99
2024-01-15 08:32:00,KF-E104,in_use,36.61,50.55,21.47,81.79,92.24,28.85
2024-01-15 08:32:30,KF-E104,in_use,36.97,50.77,21.55,81.72,,25.38
2024-01-15 08:33:00,KF-E104,in_use,33.9,49.82,17.94,81.67,89.09,28.86
2024-01-15 08:33:30,KF-E104,in_use,37.5,50.85,18.19,81.6,91.61,27.66
2024-01-15 08:34:00,KF-E104,in_use,33.12,50.17,20.35,81.52,94.17,27.09
2024-01-15 08:34:30,KF-E104,in_use,42.47,50.47,19.34,81.47,90.66,26.4
2024-01-15 08:35:00,KF-E104,in_use,45.92,50.43,18.74,,91.2,23.78
2024-01-15 08:35:30,KF-E104,in_use,33.11,50.31,21.82,81.31,,28.13
2024-01-15 08:36:00,KF-E104,in_use,48.54,50.36,17.51,81.25,94.24,28.71
2024-01-15 08:36:30,KF-E104,in_use,45.95,49.54,19.77,81.19,88.46,28.72
2024-01-15 08:37:00,KF-E104,in_use,31.03,50.97,21.52,81.12,88.79,27.82
2024-01-15 08:37:30,KF-E104,in_use,44.16,50.45,18.42,81.06,89.28,25.55
2024-01-15 08:38:00,KF-E104,in_use,39.18,50.44,16.12,81.0,93.69,26.8
2024-01-15 08:38:30,KF-E104,in_use,27.7,50.45,,80.93,89.29,23.54
2024-01-15 08:39:00,KF-E104,in_use,39.25,50.63,18.47,80.84,86.69,27.86
2024-01-15 08:39:30,KF-E104,in_use,32.03,50.34,19.57,,91.35,26.44
2024-01-15 08:40:00,KF-E104,in_use,41.85,50.96,19.18,80.7,88.72,30.69
2024-01-15 08:40:30,KF-E104,in_use,30.14,50.48,17.68,80.62,89.57,
2024-01-15 08:41:00,KF-E104,in_use,29.82,50.27,,80.56,88.08,27.2
2024-01-15 08:41:30,KF-E104,in_use,24.12,49.98,21.76,80.51,91.58,25.83
2024-01-15 08:42:00,KF-E104,in_use,27.32,50.26,20.63,80.46,90.94,24.11
2024-01-15 08:42:30,KF-E104,in_use,25.15,50.14,18.01,80.41,91.38,26.7
2024-01-15 08:43:00,KF-E104,in_use,33.7,50.53,20.24,80.35,89.21,29.9
2024-01-15 08:43:30,KF-E104,in_use,39.18,50.13,18.92,80.28,91.57,
2024-01-15 08:44:00,KF-E104,in_use,30.08,50.42,,80.22,87.4,28.58
2024-01-15 08:44:30,KF-E104,in_use,41.05,50.41,17.96,80.16,93.92,29.18
2024-01-15 08:45:00,KF-E104,in_use,30.31,51.49,16.86,80.13,89.85,30.34
2024-01-15 08:45:30,KF-E104,in_use,48.65,50.87,18.74,80.06,92.2,24.54
2024-01-15 08:46:00,KF-E104,in_use,33.3,50.5,19.52,80.01,92.58,28.09
2024-01-15 08:46:30,KF-E104,in_use,44.34,50.8,17.73,79.95,88.9,30.22
2024-01-15 08:47:00,KF-E104,in_use,30.32,50.45,15.64,79.88,90.05,24.44
2024-01-15 08:47:30,KF-E104,in_use,36.69,50.59,16.33,79.82,85.66,32.91
2024-01-15 08:48:00,KF-E104,in_use,41.03,51.1,18.9,79.78,92.31,27.89
2024-01-15 08:48:30,KF-E104,in_use,33.59,50.77,15.98,79.71,93.89,24.67
2024-01-15 08:49:00,KF-E104,in_use,36.58,50.66,19.57,79.64,91.93,24.47
2024-01-15 08:49:30,KF-E104,in_use,36.47,50.92,20.61,79.58,91.67,28.03
2024-01-15 08:50:00,KF-E104,in_use,46.64,50.83,,79.53,87.19,27.28
2024-01-15 08:50:30,KF-E104,in_use,38.03,50.06,22.74,79.47,89.99,27.87
2024-01-15 08:51:00,KF-E104,in_use,43.73,50.29,15.87,79.42,91.19,25.57
2024-01-15 08:51:30,KF-E104,in_use,35.06,49.91,17.86,79.36,91.64,29.67
2024-01-15 08:52:00,KF-E104,in_use,,50.56,15.67,79.3,93.64,25.02
2024-01-15 08:52:30,KF-E104,in_use,35.39,51.24,18.54,79.23,90.65,26.87
2024-01-15 08:53:00,KF-E104,in_use,37.62,50.46,20.06,79.18,88.76,27.03
2024-01-15 08:53:30,KF-E104,in_use,49.58,50.71,15.85,79.12,90.23,25.53
2024-01-15 08:54:00,KF-E104,in_use,28.38,49.73,20.65,79.05,88.4,24.76
2024-01-15 08:54:30,KF-E104,in_use,44.07,49.91,17.79,79.01,88.47,29.45
2024-01-15 08:55:00,KF-E104,in_use,26.9,50.27,16.58,78.95,91.3,26.38
2024-01-15 08:55:30,KF-E104,in_use,33.87,50.45,18.3,78.9,92.04,27.15
2024-01-15 08:56:00,KF-E104,in_use,45.29,50.5,,78.84,94.15,30.02
2024-01-15 08:56:30,KF-E104,in_use,,51.03,18.69,78.79,92.3,29.76
2024-01-15 08:57:00,KF-E104,in_use,40.57,50.94,23.18,78.72,88.66,25.39
2024-01-15 08:57:30,KF-E104,in_use,29.68,50.36,19.47,78.67,93.44,30.24
2024-01-15 08:58:00,KF-E104,in_use,23.99,50.6,16.71,78.61,88.97,26.58
2024-01-15 08:58:30,KF-E104,in_use,39.16,50.94,15.26,78.55,89.6,26.34
2024-01-15 08:59:00,KF-E104,in_use,23.55,50.11,13.86,78.48,90.25,28.8
2024-01-15 08:59:30,KF-E104,in_use,40.2,50.67,16.63,78.42,93.23,
2024-01-15 09:00:00,KF-E104,in_use,43.5,50.57,20.38,78.36,89.11,29.15
2024-01-15 09:00:30,KF-E104,in_use,40.84,50.32,17.26,78.29,90.68,23.15
2024-01-15 09:01:00,KF-E104,in_use,45.96,50.24,14.78,78.21,88.83,26.11
2024-01-15 09:01:30,KF-E104,in_use,37.85,50.62,18.27,78.16,91.09,25.7
2024-01-15 09:02:00,KF-E104,in_use,34.33,50.7,14.33,78.1,88.77,25.4
2024-01-15 09:02:30,KF-E104,in_use,24.9,50.56,17.97,78.04,88.83,25.17
2024-01-15 09:03:00,KF-E104,in_use,36.13,50.56,16.24,77.99,,29.68
2024-01-15 09:03:30,KF-E104,in_use,48.75,50.85,19.49,,89.2,29.02
2024-01-15 09:04:00,KF-E104,in_use,30.88,50.37,17.45,77.9,91.52,24.15
2024-01-15 09:04:30,KF-E104,in_use,33.52,51.1,18.35,,87.94,27.75
2024-01-15 09:05:00,KF-E104,in_use,32.52,50.24,19.2,77.8,89.43,25.21
2024-01-15 09:05:30,KF-E104,in_use,31.37,50.63,17.04,,93.35,25.43
2024-01-15 09:06:00,KF-E104,in_use,29.59,50.85,18.17,77.69,91.19,
2024-01-15 09:06:30,KF-E104,in_use,46.31,50.74,16.88,77.64,94.56,27.13
2024-01-15 09:07:00,KF-E104,in_use,41.07,49.67,19.11,77.59,89.23,26.28
2024-01-15 09:07:30,KF-E104,in_use,30.15,50.54,18.58,77.54,89.66,29.18
2024-01-15 09:08:00,KF-E104,in_use,42.91,50.76,16.38,77.47,88.5,24.13
2024-01-15 09:08:30,KF-E104,in_use,43.64,50.68,19.28,77.4,91.36,27.6
2024-01-15 09:09:00,KF-E104,in_use,27.95,50.6,19.22,77.34,90.79,28.62
2024-01-15 09:09:30,KF-E104,in_use,39.82,51.38,19.13,77.28,91.05,28.64
2024-01-15 09:10:00,KF-E104,in_use,,50.26,17.44,77.23,94.33,31.39
2024-01-15 09:10:30,KF-E104,in_use,52.51,50.96,20.25,77.16,92.66,26.91
2024-01-15 09:11:00,KF-E104,in_use,43.11,50.63,16.6,77.1,94.2,23.6
2024-01-15 09:11:30,KF-E104,in_use,36.21,50.43,18.06,,91.39,26.87
2024-01-15 09:12:00,KF-E104,in_use,26.58,50.98,18.89,76.99,89.37,28.63
2024-01-15 09:12:30,KF-E104,in_use,30.85,49.87,19.02,76.93,91.74,27.85
2024-01-15 09:13:00,KF-E104,in_use,42.0,50.38,19.07,76.88,87.98,24.82
2024-01-15 09:13:30,KF-E104,in_use,37.74,50.38,16.66,76.81,91.47,27.0
2024-01-15 09:14:00,KF-E104,in_use,37.1,50.38,22.65,76.75,94.07,27.99
2024-01-15 09:14:30,KF-E104,in_use,28.99,50.6,22.03,76.67,91.37,26.51
2024-01-15 09:15:00,KF-E104,in_use,40.28,50.32,17.02,76.62,91.88,23.93
2024-01-15 09:15:30,KF-E104,in_use,48.24,50.81,17.04,,,24.78
2024-01-15 09:16:00,KF-E104,in_use,,50.3,19.79,76.53,87.99,24.82
2024-01-15 09:16:30,KF-E104,in_use,31.9,50.76,20.49,76.47,90.48,30.78
2024-01-15 09:17:00,KF-E104,in_use,30.11,51.29,15.55,76.42,91.6,25.24
2024-01-15 09:17:30,KF-E104,in_use,48.66,51.26,20.4,76.37,93.74,27.62
2024-01-15 09:18:00,KF-E104,in_use,37.37,49.5,17.13,76.31,88.65,27.99
2024-01-15 09:18:30,KF-E104,in_use,41.42,50.14,19.93,76.25,86.88,26.84
2024-01-15 09:19:00,KF-E104,in_use,42.5,,23.62,76.17,91.43,28.9
2024-01-15 09:19:30,KF-E104,in_use,43.33,50.52,15.49,76.1,91.92,23.61
2024-01-15 09:20:00,KF-E104,in_use,,50.54,16.06,76.04,88.63,26.04
2024-01-15 09:20:30,KF-E104,in_use,30.5,50.42,15.62,75.97,93.07,27.71
2024-01-15 09:21:00,KF-E104,in_use,34.87,49.9,,75.91,87.63,27.19
2024-01-15 09:21:30,KF-E104,in_use,38.79,51.01,15.58,75.84,92.84,27.03
2024-01-15 09:22:00,KF-E104,in_use,39.14,50.89,20.78,75.77,89.56,28.53
2024-01-15 09:22:30,KF-E104,in_use,43.6,50.71,17.69,75.72,93.18,23.69
2024-01-15 09:23:00,KF-E104,in_use,39.39,50.57,,75.66,93.24,26.96
2024-01-15 09:23:30,KF-E104,in_use,38.39,50.76,18.95,75.6,90.8,26.74
2024-01-15 09:24:00,KF-E104,in_use,40.27,,20.36,75.56,90.51,27.33
2024-01-15 09:24:30,KF-E104,in_use,37.96,50.27,16.16,75.49,96.25,26.81
2024-01-15 09:25:00,KF-E104,in_use,47.61,50.39,18.22,,,27.37
2024-01-15 09:25:30,KF-E104,in_use,38.9,50.44,18.96,75.38,89.35,29.59
2024-01-15 09:26:00,KF-E104,in_use,28.56,50.94,,75.34,88.86,25.49
2024-01-15 09:26:30,KF-E104,in_use,24.59,50.54,22.97,75.27,89.58,25.28
2024-01-15 09:27:00,KF-E104,in_use,48.96,50.33,,75.21,90.96,24.67
2024-01-15 09:27:30,KF-E104,in_use,30.78,50.73,16.45,75.16,91.96,24.53
2024-01-15 09:28:00,KF-E104,in_use,39.52,50.92,18.23,75.09,91.25,29.56
2024-01-15 09:28:30,KF-E104,in_use,44.59,50.47,17.79,75.02,88.54,30.5
2024-01-15 09:29:00,KF-E104,in_use,31.37,50.93,18.45,74.96,92.52,27.89
2024-01-15 09:29:30,KF-E104,in_use,42.32,50.38,17.54,74.9,89.16,29.89
2024-01-15 09:30:00,KF-E104,in_use,37.88,50.02,18.94,74.86,89.6,
2024-01-15 09:30:30,KF-E104,in_use,49.11,50.38,18.11,74.82,94.85,28.83
2024-01-15 09:31:00,KF-E104,in_use,39.55,50.0,,74.75,92.11,28.48
2024-01-15 09:31:30,KF-E104,in_use,36.36,50.93,,74.68,92.97,29.38
2024-01-15 09:32:00,KF-E104,in_use,31.94,50.3,19.95,74.61,93.61,29.29
2024-01-15 09:32:30,KF-E104,in_use,21.31,49.95,16.07,74.55,92.47,26.6
2024-01-15 09:33:00,KF-E104,in_use,17.65,50.15,15.98,74.5,89.91,24.92
2024-01-15 09:33:30,KF-E104,in_use,32.11,50.15,19.42,74.46,90.1,
2024-01-15 09:34:00,KF-E104,in_use,39.29,50.05,18.09,74.42,90.51,26.35
2024-01-15 09:34:30,KF-E104,in_use,51.06,50.76,18.01,74.36,91.09,26.88
2024-01-15 09:35:00,KF-E104,in_use,28.53,50.81,19.38,74.29,95.5,31.09
2024-01-15 09:35:30,KF-E104,in_use,28.15,50.56,16.29,74.22,91.05,29.61
2024-01-15 09:36:00,KF-E104,in_use,26.61,50.23,18.94,74.17,91.32,
2024-01-15 09:36:30,KF-E104,in_use,28.44,50.56,16.28,74.13,90.01,26.74
2024-01-15 09:37:00,KF-E104,in_use,18.9,50.78,18.21,74.05,89.22,26.12
2024-01-15 09:37:30,KF-E104,in_use,41.16,51.09,18.07,73.99,91.0,28.34
2024-01-15 09:38:00,KF-E104,in_use,60.27,50.45,19.24,73.93,92.95,27.34
2024-01-15 09:38:30,KF-E104,in_use,24.42,50.5,18.93,73.88,90.34,27.77
2024-01-15 09:39:00,KF-E104,in_use,38.84,50.56,19.31,73.81,91.96,26.06
2024-01-15 09:39:30,KF-E104,in_use,34.07,50.57,17.74,73.75,91.9,25.31
2024-01-15 09:40:00,KF-E104,in_use,24.95,50.01,21.48,73.71,87.42,25.09
2024-01-15 09:40:30,KF-E104,in_use,49.85,50.46,18.68,73.66,89.04,27.97
2024-01-15 09:41:00,KF-E104,in_use,33.59,51.1,21.78,73.61,90.66,26.56
2024-01-15 09:41:30,KF-E104,in_use,38.97,50.47,15.46,73.56,88.93,28.48
2024-01-15 09:42:00,KF-E104,in_use,41.26,50.56,17.98,73.5,91.97,25.4
2024-01-15 09:42:30,KF-E104,in_use,41.73,50.22,17.23,73.44,92.54,23.78
2024-01-15 09:43:00,KF-E104,in_use,31.48,50.86,19.88,73.38,90.82,26.89
2024-01-15 09:43:30,KF-E104,in_use,33.22,50.4,20.51,73.31,89.86,26.02
2024-01-15 09:44:00,KF-E104,in_use,23.2,50.5,13.1,73.26,90.24,24.67
2024-01-15 09:44:30,KF-E104,in_use,44.57,50.26,17.17,73.2,88.78,
2024-01-15 09:45:00,KF-E104,in_use,,49.86,18.12,73.14,90.9,
2024-01-15 09:45:30,KF-E104,in_use,23.35,50.91,21.63,73.09,90.52,26.74
2024-01-15 09:46:00,KF-E104,in_use,42.76,50.29,19.91,73.04,92.23,29.07
2024-01-15 09:46:30,KF-E104,in_use,31.25,50.32,20.2,72.97,,25.0
2024-01-15 09:47:00,KF-E104,in_use,33.78,50.36,14.13,72.89,93.03,29.02
2024-01-15 09:47:30,KF-E104,in_use,27.49,51.32,,72.85,91.35,26.68
2024-01-15 09:48:00,KF-E104,in_use,28.33,50.76,16.1,,87.84,27.25
2024-01-15 09:48:30,KF-E104,in_use,38.9,49.72,16.52,72.72,90.41,25.56
2024-01-15 09:49:00,KF-E104,in_use,40.92,,16.52,72.68,91.11,26.31
2024-01-15 09:49:30,KF-E104,in_use,32.3,50.06,16.67,72.61,90.56,26.74
2024-01-15 09:50:00,KF-E104,in_use,41.06,50.49,17.89,72.56,90.59,26.22
2024-01-15 09:50:30,KF-E104,in_use,43.76,50.56,17.69,72.48,88.75,24.11
2024-01-15 09:51:00,KF-E104,in_use,43.88,,14.13,72.43,92.55,25.38
2024-01-15 09:51:30,KF-E104,in_use,,50.65,16.19,72.37,94.37,26.67
2024-01-15 09:52:00,KF-E104,in_use,,50.64,16.08,72.3,89.02,27.3
2024-01-15 09:52:30,KF-E104,in_use,20.78,50.7,18.59,72.24,93.02,28.31
2024-01-15 09:53:00,KF-E104,in_use,26.62,50.36,18.24,72.18,93.13,24.6
2024-01-15 09:53:30,KF-E104,in_use,41.95,50.47,15.57,72.13,89.72,21.99
2024-01-15 09:54:00,KF-E104,in_use,28.54,50.08,15.73,72.07,94.02,30.62
2024-01-15 09:54:30,KF-E104,in_use,37.85,,21.1,72.03,88.15,31.56
2024-01-15 09:55:00,KF-E104,in_use,32.56,51.06,20.78,71.96,89.83,25.29
2024-01-15 09:55:30,KF-E104,in_use,36.91,50.93,16.86,71.91,87.52,29.8
2024-01-15 09:56:00,KF-E104,in_use,28.91,50.05,15.07,71.85,92.16,27.78
2024-01-15 09:56:30,KF-E104,in_use,42.72,50.54,19.04,71.8,91.89,27.74
2024-01-15 09:57:00,KF-E104,in_use,46.04,49.95,16.37,71.74,89.87,25.87
2024-01-15 09:57:30,KF-E104,in_use,42.5,50.21,20.38,71.68,91.64,25.63
2024-01-15 09:58:00,KF-E104,in_use,25.28,50.26,21.66,71.61,90.37,29.08
2024-01-15 09:58:30,KF-E104,in_use,39.81,50.1,,71.55,92.61,22.79
2024-01-15 09:59:00,KF-E104,in_use,42.11,50.78,15.22,71.48,91.29,26.39
2024-01-15 09:59:30,KF-E104,in_use,29.65,50.73,16.36,71.41,90.3,26.34
2024-01-15 10:00:00,KF-E104,in_use,32.11,49.95,16.47,71.35,90.33,24.88
2024-01-15 10:00:30,KF-E104,in_use,,49.6,17.61,71.28,88.84,23.08
2024-01-15 10:01:00,KF-E104,in_use,33.29,50.37,17.8,71.22,90.16,25.3
2024-01-15 10:01:30,KF-E104,in_use,41.04,50.57,17.14,71.15,90.19,26.6
2024-01-15 10:02:00,KF-E104,in_use,50.25,50.78,13.47,71.1,88.48,27.18
2024-01-15 10:02:30,KF-E104,in_use,30.85,50.24,,71.03,92.42,27.01
2024-01-15 10:03:00,KF-E104,in_use,40.22,50.68,13.96,70.98,93.05,32.13
2024-01-15 10:03:30,KF-E104,in_use,52.13,50.68,18.66,,93.44,26.16
2024-01-15 10:04:00,KF-E104,in_use,35.7,50.95,16.24,70.86,87.54,24.29
2024-01-15 10:04:30,KF-E104,in_use,41.59,,21.8,70.8,90.37,
2024-01-15 10:05:00,KF-E104,in_use,34.98,50.7,16.06,70.76,93.87,24.09
2024-01-15 10:05:30,KF-E104,in_use,17.76,50.22,20.93,70.71,90.92,29.58
2024-01-15 10:06:00,KF-E104,in_use,37.1,50.59,22.05,70.64,91.35,28.98
2024-01-15 10:06:30,KF-E104,in_use,28.66,50.15,19.25,70.57,93.56,26.23
2024-01-15 10:07:00,KF-E104,in_use,48.69,50.36,16.14,70.53,92.35,30.85
2024-01-15 10:07:30,KF-E104,in_use,27.86,50.09,16.5,70.47,92.24,24.52
2024-01-15 10:08:00,KF-E104,in_use,27.79,50.73,19.6,70.41,93.86,27.94
2024-01-15 10:08:30,KF-E104,in_use,36.69,49.37,17.91,70.35,89.29,30.0
2024-01-15 10:09:00,KF-E104,in_use,31.54,50.13,17.8,70.28,89.84,31.53
2024-01-15 10:09:30,KF-E104,in_use,37.58,50.59,14.39,70.22,89.47,27.75
2024-01-15 10:10:00,KF-E104,in_use,40.22,51.12,16.39,70.16,89.17,29.12
2024-01-15 10:10:30,KF-E104,in_use,38.29,50.04,19.31,70.09,88.16,23.04
2024-01-15 10:11:00,KF-E104,in_use,34.47,50.36,16.69,70.01,92.63,25.58
2024-01-15 10:11:30,KF-E104,in_use,42.74,50.72,18.79,69.94,90.85,28.22
2024-01-15 10:12:00,KF-E104,in_use,29.15,50.16,19.14,69.89,87.83,25.47
2024-01-15 10:12:30,KF-E104,in_use,26.21,50.33,14.84,,94.88,22.23
2024-01-15 10:13:00,KF-E104,in_use,28.6,50.05,13.3,69.77,88.4,27.77
2024-01-15 10:13:30,KF-E104,in_use,50.07,51.26,,69.7,90.87,24.96
2024-01-15 10:14:00,KF-E104,in_use,18.58,50.48,15.17,69.63,91.96,25.29
2024-01-15 10:14:30,KF-E104,in_use,29.22,50.42,16.35,69.57,88.71,26.78
2024-01-15 10:15:00,KF-E104,in_use,42.7,50.48,21.08,69.52,88.65,28.57
2024-01-15 10:15:30,KF-E104,in_use,29.24,50.43,17.2,69.45,87.68,25.97
2024-01-15 10:16:00,KF-E104,in_use,36.64,50.27,18.24,69.39,90.71,30.32
2024-01-15 10:16:30,KF-E104,in_use,22.49,50.47,20.23,69.34,89.82,26.2
2024-01-15 10:17:00,KF-E104,in_use,29.78,50.68,21.89,69.28,88.36,28.73
2024-01-15 10:17:30,KF-E104,in_use,38.24,50.81,,69.21,,25.18
2024-01-15 10:18:00,KF-E104,in_use,36.31,50.01,16.98,69.16,91.54,27.87
2024-01-15 10:18:30,KF-E104,in_use,39.3,50.55,21.32,69.1,96.53,27.93
2024-01-15 10:19:00,KF-E104,in_use,32.46,50.79,18.43,69.06,89.52,24.74
2024-01-15 10:19:30,KF-E104,in_use,25.01,50.98,16.85,68.99,92.01,30.16
2024-01-15 10:20:00,KF-E104,in_use,31.75,50.25,17.05,68.93,93.81,30.32
2024-01-15 10:20:30,KF-E104,in_use,33.5,50.33,21.03,68.85,91.11,21.64
2024-01-15 10:21:00,KF-E104,in_use,21.66,50.58,18.95,68.81,,28.28
2024-01-15 10:21:30,KF-E104,in_use,29.76,50.04,18.83,68.74,92.12,29.17
2024-01-15 10:22:00,KF-E104,in_use,35.47,50.01,19.13,68.68,90.84,26.84
2024-01-15 10:22:30,KF-E104,in_use,45.29,49.82,18.06,68.61,91.55,
2024-01-15 10:23:00,KF-E104,in_use,,50.67,19.68,68.55,91.25,25.97
2024-01-15 10:23:30,KF-E104,in_use,31.16,50.64,17.04,68.51,92.57,27.02
2024-01-15 10:24:00,KF-E104,in_use,25.24,50.28,20.49,68.46,89.86,24.46
2024-01-15 10:24:30,KF-E104,in_use,42.81,50.73,,68.39,,29.1
2024-01-15 10:25:00,KF-E104,in_use,42.58,50.42,14.64,68.33,88.52,27.88
2024-01-15 10:25:30,KF-E104,in_use,31.75,50.83,18.01,,93.42,26.57
2024-01-15 10:26:00,KF-E104,in_use,45.25,49.93,21.07,68.2,85.52,31.3
2024-01-15 10:26:30,KF-E104,in_use,34.52,50.5,17.73,,93.62,28.13
2024-01-15 10:27:00,KF-E104,in_use,39.19,50.82,17.68,68.08,90.56,26.5
2024-01-15 10:27:30,KF-E104,in_use,32.61,51.38,15.89,68.04,92.76,25.46
2024-01-15 10:28:00,KF-E104,in_use,34.72,50.61,19.13,67.95,88.28,25.77
2024-01-15 10:28:30,KF-E104,in_use,39.16,50.58,16.37,67.9,91.24,27.24
2024-01-15 10:29:00,KF-E104,in_use,49.12,50.77,16.21,67.83,94.54,29.75
2024-01-15 10:29:30,KF-E104,in_use,33.85,50.51,20.37,67.79,88.12,27.25
2024-01-15 10:30:00,KF-E104,in_use,30.22,50.6,17.72,67.72,89.42,27.65
2024-01-15 10:30:30,KF-E104,in_use,33.51,50.63,19.28,67.66,90.94,25.41
2024-01-15 10:31:00,KF-E104,in_use,38.45,50.55,17.24,67.61,94.5,28.9
2024-01-15 10:31:30,KF-E104,in_use,23.82,51.17,18.96,67.57,92.09,
2024-01-15 10:32:00,KF-E104,in_use,29.46,50.02,20.3,67.52,89.51,25.9
2024-01-15 10:32:30,KF-E104,in_use,33.38,49.85,14.91,,95.51,29.47
2024-01-15 10:33:00,KF-E104,in_use,39.21,50.82,18.6,67.4,91.09,25.51
2024-01-15 10:33:30,KF-E104,in_use,25.59,50.75,17.15,67.34,92.1,28.18
2024-01-15 10:34:00,KF-E104,in_use,32.19,50.81,14.79,67.29,93.78,25.13
2024-01-15 10:34:30,KF-E104,in_use,23.34,50.28,16.49,67.24,93.51,27.01
2024-01-15 10:35:00,KF-E104,in_use,26.4,50.81,,67.19,90.7,27.01
2024-01-15 10:35:30,KF-E104,in_use,22.43,,19.27,67.13,92.54,25.78
2024-01-15 10:36:00,KF-E104,in_use,44.2,50.01,19.78,67.05,93.96,24.01
2024-01-15 10:36:30,KF-E104,in_use,42.33,50.7,13.36,66.99,90.23,28.7
2024-01-15 10:37:00,KF-E104,in_use,39.95,51.35,15.05,66.92,,28.67
2024-01-15 10:37:30,KF-E104,in_use,36.62,50.94,14.77,66.85,89.42,29.6
2024-01-15 10:38:00,KF-E104,in_use,43.41,50.38,17.91,66.77,92.82,27.58
2024-01-15 10:38:30,KF-E104,in_use,34.26,50.1,16.2,66.71,92.24,28.76
2024-01-15 10:39:00,KF-E104,in_use,37.87,50.03,,66.66,93.26,25.55
2024-01-15 10:39:30,KF-E104,in_use,48.51,50.29,20.17,66.59,90.7,29.71
2024-01-15 10:40:00,KF-E104,in_use,35.12,50.24,16.1,66.55,89.65,30.59
2024-01-15 10:40:30,KF-E104,in_use,17.08,49.93,14.06,66.48,,24.99
2024-01-15 10:41:00,KF-E104,in_use,32.56,50.42,18.7,66.42,90.55,
2024-01-15 10:41:30,KF-E104,in_use,31.95,50.6,19.93,66.36,88.82,27.21
2024-01-15 10:42:00,KF-E104,in_use,28.12,50.08,18.59,66.29,91.62,25.3
2024-01-15 10:42:30,KF-E104,in_use,32.28,50.95,18.28,66.24,92.91,28.11
2024-01-15 10:43:00,KF-E104,in_use,38.63,,15.54,66.19,92.57,30.35
2024-01-15 10:43:30,KF-E104,in_use,39.04,50.24,17.56,66.12,90.32,27.15
2024-01-15 10:44:00,KF-E104,in_use,45.02,50.77,16.64,66.07,88.47,28.21
2024-01-15 10:44:30,KF-E104,in_use,32.85,50.13,13.09,66.0,92.41,27.33
2024-01-15 10:45:00,KF-E104,in_use,48.19,,17.95,65.94,95.36,28.5
2024-01-15 10:45:30,KF-E104,in_use,41.07,,,65.89,90.84,27.0
2024-01-15 10:46:00,KF-E104,in_use,28.88,50.95,18.88,65.84,89.09,23.1
2024-01-15 10:46:30,KF-E104,in_use,30.29,50.81,18.0,,91.12,26.55
2024-01-15 10:47:00,KF-E104,in_use,39.88,50.14,19.91,65.72,89.37,28.62
2024-01-15 10:47:30,KF-E104,in_use,33.42,50.34,17.16,65.66,91.31,25.0
2024-01-15 10:48:00,KF-E104,in_use,42.39,50.41,15.34,65.6,95.14,31.85
2024-01-15 10:48:30,KF-E104,in_use,,50.51,18.4,65.55,88.57,25.54
2024-01-15 10:49:00,KF-E104,in_use,36.07,50.65,18.67,65.48,86.96,25.36
2024-01-15 10:49:30,KF-E104,in_use,35.81,50.17,15.73,65.42,89.23,25.94
2024-01-15 10:50:00,KF-E104,in_use,35.14,50.8,15.86,65.35,86.92,27.35
2024-01-15 10:50:30,KF-E104,in_use,35.63,50.44,17.87,65.31,94.27,26.4
2024-01-15 10:51:00,KF-E104,in_use,30.68,50.82,18.16,65.23,93.85,29.64
2024-01-15 10:51:30,KF-E104,in_use,24.13,50.03,18.38,65.17,94.66,29.86
2024-01-15 10:52:00,KF-E104,in_use,40.64,50.31,17.46,65.1,,26.78
2024-01-15 10:52:30,KF-E104,in_use,31.99,51.1,16.63,65.05,91.72,23.17
2024-01-15 10:53:00,KF-E104,in_use,39.19,50.82,17.67,65.0,92.75,30.92
2024-01-15 10:53:30,KF-E104,in_use,27.93,50.77,17.74,64.95,,28.08
2024-01-15 10:54:00,KF-E104,in_use,26.24,50.53,15.05,64.89,90.15,27.18
2024-01-15 10:54:30,KF-E104,in_use,30.47,50.36,12.58,64.83,98.38,27.28
2024-01-15 10:55:00,KF-E104,in_use,37.69,50.59,15.63,64.76,85.99,26.8
2024-01-15 10:55:30,KF-E104,in_use,39.94,50.55,19.87,64.71,90.32,30.38
2024-01-15 10:56:00,KF-E104,in_use,39.36,,14.63,64.65,88.22,31.76
2024-01-15 10:56:30,KF-E104,in_use,45.11,50.73,18.15,64.6,91.92,26.33
2024-01-15 10:57:00,KF-E104,in_use,36.08,50.58,17.91,,96.04,27.25
2024-01-15 10:57:30,KF-E104,in_use,40.48,50.38,18.22,64.47,94.2,27.49
2024-01-15 10:58:00,KF-E104,in_use,36.2,50.94,20.56,64.4,87.26,28.01
2024-01-15 10:58:30,KF-E104,in_use,40.81,51.09,19.38,64.35,92.78,24.84
2024-01-15 10:59:00,KF-E104,in_use,51.45,50.74,18.86,64.27,91.66,23.9
2024-01-15 10:59:30,KF-E104,in_use,15.95,50.87,21.46,64.23,89.11,27.37
2024-01-15 11:00:00,KF-E104,charging,0.0,52.14,-11.97,64.23,93.38,24.44
2024-01-15 11:00:30,KF-E104,charging,0.0,51.73,-11.5,64.23,90.22,26.43
2024-01-15 11:01:00,KF-E104,charging,0.0,51.76,-11.31,64.23,90.91,24.69
2024-01-15 11:01:30,KF-E104,charging,0.0,51.51,-11.62,64.23,,27.48
2024-01-15 11:02:00,KF-E104,charging,0.0,51.94,-11.63,64.23,89.05,29.26
2024-01-15 11:02:30,KF-E104,charging,0.0,51.97,-13.71,64.23,93.9,26.54
2024-01-15 11:03:00,KF-E104,charging,0.0,52.14,,64.23,94.62,23.88
2024-01-15 11:03:30,KF-E104,charging,0.0,52.19,-12.35,64.23,87.55,29.48
2024-01-15 11:04:00,KF-E104,charging,0.0,51.93,-11.55,64.23,87.77,27.67
2024-01-15 11:04:30,KF-E104,charging,0.0,52.17,-13.05,64.23,,26.88
2024-01-15 11:05:00,KF-E104,charging,0.0,51.92,-10.82,64.23,92.74,28.17
2024-01-15 11:05:30,KF-E104,charging,0.0,,-11.54,64.23,,26.22
2024-01-15 11:06:00,KF-E104,charging,0.0,,-11.77,64.23,94.21,
2024-01-15 11:06:30,KF-E104,charging,0.0,51.75,-11.69,64.23,91.86,28.22
2024-01-15 11:07:00,KF-E104,charging,0.0,52.05,-11.54,64.23,91.79,30.24
2024-01-15 11:07:30,KF-E104,charging,0.0,51.84,-11.12,64.23,89.47,25.65
2024-01-15 11:08:00,KF-E104,charging,0.0,52.21,-11.0,64.23,92.98,23.45
2024-01-15 11:08:30,KF-E104,charging,0.0,52.27,-12.65,64.23,89.07,26.86
2024-01-15 11:09:00,KF-E104,charging,0.0,51.65,-11.06,64.23,89.99,28.03
2024-01-15 11:09:30,KF-E104,charging,0.0,52.15,-12.0,64.23,89.85,24.56
2024-01-15 11:10:00,KF-E104,charging,0.0,51.94,-11.77,64.23,90.83,27.95
2024-01-15 11:10:30,KF-E104,charging,0.0,51.74,-12.07,64.23,90.66,25.87
2024-01-15 11:11:00,KF-E104,charging,,52.09,-11.42,64.23,89.87,27.82
2024-01-15 11:11:30,KF-E104,charging,0.0,51.84,-12.85,64.23,87.08,27.59
2024-01-15 11:12:00,KF-E104,charging,0.0,51.86,,64.23,92.16,22.4
2024-01-15 11:12:30,KF-E104,charging,0.0,51.67,-11.77,64.23,91.31,27.18
2024-01-15 11:13:00,KF-E104,charging,0.0,51.99,-10.29,64.23,90.93,28.27
2024-01-15 11:13:30,KF-E104,charging,0.0,51.63,-11.46,64.23,87.86,26.16
2024-01-15 11:14:00,KF-E104,charging,0.0,51.99,-12.34,64.23,89.88,24.79
2024-01-15 11:14:30,KF-E104,charging,0.0,51.81,-13.14,64.23,92.16,31.05
2024-01-15 11:15:00,KF-E104,charging,0.0,52.27,-12.4,64.23,89.13,26.76
2024-01-15 11:15:30,KF-E104,charging,0.0,52.08,-12.72,64.23,87.06,27.23
2024-01-15 11:16:00,KF-E104,charging,0.0,51.9,-12.0,64.23,92.89,26.87
2024-01-15 11:16:30,KF-E104,charging,0.0,51.9,-12.06,64.23,92.53,25.0
2024-01-15 11:17:00,KF-E104,charging,,52.06,-10.81,64.23,89.36,28.85
2024-01-15 11:17:30,KF-E104,charging,0.0,51.89,-13.93,64.23,89.94,26.22
2024-01-15 11:18:00,KF-E104,charging,,52.16,-13.23,64.23,89.8,26.27
2024-01-15 11:18:30,KF-E104,charging,0.0,51.87,-12.77,64.23,89.25,27.19
2024-01-15 11:19:00,KF-E104,charging,0.0,51.81,-11.78,64.23,91.09,23.37
2024-01-15 11:19:30,KF-E104,charging,0.0,51.73,-12.66,64.23,90.38,26.66
2024-01-15 11:20:00,KF-E104,charging,0.0,52.67,-10.92,64.23,89.75,28.63
2024-01-15 11:20:30,KF-E104,charging,0.0,51.82,-12.73,64.23,91.75,26.37
2024-01-15 11:21:00,KF-E104,charging,0.0,51.85,-10.71,64.23,91.78,25.98
2024-01-15 11:21:30,KF-E104,charging,0.0,51.95,-11.62,64.23,88.05,25.25
2024-01-15 11:22:00,KF-E104,charging,0.0,52.01,-10.88,64.23,88.79,27.74
2024-01-15 11:22:30,KF-E104,charging,0.0,51.84,,,93.04,27.26
2024-01-15 11:23:00,KF-E104,charging,0.0,51.72,-11.94,64.23,93.18,31.53
2024-01-15 11:23:30,KF-E104,charging,0.0,52.06,,64.23,,26.29
2024-01-15 11:24:00,KF-E104,charging,0.0,52.18,-13.23,64.23,91.43,25.86
2024-01-15 11:24:30,KF-E104,charging,0.0,52.09,-11.46,64.23,91.2,27.88
2024-01-15 11:25:00,KF-E104,charging,0.0,52.0,-11.53,64.23,90.51,26.8
2024-01-15 11:25:30,KF-E104,charging,0.0,52.01,-10.65,64.23,89.76,
2024-01-15 11:26:00,KF-E104,charging,0.0,51.84,-11.76,64.23,89.56,29.11
2024-01-15 11:26:30,KF-E104,charging,0.0,51.69,-12.0,64.23,94.81,23.34
2024-01-15 11:27:00,KF-E104,charging,0.0,51.83,-12.14,64.23,94.49,24.61
2024-01-15 11:27:30,KF-E104,charging,0.0,52.07,-11.65,64.23,91.14,27.48
2024-01-15 11:28:00,KF-E104,charging,0.0,51.74,,64.23,89.11,29.14
2024-01-15 11:28:30,KF-E104,charging,0.0,52.17,-11.15,,87.22,30.35
2024-01-15 11:29:00,KF-E104,charging,0.0,52.05,-13.59,64.23,90.94,28.88
2024-01-15 11:29:30,KF-E104,charging,0.0,51.98,-11.75,64.23,89.36,26.59
2024-01-15 11:30:00,KF-E104,not_in_use,0.0,52.02,0.0,64.23,90.72,24.28
2024-01-15 11:30:30,KF-E104,not_in_use,0.0,52.08,0.0,64.23,91.8,27.56
2024-01-15 11:31:00,KF-E104,not_in_use,0.0,52.48,0.0,,92.66,26.7
2024-01-15 11:31:30,KF-E104,not_in_use,0.0,52.06,0.0,64.23,91.27,25.37
2024-01-15 11:32:00,KF-E104,not_in_use,0.0,51.81,0.0,64.23,93.11,26.82
2024-01-15 11:32:30,KF-E104,not_in_use,0.0,,0.0,64.23,93.8,28.36
2024-01-15 11:33:00,KF-E104,not_in_use,0.0,51.88,0.0,64.23,93.23,27.47
2024-01-15 11:33:30,KF-E104,not_in_use,0.0,52.19,0.0,64.23,92.3,28.55
2024-01-15 11:34:00,KF-E104,not_in_use,0.0,51.98,0.0,64.23,88.45,26.52
2024-01-15 11:34:30,KF-E104,not_in_use,0.0,52.06,0.0,64.23,89.62,26.35
2024-01-15 11:35:00,KF-E104,not_in_use,0.0,52.07,0.0,64.23,93.39,29.1
2024-01-15 11:35:30,KF-E104,not_in_use,0.0,52.37,,64.23,91.21,27.19
2024-01-15 11:36:00,KF-E104,not_in_use,0.0,52.32,0.0,64.23,90.7,24.83
2024-01-15 11:36:30,KF-E104,not_in_use,0.0,51.76,0.0,64.23,,28.49
2024-01-15 11:37:00,KF-E104,not_in_use,0.0,52.03,0.0,64.23,89.16,28.57
2024-01-15 11:37:30,KF-E104,not_in_use,0.0,51.88,0.0,64.23,89.85,28.83
2024-01-15 11:38:00,KF-E104,not_in_use,0.0,51.9,0.0,64.23,90.27,28.3
2024-01-15 11:38:30,KF-E104,not_in_use,0.0,52.07,0.0,64.23,87.75,24.54
2024-01-15 11:39:00,KF-E104,not_in_use,0.0,51.79,0.0,64.23,91.83,25.8
2024-01-15 11:39:30,KF-E104,not_in_use,0.0,52.09,0.0,64.23,92.9,26.85
2024-01-15 11:40:00,KF-E104,not_in_use,0.0,51.75,0.0,64.23,88.01,26.63
2024-01-15 11:40:30,KF-E104,not_in_use,,51.94,0.0,64.23,89.9,29.25
2024-01-15 11:41:00,KF-E104,not_in_use,0.0,52.11,0.0,64.23,89.41,29.04
2024-01-15 11:41:30,KF-E104,not_in_use,0.0,,0.0,64.23,91.2,25.78
2024-01-15 11:42:00,KF-E104,not_in_use,,52.14,0.0,64.23,88.52,26.42
2024-01-15 11:42:30,KF-E104,not_in_use,0.0,51.84,0.0,64.23,94.36,23.64
2024-01-15 11:43:00,KF-E104,not_in_use,0.0,52.2,0.0,64.23,92.62,26.23
2024-01-15 11:43:30,KF-E104,not_in_use,0.0,52.26,0.0,64.23,91.29,24.5
2024-01-15 11:44:00,KF-E104,not_in_use,0.0,52.22,0.0,64.23,90.3,24.78
2024-01-15 11:44:30,KF-E104,not_in_use,0.0,51.92,0.0,64.23,88.37,24.93
2024-01-15 11:45:00,KF-E104,not_in_use,0.0,52.22,0.0,64.23,91.58,20.85
2024-01-15 11:45:30,KF-E104,not_in_use,0.0,51.85,0.0,64.23,90.2,23.1
2024-01-15 11:46:00,KF-E104,not_in_use,0.0,,0.0,64.23,88.4,26.72
2024-01-15 11:46:30,KF-E104,not_in_use,0.0,52.09,0.0,64.23,91.26,
2024-01-15 11:47:00,KF-E104,not_in_use,0.0,52.09,0.0,64.23,88.77,31.11
2024-01-15 11:47:30,KF-E104,not_in_use,0.0,51.88,0.0,64.23,87.66,30.59
2024-01-15 11:48:00,KF-E104,not_in_use,0.0,52.05,0.0,64.23,92.48,26.6
2024-01-15 11:48:30,KF-E104,not_in_use,0.0,51.95,0.0,64.23,92.41,28.31
2024-01-15 11:49:00,KF-E104,not_in_use,0.0,52.07,0.0,64.23,89.79,25.27
2024-01-15 11:49:30,KF-E104,not_in_use,,51.94,0.0,64.23,89.47,28.8
2024-01-15 11:50:00,KF-E104,not_in_use,0.0,52.04,0.0,64.23,93.22,25.83
2024-01-15 11:50:30,KF-E104,not_in_use,0.0,52.49,0.0,,89.15,24.58
2024-01-15 11:51:00,KF-E104,not_in_use,0.0,52.06,0.0,64.23,89.62,25.87
2024-01-15 11:51:30,KF-E104,not_in_use,,52.18,0.0,64.23,90.14,23.53
2024-01-15 11:52:00,KF-E104,not_in_use,0.0,52.04,0.0,64.23,,28.6
2024-01-15 11:52:30,KF-E104,not_in_use,0.0,51.89,0.0,64.23,92.39,26.7
2024-01-15 11:53:00,KF-E104,not_in_use,0.0,52.02,0.0,64.23,90.22,27.71
2024-01-15 11:53:30,KF-E104,not_in_use,0.0,51.98,0.0,64.23,88.8,26.44
2024-01-15 11:54:00,KF-E104,not_in_use,,52.1,0.0,64.23,,23.87
2024-01-15 11:54:30,KF-E104,not_in_use,0.0,52.07,0.0,64.23,90.07,26.51
2024-01-15 11:55:00,KF-E104,not_in_use,0.0,51.94,0.0,64.23,90.32,28.44
2024-01-15 11:55:30,KF-E104,not_in_use,0.0,51.63,0.0,64.23,92.71,29.14
2024-01-15 11:56:00,KF-E104,not_in_use,0.0,51.58,0.0,64.23,,29.39
2024-01-15 11:56:30,KF-E104,not_in_use,0.0,51.91,0.0,64.23,96.02,29.23
2024-01-15 11:57:00,KF-E104,not_in_use,0.0,52.24,0.0,64.23,,27.3
2024-01-15 11:57:30,KF-E104,not_in_use,0.0,52.01,0.0,64.23,91.18,25.68
2024-01-15 11:58:00,KF-E104,not_in_use,0.0,52.08,0.0,64.23,87.27,29.48
2024-01-15 11:58:30,KF-E104,not_in_use,0.0,51.72,0.0,64.23,87.52,25.77
2024-01-15 11:59:00,KF-E104,not_in_use,0.0,52.19,0.0,64.23,89.7,24.4
2024-01-15 11:59:30,KF-E104,not_in_use,0.0,51.75,0.0,64.23,90.71,26.81
2024-01-15 06:00:00,KF-F105,in_use,25.63,50.07,16.07,99.94,94.36,28.44
2024-01-15 06:00:30,KF-F105,in_use,49.21,50.28,16.17,99.89,93.11,30.71
2024-01-15 06:01:00,KF-F105,in_use,38.99,49.79,18.0,99.82,91.61,27.83
2024-01-15 06:01:30,KF-F105,in_use,42.87,50.44,16.5,99.78,94.17,26.84
2024-01-15 06:02:00,KF-F105,in_use,31.98,49.87,18.09,99.71,,27.32
2024-01-15 06:02:30,KF-F105,in_use,31.84,50.81,17.34,99.65,86.02,27.93
2024-01-15 06:03:00,KF-F105,in_use,48.95,51.19,,99.58,92.41,25.96
2024-01-15 06:03:30,KF-F105,in_use,41.49,50.4,18.66,99.53,89.15,23.07
2024-01-15 06:04:00,KF-F105,in_use,35.47,50.56,,99.49,88.4,27.17
2024-01-15 06:04:30,KF-F105,in_use,38.78,50.07,16.58,99.43,93.89,28.91
2024-01-15 06:05:00,KF-F105,in_use,31.27,50.53,19.32,99.37,90.42,27.19
2024-01-15 06:05:30,KF-F105,in_use,35.99,51.16,14.54,99.31,89.06,28.35
2024-01-15 06:06:00,KF-F105,in_use,35.17,50.78,19.3,99.25,91.43,30.43
2024-01-15 06:06:30,KF-F105,in_use,,50.11,19.21,99.19,88.06,26.81
2024-01-15 06:07:00,KF-F105,in_use,29.03,50.62,17.97,99.13,89.23,27.68
2024-01-15 06:07:30,KF-F105,in_use,43.11,51.16,16.9,99.07,91.97,
2024-01-15 06:08:00,KF-F105,in_use,45.11,50.37,17.27,99.03,86.85,26.07
2024-01-15 06:08:30,KF-F105,in_use,27.96,50.49,20.57,98.95,87.64,25.33
2024-01-15 06:09:00,KF-F105,in_use,36.95,50.05,17.89,98.9,88.37,25.5
2024-01-15 06:09:30,KF-F105,in_use,31.29,49.6,18.07,,90.2,25.6
2024-01-15 06:10:00,KF-F105,in_use,40.84,,19.02,98.77,,28.33
2024-01-15 06:10:30,KF-F105,in_use,53.58,51.13,20.26,98.71,91.08,26.11
2024-01-15 06:11:00,KF-F105,in_use,40.3,50.65,13.94,98.65,91.91,29.19
2024-01-15 06:11:30,KF-F105,in_use,30.97,51.07,18.8,98.58,93.57,26.93
2024-01-15 06:12:00,KF-F105,in_use,41.09,49.68,21.95,98.5,,28.93
2024-01-15 06:12:30,KF-F105,in_use,45.55,49.85,16.73,,87.84,26.54
2024-01-15 06:13:00,KF-F105,in_use,31.78,50.56,19.03,98.39,92.61,31.51
2024-01-15 06:13:30,KF-F105,in_use,32.84,50.29,17.79,98.34,,32.2
2024-01-15 06:14:00,KF-F105,in_use,33.71,50.32,18.72,98.29,91.67,27.51
2024-01-15 06:14:30,KF-F105,in_use,20.22,50.7,16.65,98.22,90.29,27.93
2024-01-15 06:15:00,KF-F105,in_use,54.56,51.07,17.86,98.17,89.36,27.53
2024-01-15 06:15:30,KF-F105,in_use,39.62,50.27,15.77,98.11,92.35,28.33
2024-01-15 06:16:00,KF-F105,in_use,48.74,50.07,17.42,98.06,87.69,26.24
2024-01-15 06:16:30,KF-F105,in_use,43.35,50.41,21.65,97.99,92.75,24.54
2024-01-15 06:17:00,KF-F105,in_use,19.16,50.27,,97.94,93.05,28.39
2024-01-15 06:17:30,KF-F105,in_use,25.78,49.26,19.28,97.88,88.25,28.37
2024-01-15 06:18:00,KF-F105,in_use,43.78,50.92,13.22,97.82,91.2,23.85
2024-01-15 06:18:30,KF-F105,in_use,30.79,50.11,19.96,97.76,90.86,27.24
2024-01-15 06:19:00,KF-F105,in_use,42.98,49.89,18.1,97.71,89.46,27.06
2024-01-15 06:19:30,KF-F105,in_use,30.58,50.63,19.81,97.63,91.3,28.24
2024-01-15 06:20:00,KF-F105,in_use,25.88,50.66,18.09,97.58,,28.59
2024-01-15 06:20:30,KF-F105,in_use,30.21,50.39,16.67,97.51,90.15,23.41
2024-01-15 06:21:00,KF-F105,in_use,43.27,50.51,17.93,97.45,86.7,24.57
2024-01-15 06:21:30,KF-F105,in_use,36.43,50.93,17.71,97.39,93.49,25.22
2024-01-15 06:22:00,KF-F105,in_use,50.94,50.58,16.26,97.32,87.6,26.85
2024-01-15 06:22:30,KF-F105,in_use,46.21,50.57,14.96,97.26,89.74,26.44
2024-01-15 06:23:00,KF-F105,in_use,36.95,50.21,20.93,97.19,87.88,28.83
2024-01-15 06:23:30,KF-F105,in_use,33.33,50.06,14.82,97.14,92.54,
2024-01-15 06:24:00,KF-F105,in_use,34.9,49.91,20.64,97.08,91.4,29.28
2024-01-15 06:24:30,KF-F105,in_use,37.66,50.95,14.55,97.01,93.7,28.9
2024-01-15 06:25:00,KF-F105,in_use,35.54,50.58,23.41,96.95,89.63,26.5
2024-01-15 06:25:30,KF-F105,in_use,34.95,50.82,17.68,96.88,87.93,28.66
2024-01-15 06:26:00,KF-F105,in_use,37.79,50.01,20.14,96.83,92.21,27.51
2024-01-15 06:26:30,KF-F105,in_use,33.07,50.8,19.43,96.77,,29.08
2024-01-15 06:27:00,KF-F105,in_use,40.82,51.02,16.14,96.72,95.26,31.06
2024-01-15 06:27:30,KF-F105,in_use,6.74,50.61,20.66,96.66,91.07,29.01
2024-01-15 06:28:00,KF-F105,in_use,43.43,50.51,17.2,96.62,93.72,25.94
2024-01-15 06:28:30,KF-F105,in_use,40.4,50.08,20.08,96.57,90.86,23.76
2024-01-15 06:29:00,KF-F105,in_use,24.79,50.13,18.0,96.49,91.32,25.54
2024-01-15 06:29:30,KF-F105,in_use,47.49,50.31,14.67,96.43,90.61,27.82
2024-01-15 06:30:00,KF-F105,in_use,35.98,50.24,18.31,96.38,90.54,30.45
2024-01-15 06:30:30,KF-F105,in_use,,50.76,18.55,96.32,93.32,26.38
2024-01-15 06:31:00,KF-F105,in_use,36.97,50.82,,96.25,90.77,26.97
2024-01-15 06:31:30,KF-F105,in_use,,50.41,19.9,96.19,89.29,26.32
2024-01-15 06:32:00,KF-F105,in_use,37.28,50.11,21.75,,93.17,28.68
2024-01-15 06:32:30,KF-F105,in_use,31.45,50.79,17.71,96.08,90.13,26.01
2024-01-15 06:33:00,KF-F105,in_use,20.53,50.9,20.61,96.01,87.94,25.59
2024-01-15 06:33:30,KF-F105,in_use,35.83,50.52,20.57,95.95,92.66,24.87
2024-01-15 06:34:00,KF-F105,in_use,30.23,50.82,19.81,95.9,92.6,26.15
2024-01-15 06:34:30,KF-F105,in_use,39.43,,16.45,95.83,92.26,28.5
2024-01-15 06:35:00,KF-F105,in_use,32.89,49.98,20.2,95.77,92.54,26.4
2024-01-15 06:35:30,KF-F105,in_use,36.9,50.44,17.33,95.7,87.89,29.2
2024-01-15 06:36:00,KF-F105,in_use,37.32,50.66,16.32,95.66,89.96,28.94
2024-01-15 06:36:30,KF-F105,in_use,30.31,50.37,18.05,95.6,88.43,26.55
2024-01-15 06:37:00,KF-F105,in_use,56.29,50.39,18.14,95.53,91.46,25.72
2024-01-15 06:37:30,KF-F105,in_use,37.82,51.54,19.51,95.48,88.46,22.04
2024-01-15 06:38:00,KF-F105,in_use,31.78,50.34,20.66,95.43,89.46,28.22
2024-01-15 06:38:30,KF-F105,in_use,27.59,51.32,19.96,95.37,91.17,
2024-01-15 06:39:00,KF-F105,in_use,,49.67,18.32,95.32,90.53,29.72
2024-01-15 06:39:30,KF-F105,in_use,30.42,51.03,16.34,95.26,90.1,26.39
2024-01-15 06:40:00,KF-F105,in_use,37.92,50.64,17.78,95.21,92.09,26.86
2024-01-15 06:40:30,KF-F105,in_use,32.59,50.58,17.03,95.14,92.88,26.36
2024-01-15 06:41:00,KF-F105,in_use,29.14,50.56,21.03,95.09,89.12,30.51
2024-01-15 06:41:30,KF-F105,in_use,46.53,50.57,17.77,95.05,91.21,26.37
2024-01-15 06:42:00,KF-F105,in_use,14.31,50.81,18.28,94.98,90.83,27.27
2024-01-15 06:42:30,KF-F105,in_use,26.64,51.3,16.08,94.92,,
2024-01-15 06:43:00,KF-F105,in_use,40.56,50.57,15.62,94.84,91.13,27.48
2024-01-15 06:43:30,KF-F105,in_use,33.22,50.28,15.44,94.78,91.87,27.06
2024-01-15 06:44:00,KF-F105,in_use,38.61,50.93,20.59,94.71,95.01,25.33
2024-01-15 06:44:30,KF-F105,in_use,45.21,50.69,18.49,94.66,91.04,25.37
2024-01-15 06:45:00,KF-F105,in_use,12.64,50.77,14.35,94.6,90.57,24.72
2024-01-15 06:45:30,KF-F105,in_use,34.53,50.8,20.02,94.52,92.59,25.6
2024-01-15 06:46:00,KF-F105,in_use,39.16,50.84,17.37,94.43,90.85,24.89
2024-01-15 06:46:30,KF-F105,in_use,42.25,,15.26,94.37,89.38,29.98
2024-01-15 06:47:00,KF-F105,in_use,39.06,50.27,14.02,94.32,90.36,22.88
2024-01-15 06:47:30,KF-F105,in_use,27.01,,19.07,94.27,90.13,26.3
2024-01-15 06:48:00,KF-F105,in_use,43.09,50.77,22.3,94.21,90.88,27.04
2024-01-15 06:48:30,KF-F105,in_use,37.84,50.53,19.85,94.15,91.06,26.18
2024-01-15 06:49:00,KF-F105,in_use,27.59,50.39,21.28,94.09,90.34,32.27
2024-01-15 06:49:30,KF-F105,in_use,40.08,50.3,,94.01,89.65,30.5
2024-01-15 06:50:00,KF-F105,in_use,26.89,50.08,14.78,93.95,94.77,25.63
2024-01-15 06:50:30,KF-F105,in_use,36.16,49.85,17.9,93.9,92.93,25.2
2024-01-15 06:51:00,KF-F105,in_use,35.44,50.1,16.02,93.85,91.74,28.52
2024-01-15 06:51:30,KF-F105,in_use,,50.75,18.19,93.8,88.86,27.61
2024-01-15 06:52:00,KF-F105,in_use,,51.06,16.83,93.74,,27.09
2024-01-15 06:52:30,KF-F105,in_use,33.42,50.8,16.23,93.67,90.62,30.34
2024-01-15 06:53:00,KF-F105,in_use,34.73,51.0,13.27,93.6,89.53,25.0
2024-01-15 06:53:30,KF-F105,in_use,40.43,50.54,17.08,93.55,88.27,28.91
2024-01-15 06:54:00,KF-F105,in_use,18.52,50.22,18.42,93.5,92.58,28.51
2024-01-15 06:54:30,KF-F105,in_use,,49.67,17.23,93.44,94.52,27.3
2024-01-15 06:55:00,KF-F105,in_use,35.19,50.57,16.32,93.39,92.86,25.98
2024-01-15 06:55:30,KF-F105,in_use,37.92,50.29,18.21,93.35,93.68,21.94
2024-01-15 06:56:00,KF-F105,in_use,32.09,50.29,21.32,93.28,92.25,27.4
2024-01-15 06:56:30,KF-F105,in_use,29.38,50.87,17.4,93.21,89.52,27.16
2024-01-15 06:57:00,KF-F105,in_use,45.07,50.48,18.09,93.14,87.32,29.42
2024-01-15 06:57:30,KF-F105,in_use,34.58,50.63,16.82,93.09,94.19,28.39
2024-01-15 06:58:00,KF-F105,in_use,29.29,50.58,16.36,93.02,95.39,28.95
2024-01-15 06:58:30,KF-F105,in_use,39.92,50.52,,92.97,93.88,23.78
2024-01-15 06:59:00,KF-F105,in_use,34.96,50.56,16.61,92.91,89.92,24.01
2024-01-15 06:59:30,KF-F105,in_use,55.9,,20.26,92.86,91.67,29.27
2024-01-15 07:00:00,KF-F105,in_use,33.31,49.98,20.43,92.79,87.25,27.29
2024-01-15 07:00:30,KF-F105,in_use,32.35,49.68,15.8,92.74,91.09,25.8
2024-01-15 07:01:00,KF-F105,in_use,27.89,50.26,19.24,92.69,88.26,27.57
2024-01-15 07:01:30,KF-F105,in_use,32.5,50.93,16.31,92.64,88.69,27.92
2024-01-15 07:02:00,KF-F105,in_use,36.83,51.16,17.85,92.58,89.79,25.45
2024-01-15 07:02:30,KF-F105,in_use,38.79,50.29,17.92,92.53,87.07,26.03
2024-01-15 07:03:00,KF-F105,in_use,18.52,50.14,18.26,92.46,91.81,27.42
2024-01-15 07:03:30,KF-F105,in_use,30.22,49.9,,92.4,88.36,28.83
2024-01-15 07:04:00,KF-F105,in_use,32.11,49.91,12.95,92.33,93.32,25.33
2024-01-15 07:04:30,KF-F105,in_use,26.59,50.66,16.13,92.29,90.93,26.64
2024-01-15 07:05:00,KF-F105,in_use,32.43,50.56,21.69,92.23,92.66,25.39
2024-01-15 07:05:30,KF-F105,in_use,29.25,50.36,16.04,92.15,92.76,28.15
2024-01-15 07:06:00,KF-F105,in_use,19.13,49.6,17.35,92.1,88.58,25.37
2024-01-15 07:06:30,KF-F105,in_use,34.34,49.61,16.38,92.04,94.09,24.61
2024-01-15 07:07:00,KF-F105,in_use,37.76,50.48,20.55,91.98,92.54,24.71
2024-01-15 07:07:30,KF-F105,in_use,23.5,50.78,16.16,91.91,92.5,
2024-01-15 07:08:00,KF-F105,in_use,27.99,51.01,14.78,,,28.66
2024-01-15 07:08:30,KF-F105,in_use,31.55,49.97,18.03,,90.58,27.08
2024-01-15 07:09:00,KF-F105,in_use,49.77,50.68,20.54,91.72,90.39,30.11
2024-01-15 07:09:30,KF-F105,in_use,52.54,50.28,16.46,91.66,,25.86
2024-01-15 07:10:00,KF-F105,in_use,37.14,50.75,19.15,91.6,,
2024-01-15 07:10:30,KF-F105,in_use,38.17,50.43,21.04,91.54,93.22,26.35
2024-01-15 07:11:00,KF-F105,in_use,22.28,50.77,16.46,91.48,91.05,26.83
2024-01-15 07:11:30,KF-F105,in_use,34.4,50.2,19.21,91.39,92.68,26.43
2024-01-15 07:12:00,KF-F105,in_use,35.84,50.41,17.38,91.33,91.04,29.37
2024-01-15 07:12:30,KF-F105,in_use,31.74,50.19,13.79,91.26,91.71,25.54
2024-01-15 07:13:00,KF-F105,in_use,23.8,50.07,19.49,91.21,87.0,28.66
2024-01-15 07:13:30,KF-F105,in_use,,50.09,20.28,91.14,92.37,26.99
2024-01-15 07:14:00,KF-F105,in_use,49.58,51.03,18.48,91.08,90.09,28.17
2024-01-15 07:14:30,KF-F105,in_use,42.31,49.92,15.06,91.02,90.1,27.69
2024-01-15 07:15:00,KF-F105,in_use,48.97,49.96,17.63,90.95,92.7,28.77
2024-01-15 07:15:30,KF-F105,in_use,40.55,50.46,18.4,90.9,89.77,24.24
2024-01-15 07:16:00,KF-F105,in_use,24.24,50.12,15.28,90.84,94.89,26.1
2024-01-15 07:16:30,KF-F105,in_use,29.19,49.96,17.92,90.78,88.26,26.85
2024-01-15 07:17:00,KF-F105,in_use,38.61,50.33,18.94,90.72,90.78,26.85
2024-01-15 07:17:30,KF-F105,in_use,40.22,50.48,20.9,90.66,84.59,29.49
2024-01-15 07:18:00,KF-F105,in_use,40.46,50.27,18.88,90.59,90.29,28.77
2024-01-15 07:18:30,KF-F105,in_use,,49.93,20.7,90.53,93.87,27.23
2024-01-15 07:19:00,KF-F105,in_use,33.37,50.38,16.28,90.46,93.05,27.51
2024-01-15 07:19:30,KF-F105,in_use,44.56,,17.83,90.4,91.89,26.86
2024-01-15 07:20:00,KF-F105,in_use,41.22,50.85,21.73,90.32,,25.73
2024-01-15 07:20:30,KF-F105,in_use,34.78,50.28,19.69,90.26,91.94,28.6
2024-01-15 07:21:00,KF-F105,in_use,30.11,50.32,16.23,90.2,93.28,26.76
2024-01-15 07:21:30,KF-F105,in_use,,50.59,16.55,90.13,87.24,28.61
2024-01-15 07:22:00,KF-F105,in_use,38.12,50.86,21.16,90.06,89.8,26.25
2024-01-15 07:22:30,KF-F105,in_use,,50.6,19.43,,90.76,23.23
2024-01-15 07:23:00,KF-F105,in_use,33.97,50.03,19.49,89.91,87.6,27.04
2024-01-15 07:23:30,KF-F105,in_use,30.37,50.2,15.12,89.85,88.8,28.52
2024-01-15 07:24:00,KF-F105,in_use,27.97,50.72,20.4,89.81,87.82,26.26
2024-01-15 07:24:30,KF-F105,in_use,31.92,50.31,,89.76,92.05,26.25
2024-01-15 07:25:00,KF-F105,in_use,38.52,50.38,16.43,89.71,89.31,
2024-01-15 07:25:30,KF-F105,in_use,43.36,51.16,18.97,89.64,89.8,31.11
2024-01-15 07:26:00,KF-F105,in_use,48.01,50.57,22.16,,89.63,28.31
2024-01-15 07:26:30,KF-F105,in_use,44.67,51.07,20.97,89.53,90.5,26.99
2024-01-15 07:27:00,KF-F105,in_use,34.63,50.28,18.86,89.45,90.84,28.89
2024-01-15 07:27:30,KF-F105,in_use,35.24,51.0,19.57,89.39,89.64,24.71
2024-01-15 07:28:00,KF-F105,in_use,35.22,50.55,15.7,89.34,89.5,28.53
2024-01-15 07:28:30,KF-F105,in_use,44.35,,17.6,89.29,93.01,
2024-01-15 07:29:00,KF-F105,in_use,33.29,50.59,15.59,89.24,87.56,31.28
2024-01-15 07:29:30,KF-F105,in_use,30.46,50.43,17.6,89.18,89.71,25.52
2024-01-15 07:30:00,KF-F105,in_use,32.96,49.72,16.22,89.13,91.85,29.88
2024-01-15 07:30:30,KF-F105,in_use,44.59,50.57,16.4,89.07,87.58,30.58
2024-01-15 07:31:00,KF-F105,in_use,25.99,50.81,15.33,89.01,89.93,28.75
2024-01-15 07:31:30,KF-F105,in_use,,49.78,16.94,88.95,93.09,25.59
2024-01-15 07:32:00,KF-F105,in_use,38.56,50.46,20.06,88.89,91.59,28.29
2024-01-15 07:32:30,KF-F105,in_use,39.98,50.41,19.78,88.81,90.33,26.82
2024-01-15 07:33:00,KF-F105,in_use,36.18,50.32,17.76,88.76,90.92,29.35
2024-01-15 07:33:30,KF-F105,in_use,24.53,50.17,17.4,88.7,,24.77
2024-01-15 07:34:00,KF-F105,in_use,32.22,51.17,16.58,88.64,90.84,24.84
2024-01-15 07:34:30,KF-F105,in_use,40.5,50.7,18.23,88.59,90.88,
2024-01-15 07:35:00,KF-F105,in_use,40.56,50.41,19.03,88.54,90.46,28.92
2024-01-15 07:35:30,KF-F105,in_use,24.85,50.49,16.15,88.47,92.62,27.92
2024-01-15 07:36:00,KF-F105,in_use,34.62,50.91,18.47,88.42,92.07,25.95
2024-01-15 07:36:30,KF-F105,in_use,31.56,50.08,17.73,88.36,91.27,29.95
2024-01-15 07:37:00,KF-F105,in_use,34.83,50.69,20.34,88.3,86.47,29.23
2024-01-15 07:37:30,KF-F105,in_use,40.34,,17.77,88.24,,26.76
2024-01-15 07:38:00,KF-F105,in_use,35.07,50.61,17.65,88.18,89.43,27.16
2024-01-15 07:38:30,KF-F105,in_use,39.94,49.96,19.16,88.11,92.79,25.1
2024-01-15 07:39:00,KF-F105,in_use,45.59,50.25,19.73,88.05,88.9,27.23
2024-01-15 07:39:30,KF-F105,in_use,37.17,,21.13,87.99,90.41,
2024-01-15 07:40:00,KF-F105,in_use,20.7,50.53,20.0,87.93,92.22,27.24
2024-01-15 07:40:30,KF-F105,in_use,43.34,50.26,17.23,87.87,92.37,24.85
2024-01-15 07:41:00,KF-F105,in_use,38.53,49.75,18.81,87.81,92.18,
2024-01-15 07:41:30,KF-F105,in_use,44.01,50.91,13.77,87.75,90.54,20.84
2024-01-15 07:42:00,KF-F105,in_use,36.4,50.12,16.55,87.68,90.93,26.96
2024-01-15 07:42:30,KF-F105,in_use,36.28,,17.37,87.62,94.02,27.23
2024-01-15 07:43:00,KF-F105,in_use,41.25,50.68,16.55,87.57,87.28,25.04
2024-01-15 07:43:30,KF-F105,in_use,23.27,49.9,19.58,87.51,92.61,25.24
2024-01-15 07:44:00,KF-F105,in_use,41.22,50.23,20.44,87.44,87.85,29.2
2024-01-15 07:44:30,KF-F105,in_use,30.17,50.27,20.63,,89.52,30.19
2024-01-15 07:45:00,KF-F105,in_use,,50.07,18.6,87.31,93.92,25.9
2024-01-15 07:45:30,KF-F105,in_use,36.84,50.46,13.91,87.24,89.76,
2024-01-15 07:46:00,KF-F105,in_use,27.3,49.96,16.81,87.17,89.3,28.49
2024-01-15 07:46:30,KF-F105,in_use,40.95,50.35,18.65,87.1,,28.17
2024-01-15 07:47:00,KF-F105,in_use,39.42,,18.04,87.05,90.73,25.78
2024-01-15 07:47:30,KF-F105,in_use,39.91,50.35,21.13,86.98,90.8,28.25
2024-01-15 07:48:00,KF-F105,in_use,33.11,50.14,13.79,86.91,94.0,26.05
2024-01-15 07:48:30,KF-F105,in_use,23.69,50.19,16.65,86.84,,
2024-01-15 07:49:00,KF-F105,in_use,28.54,49.63,21.88,86.78,92.88,26.01
2024-01-15 07:49:30,KF-F105,in_use,34.87,49.48,16.95,86.74,87.87,27.34
2024-01-15 07:50:00,KF-F105,in_use,41.2,51.42,15.61,86.68,,26.78
2024-01-15 07:50:30,KF-F105,in_use,38.58,50.38,15.58,86.62,88.13,31.37
2024-01-15 07:51:00,KF-F105,in_use,38.72,50.79,14.78,86.55,89.65,24.26
2024-01-15 07:51:30,KF-F105,in_use,24.94,49.59,21.3,86.5,88.07,26.27
2024-01-15 07:52:00,KF-F105,in_use,30.52,50.8,17.34,86.44,91.44,27.47
2024-01-15 07:52:30,KF-F105,in_use,30.8,50.81,15.72,86.38,90.48,25.49
2024-01-15 07:53:00,KF-F105,in_use,44.46,50.5,19.23,86.33,88.93,27.04
2024-01-15 07:53:30,KF-F105,in_use,25.63,50.22,16.13,86.26,92.48,26.59
2024-01-15 07:54:00,KF-F105,in_use,39.81,51.0,18.5,86.2,89.4,26.65
2024-01-15 07:54:30,KF-F105,in_use,42.16,50.3,15.94,86.14,90.19,23.63
2024-01-15 07:55:00,KF-F105,in_use,42.23,50.05,15.74,86.09,91.28,25.14
2024-01-15 07:55:30,KF-F105,in_use,35.54,50.64,20.79,86.03,91.05,
2024-01-15 07:56:00,KF-F105,in_use,47.69,50.02,16.78,85.97,90.92,24.02
2024-01-15 07:56:30,KF-F105,in_use,35.77,50.85,18.41,85.9,91.13,27.26
2024-01-15 07:57:00,KF-F105,in_use,30.28,50.91,18.44,85.84,93.67,26.3
2024-01-15 07:57:30,KF-F105,in_use,26.2,50.34,17.85,85.78,91.08,24.62
2024-01-15 07:58:00,KF-F105,in_use,38.54,,20.37,85.72,89.04,
2024-01-15 07:58:30,KF-F105,in_use,33.98,50.74,16.53,85.65,88.71,25.35
2024-01-15 07:59:00,KF-F105,in_use,11.91,50.93,14.22,85.59,88.36,26.67
2024-01-15 07:59:30,KF-F105,in_use,23.11,51.38,20.26,85.56,90.1,27.18
2024-01-15 08:00:00,KF-F105,in_use,40.93,50.38,16.75,85.48,87.12,27.14
2024-01-15 08:00:30,KF-F105,in_use,27.37,50.98,17.91,85.43,89.86,26.0
2024-01-15 08:01:00,KF-F105,in_use,38.74,50.15,17.1,85.38,88.33,25.97
2024-01-15 08:01:30,KF-F105,in_use,27.56,50.99,,85.33,,28.66
2024-01-15 08:02:00,KF-F105,in_use,15.82,50.93,17.14,85.27,91.92,27.37
2024-01-15 08:02:30,KF-F105,in_use,35.58,50.65,16.09,85.2,90.04,27.04
2024-01-15 08:03:00,KF-F105,in_use,28.96,50.51,19.95,85.16,89.85,27.99
2024-01-15 08:03:30,KF-F105,in_use,40.34,51.35,15.85,85.11,93.0,30.04
2024-01-15 08:04:00,KF-F105,in_use,43.65,,18.72,85.06,92.16,30.94
2024-01-15 08:04:30,KF-F105,in_use,33.44,50.26,19.7,84.99,88.49,23.96
2024-01-15 08:05:00,KF-F105,in_use,37.26,50.47,18.87,84.93,91.41,26.41
2024-01-15 08:05:30,KF-F105,in_use,40.35,50.57,17.99,84.85,89.7,26.49
2024-01-15 08:06:00,KF-F105,in_use,27.83,50.47,12.25,84.78,89.03,29.8
2024-01-15 08:06:30,KF-F105,in_use,32.92,50.67,,84.71,90.63,29.35
2024-01-15 08:07:00,KF-F105,in_use,40.54,50.14,15.1,84.66,93.47,25.56
2024-01-15 08:07:30,KF-F105,in_use,20.1,50.35,17.6,,89.65,27.39
2024-01-15 08:08:00,KF-F105,in_use,48.36,50.29,14.61,84.52,90.89,28.97
2024-01-15 08:08:30,KF-F105,in_use,23.23,50.41,17.27,84.47,95.11,24.37
2024-01-15 08:09:00,KF-F105,in_use,23.78,50.11,18.48,84.43,91.84,26.0
2024-01-15 08:09:30,KF-F105,in_use,11.58,51.02,20.6,84.37,88.4,25.91
2024-01-15 08:10:00,KF-F105,in_use,42.65,51.01,19.04,84.31,94.21,28.64
2024-01-15 08:10:30,KF-F105,in_use,27.14,50.79,17.62,84.24,89.22,27.29
2024-01-15 08:11:00,KF-F105,in_use,33.76,50.91,17.45,84.18,,28.16
2024-01-15 08:11:30,KF-F105,in_use,34.51,51.04,19.43,84.13,90.65,26.62
2024-01-15 08:12:00,KF-F105,in_use,29.1,50.41,21.75,84.06,89.88,27.28
2024-01-15 08:12:30,KF-F105,in_use,26.91,50.78,15.76,84.0,93.31,26.29
2024-01-15 08:13:00,KF-F105,in_use,35.91,51.13,17.51,83.95,90.4,24.21
2024-01-15 08:13:30,KF-F105,in_use,29.0,50.39,15.06,83.88,94.09,25.15
2024-01-15 08:14:00,KF-F105,in_use,42.65,49.97,16.04,83.81,92.31,22.99
2024-01-15 08:14:30,KF-F105,in_use,28.06,50.6,,83.77,91.7,27.92
2024-01-15 08:15:00,KF-F105,in_use,38.74,50.86,19.6,83.74,,23.05
2024-01-15 08:15:30,KF-F105,in_use,43.57,50.56,18.67,83.65,89.35,26.0
2024-01-15 08:16:00,KF-F105,in_use,23.08,50.94,20.9,83.61,91.07,18.07
2024-01-15 08:16:30,KF-F105,in_use,27.8,51.26,20.85,83.54,92.62,26.87
2024-01-15 08:17:00,KF-F105,in_use,35.2,49.88,16.57,83.48,92.5,24.8
2024-01-15 08:17:30,KF-F105,in_use,40.02,49.91,16.25,83.43,,24.6
2024-01-15 08:18:00,KF-F105,in_use,20.23,50.9,16.57,83.38,87.5,
2024-01-15 08:18:30,KF-F105,in_use,,50.28,17.87,83.32,92.56,26.92
2024-01-15 08:19:00,KF-F105,in_use,35.34,50.15,19.61,83.27,91.89,28.54
2024-01-15 08:19:30,KF-F105,in_use,42.43,,,83.21,92.63,23.73
2024-01-15 08:20:00,KF-F105,in_use,37.85,50.65,15.18,83.16,97.53,29.62
2024-01-15 08:20:30,KF-F105,in_use,34.09,50.18,15.17,83.11,91.5,26.25
2024-01-15 08:21:00,KF-F105,in_use,38.67,49.96,15.16,83.05,91.91,28.4
2024-01-15 08:21:30,KF-F105,in_use,48.08,51.46,16.24,83.0,90.9,25.87
2024-01-15 08:22:00,KF-F105,in_use,30.65,50.75,16.56,82.94,96.52,28.36
2024-01-15 08:22:30,KF-F105,in_use,34.3,,15.69,82.87,90.74,27.26
2024-01-15 08:23:00,KF-F105,in_use,25.54,50.88,15.72,82.8,90.35,27.05
2024-01-15 08:23:30,KF-F105,in_use,51.6,50.57,18.61,82.73,89.62,26.29
2024-01-15 08:24:00,KF-F105,in_use,39.16,50.12,16.22,82.68,91.47,22.95
2024-01-15 08:24:30,KF-F105,in_use,29.41,50.62,17.51,82.61,89.82,27.15
2024-01-15 08:25:00,KF-F105,in_use,36.33,50.89,18.68,82.56,95.41,26.53
2024-01-15 08:25:30,KF-F105,in_use,46.17,51.14,20.22,82.49,,24.66
2024-01-15 08:26:00,KF-F105,in_use,28.66,50.57,18.76,82.45,,25.93
2024-01-15 08:26:30,KF-F105,in_use,46.64,50.39,,82.39,92.97,28.87
2024-01-15 08:27:00,KF-F105,in_use,31.77,51.32,22.23,82.32,90.25,26.45
2024-01-15 08:27:30,KF-F105,in_use,20.51,50.07,16.08,82.24,88.52,25.68
2024-01-15 08:28:00,KF-F105,in_use,38.89,50.02,17.81,82.19,91.9,25.99
2024-01-15 08:28:30,KF-F105,in_use,21.33,50.1,18.88,82.12,94.81,26.65
2024-01-15 08:29:00,KF-F105,in_use,44.22,50.83,19.35,82.07,88.41,30.03
2024-01-15 08:29:30,KF-F105,in_use,63.82,50.8,20.77,82.01,90.61,26.77
2024-01-15 08:30:00,KF-F105,in_use,30.93,50.73,16.4,81.96,90.51,28.8
2024-01-15 08:30:30,KF-F105,in_use,34.81,50.9,16.49,81.89,89.88,25.61
2024-01-15 08:31:00,KF-F105,in_use,39.76,50.46,15.19,81.82,92.34,27.32
2024-01-15 08:31:30,KF-F105,in_use,30.84,50.91,17.48,81.78,91.17,
2024-01-15 08:32:00,KF-F105,in_use,,49.9,18.1,81.72,89.41,29.64
2024-01-15 08:32:30,KF-F105,in_use,,50.51,19.14,81.68,87.11,26.0
2024-01-15 08:33:00,KF-F105,in_use,31.34,50.75,17.81,81.61,88.47,29.31
2024-01-15 08:33:30,KF-F105,in_use,32.33,50.02,17.93,,87.78,27.95
2024-01-15 08:34:00,KF-F105,in_use,42.89,50.87,16.99,81.48,91.87,20.26
2024-01-15 08:34:30,KF-F105,in_use,34.01,50.14,14.37,81.4,,28.17
2024-01-15 08:35:00,KF-F105,in_use,39.13,51.13,17.25,81.34,87.31,29.39
2024-01-15 08:35:30,KF-F105,in_use,34.82,50.72,16.69,81.27,90.53,28.23
2024-01-15 08:36:00,KF-F105,in_use,,50.45,18.62,81.21,93.73,25.78
2024-01-15 08:36:30,KF-F105,in_use,,50.26,14.64,81.15,91.4,29.23
2024-01-15 08:37:00,KF-F105,in_use,35.87,49.45,17.84,81.09,92.04,29.36
2024-01-15 08:37:30,KF-F105,in_use,47.97,50.35,19.36,81.02,92.16,29.94
2024-01-15 08:38:00,KF-F105,in_use,42.15,,15.39,80.96,87.58,25.73
2024-01-15 08:38:30,KF-F105,in_use,30.85,50.35,,80.89,89.71,25.34
2024-01-15 08:39:00,KF-F105,in_use,33.39,,21.77,80.82,91.2,26.64
2024-01-15 08:39:30,KF-F105,in_use,43.7,50.81,21.29,80.78,94.09,24.18
2024-01-15 08:40:00,KF-F105,in_use,41.63,50.44,15.62,80.71,92.96,25.46
2024-01-15 08:40:30,KF-F105,in_use,33.35,50.71,16.46,80.65,88.65,23.43
2024-01-15 08:41:00,KF-F105,in_use,37.62,50.62,16.08,80.59,93.12,29.58
2024-01-15 08:41:30,KF-F105,in_use,28.76,50.55,18.81,80.54,90.72,26.22
2024-01-15 08:42:00,KF-F105,in_use,36.98,50.11,17.37,80.45,95.81,26.03
2024-01-15 08:42:30,KF-F105,in_use,47.55,50.15,17.11,80.4,92.86,27.23
2024-01-15 08:43:00,KF-F105,in_use,33.12,50.43,21.22,80.33,89.48,25.44
2024-01-15 08:43:30,KF-F105,in_use,23.28,50.73,15.82,80.27,90.37,29.18
2024-01-15 08:44:00,KF-F105,in_use,25.75,50.26,16.28,80.2,90.69,28.98
2024-01-15 08:44:30,KF-F105,in_use,37.82,50.45,19.26,80.14,89.68,28.3
2024-01-15 08:45:00,KF-F105,in_use,41.83,50.25,16.53,80.06,93.57,25.15
2024-01-15 08:45:30,KF-F105,in_use,37.28,50.97,16.94,79.98,88.47,28.68
2024-01-15 08:46:00,KF-F105,in_use,29.83,50.49,18.37,79.92,92.32,26.51
2024-01-15 08:46:30,KF-F105,in_use,29.32,50.84,20.22,79.86,87.93,26.28
2024-01-15 08:47:00,KF-F105,in_use,24.2,50.39,,79.79,90.07,26.38
2024-01-15 08:47:30,KF-F105,in_use,42.91,50.0,18.96,79.72,89.02,27.82
2024-01-15 08:48:00,KF-F105,in_use,33.27,49.96,17.19,79.66,90.37,26.43
2024-01-15 08:48:30,KF-F105,in_use,32.01,51.12,17.74,79.6,92.25,27.12
2024-01-15 08:49:00,KF-F105,in_use,36.54,50.5,15.55,79.56,92.25,23.39
2024-01-15 08:49:30,KF-F105,in_use,28.08,50.72,19.78,79.5,90.45,24.12
2024-01-15 08:50:00,KF-F105,in_use,50.3,50.87,16.39,79.43,92.93,27.92
2024-01-15 08:50:30,KF-F105,in_use,26.44,50.59,18.56,79.37,91.49,28.92
2024-01-15 08:51:00,KF-F105,in_use,32.63,50.74,19.17,79.31,,27.77
2024-01-15 08:51:30,KF-F105,in_use,42.37,51.42,20.15,79.24,89.3,27.49
2024-01-15 08:52:00,KF-F105,in_use,24.08,50.34,21.02,79.19,89.01,26.97
2024-01-15 08:52:30,KF-F105,in_use,32.06,49.78,21.93,79.15,91.1,32.18
2024-01-15 08:53:00,KF-F105,in_use,42.0,50.94,15.98,79.07,89.95,27.24
2024-01-15 08:53:30,KF-F105,in_use,35.85,50.26,18.52,79.01,92.91,26.94
2024-01-15 08:54:00,KF-F105,in_use,25.11,50.88,,78.96,87.93,30.16
2024-01-15 08:54:30,KF-F105,in_use,37.07,,14.38,78.89,89.39,
2024-01-15 08:55:00,KF-F105,in_use,50.66,50.46,16.5,78.84,90.97,23.14
2024-01-15 08:55:30,KF-F105,in_use,36.53,50.55,18.34,78.77,89.41,25.93
2024-01-15 08:56:00,KF-F105,in_use,32.46,50.55,17.99,78.7,89.51,23.94
2024-01-15 08:56:30,KF-F105,in_use,42.86,50.25,15.22,78.65,91.4,28.77
2024-01-15 08:57:00,KF-F105,in_use,37.56,50.14,15.88,78.59,,25.09
2024-01-15 08:57:30,KF-F105,in_use,38.96,50.59,,78.53,92.39,25.93
2024-01-15 08:58:00,KF-F105,in_use,,50.82,19.84,78.46,94.55,28.32
2024-01-15 08:58:30,KF-F105,in_use,23.9,50.41,16.34,78.41,90.18,30.61
2024-01-15 08:59:00,KF-F105,in_use,21.73,,21.34,78.36,91.44,26.39
2024-01-15 08:59:30,KF-F105,in_use,36.83,50.82,13.62,78.31,89.74,26.92
2024-01-15 09:00:00,KF-F105,in_use,27.56,50.6,18.58,78.24,89.21,21.9
2024-01-15 09:00:30,KF-F105,in_use,35.9,50.93,19.67,78.18,89.2,27.12
2024-01-15 09:01:00,KF-F105,in_use,36.52,50.38,14.72,78.09,91.71,26.66
2024-01-15 09:01:30,KF-F105,in_use,36.15,50.35,16.63,78.02,92.76,25.14
2024-01-15 09:02:00,KF-F105,in_use,44.87,50.71,16.62,77.94,91.52,28.17
2024-01-15 09:02:30,KF-F105,in_use,30.8,49.69,20.72,77.88,88.38,24.87
2024-01-15 09:03:00,KF-F105,in_use,47.72,50.43,19.09,77.79,90.85,26.81
2024-01-15 09:03:30,KF-F105,in_use,39.02,50.54,19.11,77.73,92.08,23.08
2024-01-15 09:04:00,KF-F105,in_use,34.69,50.91,18.49,77.67,91.95,26.62
2024-01-15 09:04:30,KF-F105,in_use,46.62,50.78,18.19,77.6,,29.52
2024-01-15 09:05:00,KF-F105,in_use,24.85,50.73,17.3,77.54,92.23,26.34
2024-01-15 09:05:30,KF-F105,in_use,41.63,50.92,14.71,77.49,90.51,24.17
2024-01-15 09:06:00,KF-F105,in_use,30.87,50.35,17.6,77.42,90.2,25.84
2024-01-15 09:06:30,KF-F105,in_use,26.43,50.99,18.0,77.35,91.13,25.61
2024-01-15 09:07:00,KF-F105,in_use,37.73,50.3,18.94,77.29,92.88,25.43
2024-01-15 09:07:30,KF-F105,in_use,52.97,50.07,19.1,77.24,90.5,28.33
2024-01-15 09:08:00,KF-F105,in_use,49.56,50.2,21.74,77.17,88.26,29.02
2024-01-15 09:08:30,KF-F105,in_use,18.71,50.52,18.82,77.11,91.34,28.91
2024-01-15 09:09:00,KF-F105,in_use,46.01,50.73,16.22,77.03,89.06,29.66
2024-01-15 09:09:30,KF-F105,in_use,35.04,51.0,16.09,76.97,88.34,28.2
2024-01-15 09:10:00,KF-F105,in_use,44.7,50.75,17.76,76.9,91.84,22.79
2024-01-15 09:10:30,KF-F105,in_use,45.54,50.32,14.81,76.88,90.0,26.85
2024-01-15 09:11:00,KF-F105,in_use,47.04,50.32,15.45,76.84,89.39,30.4
2024-01-15 09:11:30,KF-F105,in_use,37.54,50.01,19.41,76.77,93.69,27.81
2024-01-15 09:12:00,KF-F105,in_use,20.6,50.52,20.88,76.71,91.92,29.9
2024-01-15 09:12:30,KF-F105,in_use,29.98,50.91,16.23,76.66,91.75,26.02
2024-01-15 09:13:00,KF-F105,in_use,40.85,50.84,19.98,76.59,89.96,28.09
2024-01-15 09:13:30,KF-F105,in_use,31.88,50.43,17.56,76.54,91.57,28.67
2024-01-15 09:14:00,KF-F105,in_use,33.33,50.72,16.81,76.48,90.97,30.63
2024-01-15 09:14:30,KF-F105,in_use,19.59,51.47,17.11,76.41,89.37,26.45
2024-01-15 09:15:00,KF-F105,in_use,36.02,,15.82,76.34,89.85,27.5
2024-01-15 09:15:30,KF-F105,in_use,32.07,50.14,13.09,76.27,,30.3
2024-01-15 09:16:00,KF-F105,in_use,22.01,50.18,21.08,76.2,92.31,25.46
2024-01-15 09:16:30,KF-F105,in_use,41.15,50.34,14.26,76.13,87.89,24.86
2024-01-15 09:17:00,KF-F105,in_use,25.97,50.3,18.78,76.07,94.14,
2024-01-15 09:17:30,KF-F105,in_use,32.13,49.88,16.93,76.0,91.66,28.74
2024-01-15 09:18:00,KF-F105,in_use,30.83,50.69,17.4,75.95,91.94,27.23
2024-01-15 09:18:30,KF-F105,in_use,,,18.22,75.88,90.79,28.21
2024-01-15 09:19:00,KF-F105,in_use,25.58,50.12,18.07,75.82,92.0,28.17
2024-01-15 09:19:30,KF-F105,in_use,37.39,50.49,14.79,75.75,90.82,28.77
2024-01-15 09:20:00,KF-F105,in_use,32.45,50.96,19.23,75.69,92.93,27.6
2024-01-15 09:20:30,KF-F105,in_use,29.45,50.51,21.28,75.63,92.31,25.45
2024-01-15 09:21:00,KF-F105,in_use,27.68,51.08,20.51,75.58,89.75,25.71
2024-01-15 09:21:30,KF-F105,in_use,23.37,49.8,14.46,,91.87,24.53
2024-01-15 09:22:00,KF-F105,in_use,49.23,,18.56,75.45,95.26,29.12
2024-01-15 09:22:30,KF-F105,in_use,32.91,49.98,16.38,75.39,95.12,24.59
2024-01-15 09:23:00,KF-F105,in_use,31.25,50.96,20.53,75.33,90.46,28.22
2024-01-15 09:23:30,KF-F105,in_use,28.13,50.35,14.54,75.28,93.65,25.88
2024-01-15 09:24:00,KF-F105,in_use,42.88,50.02,20.35,75.23,91.18,30.77
2024-01-15 09:24:30,KF-F105,in_use,32.76,50.1,17.45,75.18,,26.63
2024-01-15 09:25:00,KF-F105,in_use,43.67,50.65,19.51,75.11,89.87,25.89
2024-01-15 09:25:30,KF-F105,in_use,32.89,50.52,15.66,75.04,91.16,23.53
2024-01-15 09:26:00,KF-F105,in_use,43.27,49.79,17.54,74.98,88.84,
2024-01-15 09:26:30,KF-F105,in_use,37.96,51.37,17.64,74.91,,25.99
2024-01-15 09:27:00,KF-F105,in_use,23.14,50.29,15.83,74.86,91.43,26.84
2024-01-15 09:27:30,KF-F105,in_use,22.05,50.56,16.41,74.78,90.24,22.1
2024-01-15 09:28:00,KF-F105,in_use,21.42,50.92,17.23,74.72,91.7,
2024-01-15 09:28:30,KF-F105,in_use,,50.62,20.86,74.65,90.09,27.92
2024-01-15 09:29:00,KF-F105,in_use,21.33,50.18,18.79,74.59,90.81,25.11
2024-01-15 09:29:30,KF-F105,in_use,27.67,50.3,17.46,74.53,95.31,27.91
2024-01-15 09:30:00,KF-F105,in_use,53.37,,19.24,74.48,,26.39
2024-01-15 09:30:30,KF-F105,in_use,29.76,50.13,19.36,74.42,89.71,
2024-01-15 09:31:00,KF-F105,in_use,23.3,50.4,19.39,74.35,92.45,22.02
2024-01-15 09:31:30,KF-F105,in_use,35.91,50.11,,74.27,89.81,27.78
2024-01-15 09:32:00,KF-F105,in_use,34.92,,18.12,74.23,85.46,26.61
2024-01-15 09:32:30,KF-F105,in_use,41.79,50.39,21.05,74.19,89.6,26.89
2024-01-15 09:33:00,KF-F105,in_use,11.9,50.68,19.01,74.11,88.81,24.97
2024-01-15 09:33:30,KF-F105,in_use,31.2,50.74,16.15,74.07,88.64,29.63
2024-01-15 09:34:00,KF-F105,in_use,43.23,50.29,18.16,74.01,90.04,31.42
2024-01-15 09:34:30,KF-F105,in_use,47.71,50.81,19.35,73.96,90.88,25.05
2024-01-15 09:35:00,KF-F105,in_use,48.74,50.4,16.95,73.91,91.55,23.96
2024-01-15 09:35:30,KF-F105,in_use,48.37,50.53,20.69,73.84,91.77,27.96
2024-01-15 09:36:00,KF-F105,in_use,32.76,50.49,17.27,73.78,89.18,27.8
2024-01-15 09:36:30,KF-F105,in_use,33.43,49.99,,73.71,90.61,29.07
2024-01-15 09:37:00,KF-F105,in_use,41.52,50.6,20.83,73.66,91.59,29.87
2024-01-15 09:37:30,KF-F105,in_use,41.95,50.36,18.56,73.61,90.51,27.16
2024-01-15 09:38:00,KF-F105,in_use,35.93,50.13,21.57,73.56,90.51,27.57
2024-01-15 09:38:30,KF-F105,in_use,35.03,50.29,15.34,73.49,87.95,29.88
2024-01-15 09:39:00,KF-F105,in_use,,50.05,15.06,73.43,87.54,28.31
2024-01-15 09:39:30,KF-F105,in_use,,50.55,17.78,73.37,89.77,
2024-01-15 09:40:00,KF-F105,in_use,23.68,50.26,,73.31,89.32,26.75
2024-01-15 09:40:30,KF-F105,in_use,29.93,50.69,21.07,73.24,91.27,29.16
2024-01-15 09:41:00,KF-F105,in_use,51.55,50.51,,73.18,88.83,29.64
2024-01-15 09:41:30,KF-F105,in_use,47.5,49.21,18.4,73.12,92.11,
2024-01-15 09:42:00,KF-F105,in_use,31.15,50.07,18.31,,92.81,27.92
2024-01-15 09:42:30,KF-F105,in_use,27.4,50.73,16.94,73.01,92.1,26.95
2024-01-15 09:43:00,KF-F105,in_use,44.99,50.03,18.69,72.96,90.94,24.38
2024-01-15 09:43:30,KF-F105,in_use,32.58,51.31,,72.91,92.45,25.33
2024-01-15 09:44:00,KF-F105,in_use,44.53,50.56,14.57,72.84,90.96,30.46
2024-01-15 09:44:30,KF-F105,in_use,46.54,50.2,20.55,72.77,92.52,
2024-01-15 09:45:00,KF-F105,in_use,25.35,50.62,16.42,72.72,92.65,25.49
2024-01-15 09:45:30,KF-F105,in_use,29.56,50.12,17.55,72.66,,24.73
2024-01-15 09:46:00,KF-F105,in_use,31.1,49.67,21.71,72.59,93.09,23.92
2024-01-15 09:46:30,KF-F105,in_use,30.44,50.8,19.21,72.52,93.4,24.96
2024-01-15 09:47:00,KF-F105,in_use,20.4,50.32,14.09,72.47,88.8,27.49
2024-01-15 09:47:30,KF-F105,in_use,33.39,50.86,17.22,72.42,96.04,28.93
2024-01-15 09:48:00,KF-F105,in_use,29.18,50.43,18.15,72.36,90.95,27.0
2024-01-15 09:48:30,KF-F105,in_use,36.21,51.02,22.16,72.3,93.95,
2024-01-15 09:49:00,KF-F105,in_use,17.84,49.75,14.86,72.23,88.97,26.8
2024-01-15 09:49:30,KF-F105,in_use,34.57,50.18,17.9,72.17,,27.88
2024-01-15 09:50:00,KF-F105,in_use,41.81,50.37,15.77,72.11,93.66,24.32
2024-01-15 09:50:30,KF-F105,in_use,42.34,,18.9,,91.73,28.41
2024-01-15 09:51:00,KF-F105,in_use,33.26,50.06,18.65,71.96,93.3,25.02
2024-01-15 09:51:30,KF-F105,in_use,34.59,50.55,17.86,71.91,91.91,30.24
2024-01-15 09:52:00,KF-F105,in_use,26.56,50.21,16.46,71.83,89.9,27.33
2024-01-15 09:52:30,KF-F105,in_use,31.7,50.59,18.9,71.75,90.9,28.53
2024-01-15 09:53:00,KF-F105,in_use,39.01,50.04,22.72,71.7,89.19,30.04
2024-01-15 09:53:30,KF-F105,in_use,56.42,50.81,19.56,71.63,89.61,26.74
2024-01-15 09:54:00,KF-F105,in_use,23.33,,20.2,71.6,90.98,28.67
2024-01-15 09:54:30,KF-F105,in_use,39.14,50.43,17.19,71.53,93.24,24.41
2024-01-15 09:55:00,KF-F105,in_use,30.25,50.38,17.87,71.48,92.53,26.51
2024-01-15 09:55:30,KF-F105,in_use,36.68,50.41,16.6,71.41,90.49,25.88
2024-01-15 09:56:00,KF-F105,in_use,27.42,50.12,17.6,71.36,88.32,26.72
2024-01-15 09:56:30,KF-F105,in_use,27.64,50.36,15.73,71.29,,27.14
2024-01-15 09:57:00,KF-F105,in_use,35.51,49.75,18.5,,91.62,27.64
2024-01-15 09:57:30,KF-F105,in_use,50.32,49.98,19.63,71.16,96.23,29.21
2024-01-15 09:58:00,KF-F105,in_use,40.49,51.27,16.26,71.11,89.76,28.45
2024-01-15 09:58:30,KF-F105,in_use,32.68,50.2,12.73,,89.4,29.58
2024-01-15 09:59:00,KF-F105,in_use,23.71,51.02,20.07,70.99,89.06,25.27
2024-01-15 09:59:30,KF-F105,in_use,34.76,50.01,16.36,70.92,91.96,28.39
2024-01-15 10:00:00,KF-F105,in_use,40.07,50.91,18.86,70.86,87.97,28.99
2024-01-15 10:00:30,KF-F105,in_use,29.49,,20.64,70.81,91.14,22.66
2024-01-15 10:01:00,KF-F105,in_use,32.53,50.31,18.26,70.76,90.08,30.84
2024-01-15 10:01:30,KF-F105,in_use,41.47,50.51,,70.69,87.2,29.44
2024-01-15 10:02:00,KF-F105,in_use,30.04,50.62,18.11,70.63,91.4,25.24
2024-01-15 10:02:30,KF-F105,in_use,33.95,50.39,18.5,70.55,91.45,26.8
2024-01-15 10:03:00,KF-F105,in_use,39.44,51.0,21.72,70.49,89.96,
2024-01-15 10:03:30,KF-F105,in_use,26.38,50.31,14.98,70.43,90.93,24.71
2024-01-15 10:04:00,KF-F105,in_use,28.93,50.45,20.25,70.37,92.12,30.84
2024-01-15 10:04:30,KF-F105,in_use,30.72,50.44,,70.32,91.16,26.19
2024-01-15 10:05:00,KF-F105,in_use,40.4,50.64,14.68,70.25,91.33,27.82
2024-01-15 10:05:30,KF-F105,in_use,30.17,,16.82,70.19,92.44,23.02
2024-01-15 10:06:00,KF-F105,in_use,15.51,,16.89,70.13,,28.96
2024-01-15 10:06:30,KF-F105,in_use,35.76,50.48,15.95,70.08,89.43,28.03
2024-01-15 10:07:00,KF-F105,in_use,33.28,50.67,19.94,70.02,91.4,24.62
2024-01-15 10:07:30,KF-F105,in_use,39.6,50.1,18.31,69.95,90.99,27.61
2024-01-15 10:08:00,KF-F105,in_use,43.65,50.2,19.47,69.9,,28.32
2024-01-15 10:08:30,KF-F105,in_use,25.26,50.03,21.62,69.83,90.86,30.9
2024-01-15 10:09:00,KF-F105,in_use,26.85,50.57,14.97,69.77,92.94,24.48
2024-01-15 10:09:30,KF-F105,in_use,,50.98,20.49,69.72,94.28,27.56
2024-01-15 10:10:00,KF-F105,in_use,32.04,50.67,20.46,69.65,91.04,24.19
2024-01-15 10:10:30,KF-F105,in_use,31.88,50.66,21.12,69.6,91.68,26.47
2024-01-15 10:11:00,KF-F105,in_use,46.11,50.43,19.07,69.56,93.62,25.42
2024-01-15 10:11:30,KF-F105,in_use,38.37,49.85,17.08,69.53,85.83,24.32
2024-01-15 10:12:00,KF-F105,in_use,41.09,50.11,18.52,69.45,92.61,27.48
2024-01-15 10:12:30,KF-F105,in_use,38.11,50.18,18.1,69.39,90.36,26.32
2024-01-15 10:13:00,KF-F105,in_use,30.75,,19.93,69.33,92.05,28.42
2024-01-15 10:13:30,KF-F105,in_use,27.3,51.16,20.99,69.27,92.24,26.94
2024-01-15 10:14:00,KF-F105,in_use,19.04,50.86,22.14,69.21,93.62,29.57
2024-01-15 10:14:30,KF-F105,in_use,37.76,50.07,17.77,69.16,91.41,24.07
2024-01-15 10:15:00,KF-F105,in_use,32.24,50.45,,69.09,91.22,27.77
2024-01-15 10:15:30,KF-F105,in_use,39.05,51.0,17.18,69.02,89.98,26.16
2024-01-15 10:16:00,KF-F105,in_use,38.93,50.3,17.46,68.97,90.24,28.38
2024-01-15 10:16:30,KF-F105,in_use,33.06,50.76,21.18,68.9,91.2,27.47
2024-01-15 10:17:00,KF-F105,in_use,,50.94,19.26,68.83,90.75,26.66
2024-01-15 10:17:30,KF-F105,in_use,41.02,49.44,17.08,68.75,90.98,25.66
2024-01-15 10:18:00,KF-F105,in_use,41.19,50.59,20.72,68.7,87.96,26.68
2024-01-15 10:18:30,KF-F105,in_use,,50.68,19.48,68.63,90.06,28.02
2024-01-15 10:19:00,KF-F105,in_use,36.74,50.61,21.48,68.58,88.49,26.95
2024-01-15 10:19:30,KF-F105,in_use,40.94,50.47,15.94,,92.37,27.61
2024-01-15 10:20:00,KF-F105,in_use,32.49,50.17,20.78,68.47,93.06,25.61
2024-01-15 10:20:30,KF-F105,in_use,41.35,50.75,18.6,68.4,93.2,28.54
2024-01-15 10:21:00,KF-F105,in_use,30.36,50.91,18.52,68.35,95.22,25.28
2024-01-15 10:21:30,KF-F105,in_use,20.26,49.95,21.85,68.29,88.86,25.34
2024-01-15 10:22:00,KF-F105,in_use,25.26,50.85,19.11,68.22,92.29,23.15
2024-01-15 10:22:30,KF-F105,in_use,29.71,50.89,14.86,68.18,91.89,24.82
2024-01-15 10:23:00,KF-F105,in_use,31.15,50.46,15.82,68.13,90.62,27.68
2024-01-15 10:23:30,KF-F105,in_use,41.12,49.93,21.66,68.06,89.49,27.48
2024-01-15 10:24:00,KF-F105,in_use,16.45,49.94,18.7,68.0,91.3,27.25
2024-01-15 10:24:30,KF-F105,in_use,24.33,49.9,20.72,67.95,93.16,28.48
2024-01-15 10:25:00,KF-F105,in_use,,50.68,11.84,67.89,89.76,27.33
2024-01-15 10:25:30,KF-F105,in_use,43.34,50.47,19.69,67.84,91.09,28.06
2024-01-15 10:26:00,KF-F105,in_use,38.15,50.36,15.51,67.78,91.26,27.08
2024-01-15 10:26:30,KF-F105,in_use,37.45,,14.75,67.7,90.59,29.5
2024-01-15 10:27:00,KF-F105,in_use,49.87,50.86,17.81,67.66,89.1,26.8
2024-01-15 10:27:30,KF-F105,in_use,,50.49,14.86,67.6,89.51,24.28
2024-01-15 10:28:00,KF-F105,in_use,28.26,50.14,20.85,67.53,90.03,27.88
2024-01-15 10:28:30,KF-F105,in_use,32.38,50.65,17.74,67.47,89.5,27.24
2024-01-15 10:29:00,KF-F105,in_use,21.2,50.93,20.47,67.42,87.24,28.33
2024-01-15 10:29:30,KF-F105,in_use,34.5,51.09,15.75,67.36,88.8,25.32
2024-01-15 10:30:00,KF-F105,in_use,28.85,49.7,17.55,,87.09,28.5
2024-01-15 10:30:30,KF-F105,in_use,45.11,49.85,18.24,67.26,90.01,27.72
2024-01-15 10:31:00,KF-F105,in_use,35.6,50.55,17.96,67.21,88.79,24.28
2024-01-15 10:31:30,KF-F105,in_use,45.42,51.09,18.35,67.16,91.8,24.99
2024-01-15 10:32:00,KF-F105,in_use,26.09,50.68,17.07,67.11,90.11,25.87
2024-01-15 10:32:30,KF-F105,in_use,34.76,50.64,15.71,67.06,92.49,25.53
2024-01-15 10:33:00,KF-F105,in_use,35.89,50.74,18.36,66.99,91.33,27.01
2024-01-15 10:33:30,KF-F105,in_use,,50.61,17.36,66.95,90.16,24.18
2024-01-15 10:34:00,KF-F105,in_use,44.29,50.38,19.12,66.88,89.67,26.4
2024-01-15 10:34:30,KF-F105,in_use,48.85,50.64,18.5,66.82,88.48,25.21
2024-01-15 10:35:00,KF-F105,in_use,35.57,,18.03,66.76,88.19,22.48
2024-01-15 10:35:30,KF-F105,in_use,43.72,50.69,19.97,66.69,,26.09
2024-01-15 10:36:00,KF-F105,in_use,35.76,,16.74,66.61,91.82,27.19
2024-01-15 10:36:30,KF-F105,in_use,39.84,50.6,17.98,66.56,93.24,29.17
2024-01-15 10:37:00,KF-F105,in_use,45.65,49.9,19.87,66.51,89.37,23.85
2024-01-15 10:37:30,KF-F105,in_use,29.1,50.55,20.12,66.43,93.65,26.47
2024-01-15 10:38:00,KF-F105,in_use,42.68,50.72,17.81,66.36,90.85,21.09
2024-01-15 10:38:30,KF-F105,in_use,40.52,50.78,16.66,66.28,90.84,29.8
2024-01-15 10:39:00,KF-F105,in_use,39.29,50.64,17.81,66.21,91.11,25.19
2024-01-15 10:39:30,KF-F105,in_use,21.04,51.32,20.42,66.15,89.38,28.03
2024-01-15 10:40:00,KF-F105,in_use,34.4,50.06,18.54,66.1,89.17,31.52
2024-01-15 10:40:30,KF-F105,in_use,,50.67,20.87,66.04,96.0,24.88
2024-01-15 10:41:00,KF-F105,in_use,35.9,50.38,18.51,65.98,91.94,27.4
2024-01-15 10:41:30,KF-F105,in_use,29.04,50.29,,65.91,92.6,26.18
2024-01-15 10:42:00,KF-F105,in_use,20.16,50.75,17.38,65.85,91.27,22.92
2024-01-15 10:42:30,KF-F105,in_use,26.29,50.08,17.7,65.79,91.35,25.38
2024-01-15 10:43:00,KF-F105,in_use,23.38,50.46,16.13,65.72,91.29,28.49
2024-01-15 10:43:30,KF-F105,in_use,43.37,50.98,14.93,65.65,88.2,26.52
2024-01-15 10:44:00,KF-F105,in_use,42.08,50.53,,65.61,92.62,26.32
2024-01-15 10:44:30,KF-F105,in_use,32.04,50.14,,65.53,92.71,29.58
2024-01-15 10:45:00,KF-F105,in_use,25.3,51.02,19.01,,88.52,29.27
2024-01-15 10:45:30,KF-F105,in_use,33.69,49.87,,65.41,91.96,30.75
2024-01-15 10:46:00,KF-F105,in_use,41.3,50.1,16.06,65.35,92.24,25.95
2024-01-15 10:46:30,KF-F105,in_use,30.96,50.68,14.65,65.28,91.59,21.66
2024-01-15 10:47:00,KF-F105,in_use,34.91,50.05,12.78,65.24,88.31,28.16
2024-01-15 10:47:30,KF-F105,in_use,43.19,50.86,13.05,65.18,93.22,24.42
2024-01-15 10:48:00,KF-F105,in_use,29.75,50.6,19.49,65.13,94.41,31.8
2024-01-15 10:48:30,KF-F105,in_use,38.1,49.56,19.14,65.08,93.68,28.11
2024-01-15 10:49:00,KF-F105,in_use,34.51,51.12,18.94,65.02,91.21,28.32
2024-01-15 10:49:30,KF-F105,in_use,40.74,50.66,20.74,64.97,,27.63
2024-01-15 10:50:00,KF-F105,in_use,,50.51,16.65,64.9,90.81,25.95
2024-01-15 10:50:30,KF-F105,in_use,35.55,50.39,18.45,64.84,92.06,24.71
2024-01-15 10:51:00,KF-F105,in_use,,50.23,15.77,64.78,90.47,25.47
2024-01-15 10:51:30,KF-F105,in_use,33.56,50.7,22.89,64.72,89.02,
2024-01-15 10:52:00,KF-F105,in_use,36.24,49.79,20.85,64.67,92.68,26.74
2024-01-15 10:52:30,KF-F105,in_use,37.89,50.84,20.1,64.6,87.52,26.39
2024-01-15 10:53:00,KF-F105,in_use,31.42,49.96,16.44,64.54,89.58,27.12
2024-01-15 10:53:30,KF-F105,in_use,36.52,50.87,19.34,64.47,91.83,24.16
2024-01-15 10:54:00,KF-F105,in_use,19.51,50.92,19.39,64.42,89.3,24.93
2024-01-15 10:54:30,KF-F105,in_use,33.47,50.86,21.28,,92.0,27.0
2024-01-15 10:55:00,KF-F105,in_use,43.5,51.0,19.35,64.3,92.22,28.96
2024-01-15 10:55:30,KF-F105,in_use,37.93,50.83,15.88,64.26,93.24,30.96
2024-01-15 10:56:00,KF-F105,in_use,41.04,49.83,18.25,64.2,88.01,24.15
2024-01-15 10:56:30,KF-F105,in_use,24.04,51.38,19.11,64.13,92.46,26.68
2024-01-15 10:57:00,KF-F105,in_use,31.28,50.25,18.1,64.07,89.3,31.34
2024-01-15 10:57:30,KF-F105,in_use,25.93,50.57,18.21,64.01,88.95,29.58
2024-01-15 10:58:00,KF-F105,in_use,43.13,51.44,18.4,63.97,91.76,24.12
2024-01-15 10:58:30,KF-F105,in_use,,50.85,20.06,63.9,89.35,26.68
2024-01-15 10:59:00,KF-F105,in_use,44.04,50.16,17.94,63.84,88.77,23.21
2024-01-15 10:59:30,KF-F105,in_use,40.9,50.99,13.57,63.78,,23.28
2024-01-15 11:00:00,KF-F105,charging,0.0,51.9,-10.75,63.78,88.44,22.64
2024-01-15 11:00:30,KF-F105,charging,0.0,52.26,-12.23,63.78,90.32,29.55
2024-01-15 11:01:00,KF-F105,charging,0.0,51.81,-12.46,63.78,86.54,24.9
2024-01-15 11:01:30,KF-F105,charging,0.0,52.11,-11.84,63.78,91.81,27.7
2024-01-15 11:02:00,KF-F105,charging,0.0,52.24,-10.87,63.78,,25.93
2024-01-15 11:02:30,KF-F105,charging,0.0,52.1,-13.06,63.78,92.1,26.14
2024-01-15 11:03:00,KF-F105,charging,0.0,52.04,-12.62,63.78,92.47,29.3
2024-01-15 11:03:30,KF-F105,charging,0.0,52.29,-11.41,63.78,86.61,
2024-01-15 11:04:00,KF-F105,charging,0.0,51.96,-11.79,63.78,95.43,28.35
2024-01-15 11:04:30,KF-F105,charging,0.0,51.84,-13.25,63.78,91.02,26.05
2024-01-15 11:05:00,KF-F105,charging,0.0,51.79,-11.63,63.78,92.14,29.9
2024-01-15 11:05:30,KF-F105,charging,0.0,52.02,-10.57,63.78,92.77,
2024-01-15 11:06:00,KF-F105,charging,0.0,,-11.26,63.78,93.46,26.01
2024-01-15 11:06:30,KF-F105,charging,0.0,52.02,-11.16,63.78,90.05,29.75
2024-01-15 11:07:00,KF-F105,charging,0.0,,-11.92,63.78,91.24,26.7
2024-01-15 11:07:30,KF-F105,charging,0.0,51.96,-13.54,63.78,90.02,28.19
2024-01-15 11:08:00,KF-F105,charging,0.0,51.92,-10.89,63.78,89.43,28.93
2024-01-15 11:08:30,KF-F105,charging,,51.81,-11.65,63.78,91.37,27.71
2024-01-15 11:09:00,KF-F105,charging,0.0,52.04,-10.77,63.78,89.33,25.97
2024-01-15 11:09:30,KF-F105,charging,0.0,52.04,-13.27,63.78,92.4,27.04
2024-01-15 11:10:00,KF-F105,charging,0.0,,-12.84,63.78,88.11,23.11
2024-01-15 11:10:30,KF-F105,charging,0.0,52.05,-12.42,63.78,,29.92
2024-01-15 11:11:00,KF-F105,charging,0.0,51.78,-12.2,63.78,95.51,27.83
2024-01-15 11:11:30,KF-F105,charging,0.0,51.99,-12.49,,87.37,26.8
2024-01-15 11:12:00,KF-F105,charging,0.0,51.73,-13.12,63.78,89.64,25.75
2024-01-15 11:12:30,KF-F105,charging,0.0,52.33,-13.55,63.78,92.34,24.8
2024-01-15 11:13:00,KF-F105,charging,0.0,51.91,-11.51,,90.42,30.0
2024-01-15 11:13:30,KF-F105,charging,0.0,52.07,-11.16,63.78,92.54,26.05
2024-01-15 11:14:00,KF-F105,charging,0.0,51.87,-14.73,63.78,92.46,26.88
2024-01-15 11:14:30,KF-F105,charging,0.0,,-11.31,63.78,92.84,23.7
2024-01-15 11:15:00,KF-F105,charging,0.0,,-12.33,63.78,87.33,26.87
2024-01-15 11:15:30,KF-F105,charging,0.0,51.85,-13.19,63.78,90.64,25.46
2024-01-15 11:16:00,KF-F105,charging,0.0,52.18,-12.47,63.78,90.27,24.33
2024-01-15 11:16:30,KF-F105,charging,0.0,52.05,-13.03,63.78,94.07,26.76
2024-01-15 11:17:00,KF-F105,charging,0.0,51.66,-13.85,63.78,92.06,25.95
2024-01-15 11:17:30,KF-F105,charging,0.0,52.1,-10.16,63.78,90.17,29.49
2024-01-15 11:18:00,KF-F105,charging,0.0,,,63.78,87.78,29.32
2024-01-15 11:18:30,KF-F105,charging,0.0,52.16,-12.56,63.78,89.38,26.43
2024-01-15 11:19:00,KF-F105,charging,0.0,52.08,-10.24,63.78,89.88,25.68
2024-01-15 11:19:30,KF-F105,charging,0.0,51.88,-12.34,63.78,93.45,26.83
2024-01-15 11:20:00,KF-F105,charging,0.0,52.36,-10.82,63.78,91.28,24.94
2024-01-15 11:20:30,KF-F105,charging,0.0,52.2,-11.34,63.78,95.47,27.68
2024-01-15 11:21:00,KF-F105,charging,0.0,51.95,-11.68,,92.74,26.54
2024-01-15 11:21:30,KF-F105,charging,0.0,52.36,-13.4,63.78,89.74,24.77
2024-01-15 11:22:00,KF-F105,charging,0.0,,-13.47,63.78,91.75,29.04
2024-01-15 11:22:30,KF-F105,charging,0.0,51.85,-11.84,63.78,90.54,26.37
2024-01-15 11:23:00,KF-F105,charging,,51.98,-12.24,63.78,90.58,24.92
2024-01-15 11:23:30,KF-F105,charging,0.0,51.98,-12.19,63.78,,23.72
2024-01-15 11:24:00,KF-F105,charging,0.0,52.07,-11.33,63.78,91.8,26.16
2024-01-15 11:24:30,KF-F105,charging,0.0,51.91,-9.62,63.78,92.39,25.73
2024-01-15 11:25:00,KF-F105,charging,0.0,52.49,-9.85,63.78,88.43,24.82
2024-01-15 11:25:30,KF-F105,charging,0.0,52.12,-11.99,63.78,91.51,29.57
2024-01-15 11:26:00,KF-F105,charging,0.0,52.11,-12.15,63.78,88.26,28.45
2024-01-15 11:26:30,KF-F105,charging,0.0,52.01,-11.87,63.78,92.26,26.73
2024-01-15 11:27:00,KF-F105,charging,0.0,52.02,-12.97,63.78,89.78,23.0
2024-01-15 11:27:30,KF-F105,charging,0.0,52.11,-13.14,63.78,92.5,25.42
2024-01-15 11:28:00,KF-F105,charging,0.0,51.93,-11.28,63.78,91.05,23.97
2024-01-15 11:28:30,KF-F105,charging,0.0,51.91,-14.36,,92.86,27.03
2024-01-15 11:29:00,KF-F105,charging,0.0,52.25,-12.51,63.78,90.85,28.13
2024-01-15 11:29:30,KF-F105,charging,0.0,52.06,-13.38,,92.57,24.67
2024-01-15 11:30:00,KF-F105,not_in_use,0.0,,0.0,63.78,88.26,24.42
2024-01-15 11:30:30,KF-F105,not_in_use,0.0,51.82,0.0,63.78,93.59,29.18
2024-01-15 11:31:00,KF-F105,not_in_use,0.0,52.08,,63.78,90.51,23.4
2024-01-15 11:31:30,KF-F105,not_in_use,0.0,52.39,0.0,63.78,92.04,23.77
2024-01-15 11:32:00,KF-F105,not_in_use,0.0,52.31,0.0,63.78,91.67,24.99
2024-01-15 11:32:30,KF-F105,not_in_use,0.0,52.18,0.0,,88.64,23.61
2024-01-15 11:33:00,KF-F105,not_in_use,0.0,51.99,0.0,63.78,87.36,28.44
2024-01-15 11:33:30,KF-F105,not_in_use,0.0,51.84,,63.78,92.44,26.84
2024-01-15 11:34:00,KF-F105,not_in_use,0.0,51.96,0.0,63.78,90.79,24.57
2024-01-15 11:34:30,KF-F105,not_in_use,0.0,51.69,0.0,63.78,92.35,26.85
2024-01-15 11:35:00,KF-F105,not_in_use,,52.11,0.0,63.78,91.47,28.19
2024-01-15 11:35:30,KF-F105,not_in_use,,51.97,0.0,63.78,88.07,27.78
2024-01-15 11:36:00,KF-F105,not_in_use,0.0,51.92,0.0,63.78,95.19,26.26
2024-01-15 11:36:30,KF-F105,not_in_use,0.0,52.22,0.0,63.78,90.59,28.5
2024-01-15 11:37:00,KF-F105,not_in_use,0.0,51.61,0.0,63.78,90.75,28.37
2024-01-15 11:37:30,KF-F105,not_in_use,0.0,51.86,0.0,63.78,93.03,27.75
2024-01-15 11:38:00,KF-F105,not_in_use,0.0,52.2,0.0,63.78,,27.67
2024-01-15 11:38:30,KF-F105,not_in_use,0.0,,0.0,,92.8,26.96
2024-01-15 11:39:00,KF-F105,not_in_use,0.0,52.06,0.0,63.78,92.53,
2024-01-15 11:39:30,KF-F105,not_in_use,0.0,51.66,0.0,,89.63,24.73
2024-01-15 11:40:00,KF-F105,not_in_use,0.0,52.1,0.0,63.78,92.89,30.15
2024-01-15 11:40:30,KF-F105,not_in_use,,,0.0,63.78,88.68,29.04
2024-01-15 11:41:00,KF-F105,not_in_use,0.0,51.76,0.0,63.78,89.5,27.79
2024-01-15 11:41:30,KF-F105,not_in_use,0.0,51.88,0.0,63.78,90.36,26.41
2024-01-15 11:42:00,KF-F105,not_in_use,0.0,52.11,0.0,63.78,94.61,
2024-01-15 11:42:30,KF-F105,not_in_use,0.0,,,63.78,93.14,25.54
2024-01-15 11:43:00,KF-F105,not_in_use,0.0,52.04,0.0,63.78,90.98,29.94
2024-01-15 11:43:30,KF-F105,not_in_use,0.0,52.1,0.0,63.78,93.91,
2024-01-15 11:44:00,KF-F105,not_in_use,0.0,51.86,0.0,63.78,88.64,25.35
2024-01-15 11:44:30,KF-F105,not_in_use,0.0,52.24,0.0,63.78,90.72,26.33
2024-01-15 11:45:00,KF-F105,not_in_use,0.0,52.05,0.0,63.78,91.78,26.21
2024-01-15 11:45:30,KF-F105,not_in_use,0.0,51.91,0.0,63.78,91.75,27.8
2024-01-15 11:46:00,KF-F105,not_in_use,0.0,,0.0,63.78,93.3,26.74
2024-01-15 11:46:30,KF-F105,not_in_use,0.0,52.05,0.0,63.78,88.83,24.72
2024-01-15 11:47:00,KF-F105,not_in_use,0.0,52.06,0.0,63.78,89.63,26.46
2024-01-15 11:47:30,KF-F105,not_in_use,0.0,52.28,0.0,63.78,86.84,
2024-01-15 11:48:00,KF-F105,not_in_use,0.0,52.0,0.0,63.78,90.18,27.72
2024-01-15 11:48:30,KF-F105,not_in_use,0.0,52.02,0.0,63.78,89.62,28.56
2024-01-15 11:49:00,KF-F105,not_in_use,0.0,52.04,0.0,63.78,90.19,25.16
2024-01-15 11:49:30,KF-F105,not_in_use,0.0,51.72,,63.78,88.08,26.77
2024-01-15 11:50:00,KF-F105,not_in_use,0.0,52.26,0.0,63.78,93.97,26.55
2024-01-15 11:50:30,KF-F105,not_in_use,0.0,51.91,0.0,63.78,91.77,27.41
2024-01-15 11:51:00,KF-F105,not_in_use,0.0,52.11,0.0,63.78,92.04,29.57
2024-01-15 11:51:30,KF-F105,not_in_use,0.0,51.87,0.0,63.78,94.11,25.05
2024-01-15 11:52:00,KF-F105,not_in_use,0.0,,0.0,63.78,,23.05
2024-01-15 11:52:30,KF-F105,not_in_use,0.0,52.15,0.0,63.78,94.65,24.92
2024-01-15 11:53:00,KF-F105,not_in_use,0.0,51.94,0.0,63.78,91.83,25.46
2024-01-15 11:53:30,KF-F105,not_in_use,0.0,51.78,0.0,63.78,90.89,30.04
2024-01-15 11:54:00,KF-F105,not_in_use,0.0,52.05,0.0,63.78,90.85,27.13
2024-01-15 11:54:30,KF-F105,not_in_use,0.0,51.64,0.0,63.78,90.32,27.5
2024-01-15 11:55:00,KF-F105,not_in_use,0.0,51.83,0.0,63.78,93.89,28.96
2024-01-15 11:55:30,KF-F105,not_in_use,0.0,51.73,0.0,63.78,90.29,25.14
2024-01-15 11:56:00,KF-F105,not_in_use,0.0,52.21,0.0,63.78,89.82,26.89
2024-01-15 11:56:30,KF-F105,not_in_use,0.0,52.01,0.0,63.78,,23.07
2024-01-15 11:57:00,KF-F105,not_in_use,0.0,52.44,0.0,63.78,90.33,27.8
2024-01-15 11:57:30,KF-F105,not_in_use,0.0,51.82,0.0,63.78,89.81,25.63
2024-01-15 11:58:00,KF-F105,not_in_use,0.0,51.82,0.0,63.78,92.78,27.1
2024-01-15 11:58:30,KF-F105,not_in_use,0.0,51.98,0.0,,,28.06
2024-01-15 11:59:00,KF-F105,not_in_use,0.0,52.31,,,90.31,26.94
2024-01-15 11:59:30,KF-F105,not_in_use,0.0,51.81,0.0,63.78,92.96,25.28
2024-01-15 06:00:00,KF-G106,in_use,10.47,50.78,15.21,99.95,88.62,24.13
2024-01-15 06:00:30,KF-G106,in_use,28.9,50.78,19.83,99.9,92.4,26.06
2024-01-15 06:01:00,KF-G106,in_use,17.86,50.81,15.6,99.82,,29.93
2024-01-15 06:01:30,KF-G106,in_use,26.35,50.87,18.2,99.76,90.28,29.51
2024-01-15 06:02:00,KF-G106,in_use,25.13,50.48,20.73,99.71,88.68,27.45
2024-01-15 06:02:30,KF-G106,in_use,41.52,50.02,18.82,99.66,90.93,26.06
2024-01-15 06:03:00,KF-G106,in_use,31.78,50.9,16.96,99.6,94.45,24.4
2024-01-15 06:03:30,KF-G106,in_use,45.78,50.67,17.51,99.55,94.06,25.34
2024-01-15 06:04:00,KF-G106,in_use,38.32,50.05,14.89,99.5,88.89,
2024-01-15 06:04:30,KF-G106,in_use,30.08,50.67,16.69,99.43,,28.01
2024-01-15 06:05:00,KF-G106,in_use,26.88,50.07,15.65,99.35,92.76,28.85
2024-01-15 06:05:30,KF-G106,in_use,35.76,50.66,13.68,,92.78,28.63
2024-01-15 06:06:00,KF-G106,in_use,31.79,50.44,16.95,99.23,92.33,25.38
2024-01-15 06:06:30,KF-G106,in_use,37.75,51.81,19.23,99.17,93.83,
2024-01-15 06:07:00,KF-G106,in_use,37.88,49.45,17.53,99.11,,29.76
2024-01-15 06:07:30,KF-G106,in_use,36.79,50.76,17.21,99.06,89.39,29.63
2024-01-15 06:08:00,KF-G106,in_use,25.37,50.2,17.61,99.02,90.92,26.68
2024-01-15 06:08:30,KF-G106,in_use,38.28,50.82,16.05,98.95,92.45,27.33
2024-01-15 06:09:00,KF-G106,in_use,34.57,50.8,17.09,98.89,91.55,26.81
2024-01-15 06:09:30,KF-G106,in_use,34.11,50.13,,98.82,90.86,
2024-01-15 06:10:00,KF-G106,in_use,25.92,50.66,18.25,98.77,93.96,28.89
2024-01-15 06:10:30,KF-G106,in_use,35.17,51.08,16.46,,89.03,26.53
2024-01-15 06:11:00,KF-G106,in_use,38.67,50.21,17.22,98.67,90.23,25.97
2024-01-15 06:11:30,KF-G106,in_use,38.88,50.4,21.56,98.6,95.43,27.99
2024-01-15 06:12:00,KF-G106,in_use,,50.01,19.25,98.54,,27.55
2024-01-15 06:12:30,KF-G106,in_use,32.17,50.64,20.54,98.48,,29.61
2024-01-15 06:13:00,KF-G106,in_use,41.31,50.82,18.18,,90.02,28.0
2024-01-15 06:13:30,KF-G106,in_use,36.27,49.94,15.83,98.4,91.91,28.11
2024-01-15 06:14:00,KF-G106,in_use,36.93,50.55,15.53,98.34,92.73,27.5
2024-01-15 06:14:30,KF-G106,in_use,47.72,49.92,18.53,98.3,90.34,27.25
2024-01-15 06:15:00,KF-G106,in_use,28.68,50.0,17.93,98.24,91.12,26.28
2024-01-15 06:15:30,KF-G106,in_use,27.95,50.22,18.44,98.18,89.78,27.57
2024-01-15 06:16:00,KF-G106,in_use,33.17,,,98.12,91.48,27.53
2024-01-15 06:16:30,KF-G106,in_use,24.69,50.31,19.85,98.06,90.97,27.11
2024-01-15 06:17:00,KF-G106,in_use,34.02,50.78,15.5,97.99,91.26,27.95
2024-01-15 06:17:30,KF-G106,in_use,24.51,50.4,18.38,97.92,90.99,25.35
2024-01-15 06:18:00,KF-G106,in_use,28.12,50.57,17.75,97.86,90.99,25.75
2024-01-15 06:18:30,KF-G106,in_use,37.54,51.05,19.94,97.79,92.14,25.72
2024-01-15 06:19:00,KF-G106,in_use,29.18,50.27,,97.72,90.47,24.19
2024-01-15 06:19:30,KF-G106,in_use,28.92,50.68,21.09,97.67,91.77,28.96
2024-01-15 06:20:00,KF-G106,in_use,32.07,50.86,15.05,,93.65,
2024-01-15 06:20:30,KF-G106,in_use,44.92,50.5,21.79,97.54,,25.42
2024-01-15 06:21:00,KF-G106,in_use,42.69,49.83,16.61,97.47,89.62,26.57
2024-01-15 06:21:30,KF-G106,in_use,34.98,51.06,20.84,97.42,91.58,26.52
2024-01-15 06:22:00,KF-G106,in_use,,50.08,15.98,97.37,89.56,
2024-01-15 06:22:30,KF-G106,in_use,37.06,50.6,17.24,97.3,,28.98
2024-01-15 06:23:00,KF-G106,in_use,39.27,50.38,16.69,97.25,91.53,27.78
2024-01-15 06:23:30,KF-G106,in_use,30.91,50.58,18.48,97.18,88.67,28.69
2024-01-15 06:24:00,KF-G106,in_use,27.9,50.33,16.59,97.12,91.27,27.73
2024-01-15 06:24:30,KF-G106,in_use,44.46,,18.68,97.07,87.83,29.77
2024-01-15 06:25:00,KF-G106,in_use,43.96,49.61,18.3,97.01,91.42,24.83
2024-01-15 06:25:30,KF-G106,in_use,35.25,50.52,20.01,96.94,86.92,28.78
2024-01-15 06:26:00,KF-G106,in_use,30.73,51.49,19.34,96.9,90.22,29.38
2024-01-15 06:26:30,KF-G106,in_use,36.8,50.61,18.09,96.83,93.37,26.58
2024-01-15 06:27:00,KF-G106,in_use,36.71,50.35,17.74,96.77,84.64,29.42
2024-01-15 06:27:30,KF-G106,in_use,,50.04,18.96,96.7,90.02,27.82
2024-01-15 06:28:00,KF-G106,in_use,26.62,50.65,17.65,96.65,91.71,28.04
2024-01-15 06:28:30,KF-G106,in_use,35.06,50.46,18.1,96.59,90.96,26.13
2024-01-15 06:29:00,KF-G106,in_use,40.71,,18.9,96.54,89.82,24.91
2024-01-15 06:29:30,KF-G106,in_use,22.81,50.59,18.15,96.49,94.77,25.46
2024-01-15 06:30:00,KF-G106,in_use,20.34,50.9,16.64,96.41,92.66,29.63
2024-01-15 06:30:30,KF-G106,in_use,42.13,50.54,13.8,96.34,92.28,28.46
2024-01-15 06:31:00,KF-G106,in_use,37.51,50.27,17.71,96.28,89.24,29.65
2024-01-15 06:31:30,KF-G106,in_use,31.8,50.25,17.79,96.22,91.07,27.03
2024-01-15 06:32:00,KF-G106,in_use,37.14,50.21,14.31,96.15,88.95,
2024-01-15 06:32:30,KF-G106,in_use,23.36,51.16,20.86,96.08,89.83,28.34
2024-01-15 06:33:00,KF-G106,in_use,42.07,50.8,,96.03,92.76,30.07
2024-01-15 06:33:30,KF-G106,in_use,25.99,50.86,15.88,95.98,91.48,26.97
2024-01-15 06:34:00,KF-G106,in_use,44.85,50.81,16.25,95.92,92.41,23.78
2024-01-15 06:34:30,KF-G106,in_use,35.28,50.4,16.71,95.87,89.4,30.41
2024-01-15 06:35:00,KF-G106,in_use,40.59,49.72,17.19,95.81,90.73,27.1
2024-01-15 06:35:30,KF-G106,in_use,30.85,50.62,21.55,95.75,92.74,29.63
2024-01-15 06:36:00,KF-G106,in_use,40.84,50.76,17.65,95.7,90.08,26.27
2024-01-15 06:36:30,KF-G106,in_use,42.9,50.31,20.92,95.62,91.23,24.81
2024-01-15 06:37:00,KF-G106,in_use,28.09,49.61,17.24,,91.5,28.31
2024-01-15 06:37:30,KF-G106,in_use,43.07,50.35,18.72,95.51,89.31,27.15
2024-01-15 06:38:00,KF-G106,in_use,22.48,50.44,18.93,95.46,92.22,27.2
2024-01-15 06:38:30,KF-G106,in_use,39.95,51.44,21.12,95.4,,28.4
2024-01-15 06:39:00,KF-G106,in_use,38.67,49.78,15.9,95.33,90.56,27.26
2024-01-15 06:39:30,KF-G106,in_use,35.5,,15.91,95.28,90.53,27.57
2024-01-15 06:40:00,KF-G106,in_use,25.78,50.4,17.96,95.22,89.68,24.38
2024-01-15 06:40:30,KF-G106,in_use,31.79,,16.87,95.16,87.82,23.22
2024-01-15 06:41:00,KF-G106,in_use,32.09,50.11,18.09,95.11,91.57,26.67
2024-01-15 06:41:30,KF-G106,in_use,35.87,50.25,17.34,95.04,88.55,28.87
2024-01-15 06:42:00,KF-G106,in_use,31.82,50.79,22.66,,92.64,28.83
2024-01-15 06:42:30,KF-G106,in_use,33.83,49.98,20.8,94.91,89.28,28.71
2024-01-15 06:43:00,KF-G106,in_use,39.62,50.13,15.93,94.84,88.86,24.57
2024-01-15 06:43:30,KF-G106,in_use,41.89,49.88,18.34,94.78,92.21,25.09
2024-01-15 06:44:00,KF-G106,in_use,29.23,,19.38,94.72,93.43,29.45
2024-01-15 06:44:30,KF-G106,in_use,,50.15,,94.65,91.85,28.85
2024-01-15 06:45:00,KF-G106,in_use,29.47,50.56,13.55,94.58,87.67,28.33
2024-01-15 06:45:30,KF-G106,in_use,26.82,50.01,16.77,94.53,87.26,26.85
2024-01-15 06:46:00,KF-G106,in_use,40.7,50.42,16.58,94.48,90.28,23.94
2024-01-15 06:46:30,KF-G106,in_use,33.97,49.82,16.48,94.43,90.95,29.53
2024-01-15 06:47:00,KF-G106,in_use,28.48,50.86,,94.35,91.22,23.8
2024-01-15 06:47:30,KF-G106,in_use,36.79,50.37,14.19,94.31,91.17,29.66
2024-01-15 06:48:00,KF-G106,in_use,30.3,49.82,15.57,94.23,90.08,
2024-01-15 06:48:30,KF-G106,in_use,34.93,49.87,,,89.73,28.27
2024-01-15 06:49:00,KF-G106,in_use,50.64,50.07,16.45,94.11,90.24,27.72
2024-01-15 06:49:30,KF-G106,in_use,33.97,50.48,16.85,94.07,87.69,
2024-01-15 06:50:00,KF-G106,in_use,25.7,50.12,19.44,94.01,89.35,29.2
2024-01-15 06:50:30,KF-G106,in_use,27.52,49.75,18.09,93.95,89.91,24.19
2024-01-15 06:51:00,KF-G106,in_use,31.19,50.57,19.7,93.89,92.71,27.47
2024-01-15 06:51:30,KF-G106,in_use,27.68,50.08,20.81,93.85,90.41,27.55
2024-01-15 06:52:00,KF-G106,in_use,37.98,50.46,16.36,93.79,90.57,25.92
2024-01-15 06:52:30,KF-G106,in_use,39.3,50.73,17.76,93.74,88.14,29.72
2024-01-15 06:53:00,KF-G106,in_use,22.5,50.2,17.13,93.69,90.22,25.7
2024-01-15 06:53:30,KF-G106,in_use,32.88,51.06,17.52,93.64,91.12,28.59
2024-01-15 06:54:00,KF-G106,in_use,36.51,49.96,21.95,93.6,91.97,29.97
2024-01-15 06:54:30,KF-G106,in_use,36.33,50.7,16.94,93.54,92.0,25.6
2024-01-15 06:55:00,KF-G106,in_use,48.54,50.65,16.11,93.49,,27.58
2024-01-15 06:55:30,KF-G106,in_use,27.36,,18.49,93.44,88.87,27.25
2024-01-15 06:56:00,KF-G106,in_use,46.15,50.23,19.13,93.39,94.02,28.3
2024-01-15 06:56:30,KF-G106,in_use,34.88,50.89,17.12,93.35,90.85,29.07
2024-01-15 06:57:00,KF-G106,in_use,41.71,50.43,17.68,93.29,91.42,27.95
2024-01-15 06:57:30,KF-G106,in_use,41.35,51.35,20.06,93.24,91.07,27.44
2024-01-15 06:58:00,KF-G106,in_use,33.55,50.6,19.41,93.19,89.04,26.82
2024-01-15 06:58:30,KF-G106,in_use,34.94,50.42,19.2,93.12,91.47,27.63
2024-01-15 06:59:00,KF-G106,in_use,33.94,50.71,20.55,93.07,90.69,27.02
2024-01-15 06:59:30,KF-G106,in_use,35.46,50.58,12.51,92.98,88.78,28.06
2024-01-15 07:00:00,KF-G106,in_use,26.84,50.02,18.88,92.91,91.67,25.13
2024-01-15 07:00:30,KF-G106,in_use,40.5,50.13,17.89,92.85,89.13,28.74
2024-01-15 07:01:00,KF-G106,in_use,35.41,50.55,20.25,92.8,91.63,30.25
2024-01-15 07:01:30,KF-G106,in_use,32.19,49.64,20.71,92.73,94.81,
2024-01-15 07:02:00,KF-G106,in_use,26.4,50.87,18.9,92.66,91.67,27.6
2024-01-15 07:02:30,KF-G106,in_use,34.85,50.77,,92.59,88.16,
2024-01-15 07:03:00,KF-G106,in_use,36.41,50.76,19.54,92.53,92.69,24.31
2024-01-15 07:03:30,KF-G106,in_use,32.88,50.16,18.1,92.48,90.33,29.63
2024-01-15 07:04:00,KF-G106,in_use,,50.51,,92.42,90.38,
2024-01-15 07:04:30,KF-G106,in_use,37.78,50.57,16.62,92.38,91.3,28.81
2024-01-15 07:05:00,KF-G106,in_use,27.97,,17.34,92.33,90.19,24.75
2024-01-15 07:05:30,KF-G106,in_use,35.19,50.34,16.8,92.27,90.26,28.13
2024-01-15 07:06:00,KF-G106,in_use,28.47,50.61,17.78,92.22,86.44,30.99
2024-01-15 07:06:30,KF-G106,in_use,39.52,51.0,16.45,92.17,90.1,24.31
2024-01-15 07:07:00,KF-G106,in_use,35.08,50.83,23.99,92.14,90.62,25.38
2024-01-15 07:07:30,KF-G106,in_use,34.36,49.9,17.23,92.08,,29.73
2024-01-15 07:08:00,KF-G106,in_use,28.0,,15.5,92.01,89.17,24.47
2024-01-15 07:08:30,KF-G106,in_use,35.31,50.21,21.04,91.95,87.95,
2024-01-15 07:09:00,KF-G106,in_use,37.71,50.55,16.83,91.89,89.5,26.67
2024-01-15 07:09:30,KF-G106,in_use,29.29,50.45,18.68,91.83,92.96,28.65
2024-01-15 07:10:00,KF-G106,in_use,20.72,51.04,19.06,91.76,91.1,30.07
2024-01-15 07:10:30,KF-G106,in_use,26.26,50.75,,91.72,89.94,24.48
2024-01-15 07:11:00,KF-G106,in_use,19.3,50.99,20.46,91.64,90.15,26.46
2024-01-15 07:11:30,KF-G106,in_use,34.58,50.54,17.5,91.58,89.34,24.69
2024-01-15 07:12:00,KF-G106,in_use,41.84,50.7,,91.51,93.27,29.26
2024-01-15 07:12:30,KF-G106,in_use,43.81,50.47,18.16,91.46,88.8,27.88
2024-01-15 07:13:00,KF-G106,in_use,30.44,50.64,18.48,91.4,92.11,27.15
2024-01-15 07:13:30,KF-G106,in_use,39.04,50.44,18.98,91.35,,
2024-01-15 07:14:00,KF-G106,in_use,29.78,50.79,20.82,91.29,,26.27
2024-01-15 07:14:30,KF-G106,in_use,56.95,50.43,16.41,91.21,85.75,28.35
2024-01-15 07:15:00,KF-G106,in_use,34.56,50.09,,91.14,90.45,29.38
2024-01-15 07:15:30,KF-G106,in_use,26.71,50.65,16.78,91.09,89.36,28.78
2024-01-15 07:16:00,KF-G106,in_use,32.64,50.49,21.61,91.02,,
2024-01-15 07:16:30,KF-G106,in_use,37.18,50.43,20.54,90.95,94.87,22.41
2024-01-15 07:17:00,KF-G106,in_use,39.15,50.65,,90.89,89.79,27.53
2024-01-15 07:17:30,KF-G106,in_use,34.56,50.81,15.09,90.84,91.78,27.17
2024-01-15 07:18:00,KF-G106,in_use,46.84,50.72,20.53,90.78,93.15,26.99
2024-01-15 07:18:30,KF-G106,in_use,39.1,50.35,19.0,90.72,90.51,30.87
2024-01-15 07:19:00,KF-G106,in_use,30.74,,18.3,90.65,88.18,28.17
2024-01-15 07:19:30,KF-G106,in_use,18.27,50.28,14.51,90.57,89.07,25.56
2024-01-15 07:20:00,KF-G106,in_use,31.4,50.3,22.04,90.51,88.42,
2024-01-15 07:20:30,KF-G106,in_use,43.03,51.08,18.1,90.46,92.02,29.98
2024-01-15 07:21:00,KF-G106,in_use,28.69,50.7,19.11,90.4,95.26,27.1
2024-01-15 07:21:30,KF-G106,in_use,40.8,49.76,14.65,90.34,87.32,26.82
2024-01-15 07:22:00,KF-G106,in_use,38.31,50.46,16.3,90.28,91.46,23.83
2024-01-15 07:22:30,KF-G106,in_use,32.4,51.2,17.92,90.22,89.81,31.05
2024-01-15 07:23:00,KF-G106,in_use,,50.31,20.86,90.15,90.26,26.46
2024-01-15 07:23:30,KF-G106,in_use,28.97,51.25,17.35,90.1,89.46,26.43
2024-01-15 07:24:00,KF-G106,in_use,45.26,50.75,16.84,90.05,88.81,28.36
2024-01-15 07:24:30,KF-G106,in_use,28.87,50.59,18.94,89.99,94.02,29.55
2024-01-15 07:25:00,KF-G106,in_use,38.93,50.72,18.46,89.91,89.97,26.84
2024-01-15 07:25:30,KF-G106,in_use,30.74,49.79,19.65,89.85,90.67,30.03
2024-01-15 07:26:00,KF-G106,in_use,31.39,50.38,16.85,89.79,90.44,27.09
2024-01-15 07:26:30,KF-G106,in_use,50.59,50.76,15.9,89.73,90.29,24.77
2024-01-15 07:27:00,KF-G106,in_use,36.81,50.84,13.19,89.68,90.5,26.79
2024-01-15 07:27:30,KF-G106,in_use,,50.89,20.76,89.62,91.98,25.27
2024-01-15 07:28:00,KF-G106,in_use,,50.04,17.31,89.56,89.11,25.3
2024-01-15 07:28:30,KF-G106,in_use,35.85,51.55,17.78,89.5,89.79,25.49
2024-01-15 07:29:00,KF-G106,in_use,51.81,50.98,15.07,89.44,89.31,24.98
2024-01-15 07:29:30,KF-G106,in_use,24.3,50.94,18.72,89.37,91.24,25.98
2024-01-15 07:30:00,KF-G106,in_use,43.92,50.25,17.44,89.3,,25.2
2024-01-15 07:30:30,KF-G106,in_use,28.91,50.27,16.14,89.22,90.84,31.32
2024-01-15 07:31:00,KF-G106,in_use,27.83,50.54,18.42,89.15,92.42,25.22
2024-01-15 07:31:30,KF-G106,in_use,40.29,50.76,17.56,89.08,95.64,27.46
2024-01-15 07:32:00,KF-G106,in_use,50.21,50.06,18.19,89.02,92.07,26.95
2024-01-15 07:32:30,KF-G106,in_use,27.98,50.29,19.05,88.96,94.68,26.24
2024-01-15 07:33:00,KF-G106,in_use,38.65,50.69,,88.91,88.43,27.95
2024-01-15 07:33:30,KF-G106,in_use,42.21,49.96,17.84,88.85,88.02,25.6
2024-01-15 07:34:00,KF-G106,in_use,25.43,49.63,17.26,88.8,92.47,29.98
2024-01-15 07:34:30,KF-G106,in_use,30.11,50.99,17.89,88.77,93.78,25.1
2024-01-15 07:35:00,KF-G106,in_use,36.36,50.29,14.39,88.71,,29.15
2024-01-15 07:35:30,KF-G106,in_use,28.93,50.18,20.02,88.65,91.98,31.44
2024-01-15 07:36:00,KF-G106,in_use,38.17,50.24,18.38,88.61,93.89,28.4
2024-01-15 07:36:30,KF-G106,in_use,,50.62,16.48,,88.6,28.68
2024-01-15 07:37:00,KF-G106,in_use,35.7,50.09,19.5,88.49,92.12,27.76
2024-01-15 07:37:30,KF-G106,in_use,,50.49,18.08,88.42,90.22,27.54
2024-01-15 07:38:00,KF-G106,in_use,53.8,50.16,18.56,88.37,89.01,24.85
2024-01-15 07:38:30,KF-G106,in_use,38.93,,,88.31,91.74,25.74
2024-01-15 07:39:00,KF-G106,in_use,38.61,50.1,19.51,88.24,88.77,29.35
2024-01-15 07:39:30,KF-G106,in_use,29.32,50.58,17.29,88.19,89.11,29.61
2024-01-15 07:40:00,KF-G106,in_use,38.65,51.25,17.09,88.12,91.39,24.46
2024-01-15 07:40:30,KF-G106,in_use,32.21,50.11,17.39,88.06,91.03,23.92
2024-01-15 07:41:00,KF-G106,in_use,28.79,50.77,15.35,88.02,92.81,27.94
2024-01-15 07:41:30,KF-G106,in_use,26.04,50.57,22.22,87.94,89.99,29.56
2024-01-15 07:42:00,KF-G106,in_use,,50.89,17.41,87.89,91.3,27.17
2024-01-15 07:42:30,KF-G106,in_use,16.33,51.18,,87.82,87.79,28.49
2024-01-15 07:43:00,KF-G106,in_use,43.65,50.57,19.47,87.76,90.86,25.62
2024-01-15 07:43:30,KF-G106,in_use,27.13,50.91,20.63,87.69,90.62,26.13
2024-01-15 07:44:00,KF-G106,in_use,34.96,50.74,16.61,87.62,90.56,24.98
2024-01-15 07:44:30,KF-G106,in_use,,50.55,19.72,87.56,92.88,31.66
2024-01-15 07:45:00,KF-G106,in_use,7.58,49.84,16.24,87.5,91.58,26.36
2024-01-15 07:45:30,KF-G106,in_use,38.24,50.71,15.04,87.45,89.94,26.84
2024-01-15 07:46:00,KF-G106,in_use,27.91,50.44,16.07,87.41,,24.25
2024-01-15 07:46:30,KF-G106,in_use,,50.62,19.68,87.35,,29.48
2024-01-15 07:47:00,KF-G106,in_use,18.36,50.59,21.85,87.29,90.77,27.75
2024-01-15 07:47:30,KF-G106,in_use,17.61,50.24,18.64,87.23,90.47,24.97
2024-01-15 07:48:00,KF-G106,in_use,45.22,,18.58,87.16,93.01,26.26
2024-01-15 07:48:30,KF-G106,in_use,45.54,50.17,15.88,87.11,,
2024-01-15 07:49:00,KF-G106,in_use,44.86,49.98,22.03,87.05,90.61,27.5
2024-01-15 07:49:30,KF-G106,in_use,36.05,50.63,18.07,87.0,94.33,29.0
2024-01-15 07:50:00,KF-G106,in_use,27.08,50.67,16.73,86.91,86.27,28.55
2024-01-15 07:50:30,KF-G106,in_use,44.07,50.49,20.41,86.85,92.25,25.39
2024-01-15 07:51:00,KF-G106,in_use,34.61,50.92,20.95,86.79,91.56,26.11
2024-01-15 07:51:30,KF-G106,in_use,50.69,50.67,16.97,86.72,93.03,23.95
2024-01-15 07:52:00,KF-G106,in_use,32.77,50.53,,86.65,89.72,23.03
2024-01-15 07:52:30,KF-G106,in_use,29.67,50.88,19.46,86.61,94.1,25.17
2024-01-15 07:53:00,KF-G106,in_use,19.42,50.06,16.72,86.56,90.47,27.33
2024-01-15 07:53:30,KF-G106,in_use,37.66,50.53,20.87,86.52,90.67,27.99
2024-01-15 07:54:00,KF-G106,in_use,39.06,,15.99,86.45,88.66,26.29
2024-01-15 07:54:30,KF-G106,in_use,36.55,49.43,18.58,86.39,87.7,25.55
2024-01-15 07:55:00,KF-G106,in_use,25.39,50.04,14.55,86.32,92.98,26.13
2024-01-15 07:55:30,KF-G106,in_use,30.91,50.73,18.42,86.26,90.73,30.19
2024-01-15 07:56:00,KF-G106,in_use,34.02,49.62,18.38,86.2,88.64,28.41
2024-01-15 07:56:30,KF-G106,in_use,39.06,49.9,17.12,86.14,90.55,26.4
2024-01-15 07:57:00,KF-G106,in_use,42.67,50.57,17.22,86.06,90.26,29.99
2024-01-15 07:57:30,KF-G106,in_use,34.46,50.07,19.76,86.0,90.82,26.73
2024-01-15 07:58:00,KF-G106,in_use,38.47,50.31,18.98,85.95,91.4,26.65
2024-01-15 07:58:30,KF-G106,in_use,36.46,50.19,17.69,85.89,92.01,
2024-01-15 07:59:00,KF-G106,in_use,39.48,51.13,19.41,85.83,91.17,29.45
2024-01-15 07:59:30,KF-G106,in_use,39.02,51.1,15.68,85.79,88.4,21.3
2024-01-15 08:00:00,KF-G106,in_use,22.27,50.84,19.4,85.73,94.57,25.69
2024-01-15 08:00:30,KF-G106,in_use,29.03,50.1,19.11,85.7,91.57,28.93
2024-01-15 08:01:00,KF-G106,in_use,29.75,50.46,16.14,85.64,92.88,25.24
2024-01-15 08:01:30,KF-G106,in_use,32.38,50.2,17.48,85.59,91.43,26.57
2024-01-15 08:02:00,KF-G106,in_use,34.32,50.71,18.21,85.53,93.26,25.52
2024-01-15 08:02:30,KF-G106,in_use,36.24,50.59,15.45,85.46,89.89,26.84
2024-01-15 08:03:00,KF-G106,in_use,47.97,50.65,13.98,85.4,92.49,32.7
2024-01-15 08:03:30,KF-G106,in_use,32.65,50.81,,85.36,90.62,27.55
2024-01-15 08:04:00,KF-G106,in_use,44.62,50.44,,85.3,91.4,25.34
2024-01-15 08:04:30,KF-G106,in_use,26.2,49.86,18.07,85.25,92.72,29.66
2024-01-15 08:05:00,KF-G106,in_use,36.34,49.12,15.13,85.2,87.3,24.11
2024-01-15 08:05:30,KF-G106,in_use,42.95,49.71,21.07,85.13,91.8,26.76
2024-01-15 08:06:00,KF-G106,in_use,43.61,50.61,15.9,85.07,90.26,24.9
2024-01-15 08:06:30,KF-G106,in_use,27.65,50.22,,85.01,93.82,29.37
2024-01-15 08:07:00,KF-G106,in_use,34.92,50.92,20.45,84.93,,28.09
2024-01-15 08:07:30,KF-G106,in_use,,50.64,19.78,84.88,89.1,29.27
2024-01-15 08:08:00,KF-G106,in_use,23.77,50.45,20.4,84.82,92.67,23.5
2024-01-15 08:08:30,KF-G106,in_use,36.7,50.86,17.12,84.75,89.92,24.02
2024-01-15 08:09:00,KF-G106,in_use,39.79,50.83,20.84,84.68,87.77,25.87
2024-01-15 08:09:30,KF-G106,in_use,42.38,50.58,18.1,84.63,92.11,22.08
2024-01-15 08:10:00,KF-G106,in_use,36.52,50.23,,84.58,92.14,27.71
2024-01-15 08:10:30,KF-G106,in_use,45.32,50.61,19.19,84.51,89.09,26.84
2024-01-15 08:11:00,KF-G106,in_use,28.2,50.49,15.34,84.45,92.71,27.35
2024-01-15 08:11:30,KF-G106,in_use,26.25,51.18,19.89,,92.14,
2024-01-15 08:12:00,KF-G106,in_use,30.48,50.51,20.22,84.34,88.42,29.8
2024-01-15 08:12:30,KF-G106,in_use,35.34,50.51,18.28,84.28,94.76,28.13
2024-01-15 08:13:00,KF-G106,in_use,42.29,50.25,16.81,84.23,89.54,29.25
2024-01-15 08:13:30,KF-G106,in_use,45.71,50.65,19.84,84.16,94.83,25.93
2024-01-15 08:14:00,KF-G106,in_use,31.14,50.2,19.41,84.09,89.67,28.1
2024-01-15 08:14:30,KF-G106,in_use,44.46,50.3,18.34,84.03,92.24,23.19
2024-01-15 08:15:00,KF-G106,in_use,24.16,50.33,18.39,,90.86,27.99
2024-01-15 08:15:30,KF-G106,in_use,61.37,50.77,21.52,83.91,91.18,25.71
2024-01-15 08:16:00,KF-G106,in_use,,50.68,20.05,83.85,90.27,
2024-01-15 08:16:30,KF-G106,in_use,39.07,50.79,18.82,83.8,,26.56
2024-01-15 08:17:00,KF-G106,in_use,46.02,50.56,18.56,83.74,95.19,24.52
2024-01-15 08:17:30,KF-G106,in_use,34.77,50.94,19.06,83.68,93.47,26.5
2024-01-15 08:18:00,KF-G106,in_use,32.62,50.94,16.62,83.61,93.37,26.39
2024-01-15 08:18:30,KF-G106,in_use,29.06,49.72,18.67,83.54,91.49,23.64
2024-01-15 08:19:00,KF-G106,in_use,43.6,,14.88,83.48,90.24,25.2
2024-01-15 08:19:30,KF-G106,in_use,46.49,50.71,20.02,83.42,92.85,29.85
2024-01-15 08:20:00,KF-G106,in_use,42.06,49.96,13.81,83.36,95.3,25.03
2024-01-15 08:20:30,KF-G106,in_use,31.42,50.34,17.96,83.3,93.6,
2024-01-15 08:21:00,KF-G106,in_use,42.14,49.51,19.78,83.23,,27.51
2024-01-15 08:21:30,KF-G106,in_use,29.71,51.25,16.2,83.17,92.23,27.64
2024-01-15 08:22:00,KF-G106,in_use,30.84,50.34,,83.11,89.3,25.58
2024-01-15 08:22:30,KF-G106,in_use,48.05,51.58,19.55,83.06,94.66,28.99
2024-01-15 08:23:00,KF-G106,in_use,37.12,50.83,18.71,82.99,90.06,
2024-01-15 08:23:30,KF-G106,in_use,20.46,51.0,14.34,82.92,88.91,31.05
2024-01-15 08:24:00,KF-G106,in_use,33.44,50.49,19.22,82.85,94.53,25.84
2024-01-15 08:24:30,KF-G106,in_use,49.98,50.93,17.72,82.79,94.6,
2024-01-15 08:25:00,KF-G106,in_use,32.86,50.47,18.92,82.74,87.94,25.73
2024-01-15 08:25:30,KF-G106,in_use,,51.55,17.47,82.66,92.75,28.85
2024-01-15 08:26:00,KF-G106,in_use,50.52,50.67,18.0,82.6,90.72,27.56
2024-01-15 08:26:30,KF-G106,in_use,35.11,50.5,15.08,82.53,,29.34
2024-01-15 08:27:00,KF-G106,in_use,39.6,50.98,18.27,82.44,92.04,23.2
2024-01-15 08:27:30,KF-G106,in_use,35.27,50.54,15.89,82.38,90.54,24.51
2024-01-15 08:28:00,KF-G106,in_use,35.92,50.1,17.2,,91.37,
2024-01-15 08:28:30,KF-G106,in_use,22.84,50.05,19.97,82.26,92.0,23.26
2024-01-15 08:29:00,KF-G106,in_use,40.89,50.33,19.98,82.19,,26.69
2024-01-15 08:29:30,KF-G106,in_use,20.85,50.02,18.32,82.13,93.37,25.04
2024-01-15 08:30:00,KF-G106,in_use,37.1,50.96,19.03,82.07,,28.26
2024-01-15 08:30:30,KF-G106,in_use,34.18,50.14,19.11,82.0,,27.36
2024-01-15 08:31:00,KF-G106,in_use,19.81,49.82,22.6,81.95,90.29,26.58
2024-01-15 08:31:30,KF-G106,in_use,42.34,50.95,20.04,81.9,90.54,28.79
2024-01-15 08:32:00,KF-G106,in_use,21.87,50.17,16.44,81.85,89.35,27.14
2024-01-15 08:32:30,KF-G106,in_use,43.17,51.21,19.12,81.78,89.31,27.61
2024-01-15 08:33:00,KF-G106,in_use,37.48,50.59,19.34,81.72,,22.97
2024-01-15 08:33:30,KF-G106,in_use,33.58,50.73,17.75,81.68,89.33,27.08
2024-01-15 08:34:00,KF-G106,in_use,35.86,50.46,19.6,81.61,90.37,30.93
2024-01-15 08:34:30,KF-G106,in_use,10.5,49.96,18.28,81.56,86.62,28.1
2024-01-15 08:35:00,KF-G106,in_use,42.52,49.86,21.01,81.51,89.36,
2024-01-15 08:35:30,KF-G106,in_use,23.63,50.05,16.45,81.46,93.37,29.81
2024-01-15 08:36:00,KF-G106,in_use,27.33,50.08,15.45,81.4,89.58,29.29
2024-01-15 08:36:30,KF-G106,in_use,18.47,50.38,18.28,81.35,90.8,26.44
2024-01-15 08:37:00,KF-G106,in_use,32.48,50.27,17.06,81.29,92.21,26.92
2024-01-15 08:37:30,KF-G106,in_use,44.57,50.61,18.85,81.22,88.69,
2024-01-15 08:38:00,KF-G106,in_use,28.42,50.36,19.54,81.17,93.51,27.34
2024-01-15 08:38:30,KF-G106,in_use,39.23,50.34,14.56,81.11,,30.14
2024-01-15 08:39:00,KF-G106,in_use,21.17,50.35,21.56,81.06,91.05,26.57
2024-01-15 08:39:30,KF-G106,in_use,32.13,50.8,16.22,80.99,89.75,
2024-01-15 08:40:00,KF-G106,in_use,36.47,50.58,13.62,80.92,92.52,24.3
2024-01-15 08:40:30,KF-G106,in_use,32.51,50.75,18.17,80.85,93.65,29.29
2024-01-15 08:41:00,KF-G106,in_use,33.63,50.57,17.65,80.8,91.44,28.11
2024-01-15 08:41:30,KF-G106,in_use,35.63,50.97,15.42,80.74,91.11,25.07
2024-01-15 08:42:00,KF-G106,in_use,27.62,50.14,18.86,80.68,92.64,24.99
2024-01-15 08:42:30,KF-G106,in_use,39.55,50.57,18.7,,90.63,29.7
2024-01-15 08:43:00,KF-G106,in_use,36.35,50.35,15.18,80.56,94.15,29.14
2024-01-15 08:43:30,KF-G106,in_use,41.38,50.7,15.96,80.51,89.81,27.63
2024-01-15 08:44:00,KF-G106,in_use,39.39,50.83,18.5,80.44,90.24,28.0
2024-01-15 08:44:30,KF-G106,in_use,39.47,50.71,,80.36,88.07,27.62
2024-01-15 08:45:00,KF-G106,in_use,52.06,50.88,19.37,80.31,94.96,28.41
2024-01-15 08:45:30,KF-G106,in_use,42.37,50.17,17.22,80.23,94.47,23.08
2024-01-15 08:46:00,KF-G106,in_use,29.92,50.97,18.28,80.17,90.73,25.61
2024-01-15 08:46:30,KF-G106,in_use,37.42,50.79,18.93,80.12,,25.51
2024-01-15 08:47:00,KF-G106,in_use,,50.89,,80.06,87.39,29.76
2024-01-15 08:47:30,KF-G106,in_use,24.3,50.63,,80.0,91.74,26.39
2024-01-15 08:48:00,KF-G106,in_use,38.25,,19.24,79.93,91.55,25.84
2024-01-15 08:48:30,KF-G106,in_use,43.75,,17.74,79.86,92.54,25.0
2024-01-15 08:49:00,KF-G106,in_use,35.56,50.61,16.86,79.79,90.63,29.36
2024-01-15 08:49:30,KF-G106,in_use,30.34,49.92,20.08,79.73,90.81,27.11
2024-01-15 08:50:00,KF-G106,in_use,21.0,50.19,20.67,79.67,90.64,24.91
2024-01-15 08:50:30,KF-G106,in_use,25.41,49.9,18.02,79.6,90.03,
2024-01-15 08:51:00,KF-G106,in_use,38.41,50.6,19.61,79.54,93.0,27.74
2024-01-15 08:51:30,KF-G106,in_use,37.41,50.44,14.95,79.48,89.62,26.52
2024-01-15 08:52:00,KF-G106,in_use,43.32,50.24,18.53,79.43,93.59,26.82
2024-01-15 08:52:30,KF-G106,in_use,27.01,50.76,18.59,79.37,91.37,28.45
2024-01-15 08:53:00,KF-G106,in_use,34.72,50.56,18.33,79.31,88.79,27.67
2024-01-15 08:53:30,KF-G106,in_use,30.98,50.17,20.57,79.22,90.54,27.12
2024-01-15 08:54:00,KF-G106,in_use,31.77,50.95,13.78,79.18,,28.23
2024-01-15 08:54:30,KF-G106,in_use,20.59,50.2,19.64,79.13,93.33,24.52
2024-01-15 08:55:00,KF-G106,in_use,40.82,50.12,20.95,79.06,89.37,30.35
2024-01-15 08:55:30,KF-G106,in_use,,50.47,16.67,79.01,89.8,30.31
2024-01-15 08:56:00,KF-G106,in_use,43.58,51.25,13.81,78.94,89.0,25.6
2024-01-15 08:56:30,KF-G106,in_use,42.23,50.7,14.35,78.89,91.28,27.18
2024-01-15 08:57:00,KF-G106,in_use,39.08,50.23,17.19,78.83,90.56,25.26
2024-01-15 08:57:30,KF-G106,in_use,41.99,50.62,18.66,78.78,89.58,27.71
2024-01-15 08:58:00,KF-G106,in_use,35.65,50.71,19.17,,92.58,27.25
2024-01-15 08:58:30,KF-G106,in_use,30.15,50.08,20.07,78.65,90.46,26.59
2024-01-15 08:59:00,KF-G106,in_use,31.96,51.03,16.83,78.6,86.24,26.33
2024-01-15 08:59:30,KF-G106,in_use,25.97,50.48,18.09,78.54,90.71,25.13
2024-01-15 09:00:00,KF-G106,in_use,47.93,50.8,14.18,78.49,86.48,25.89
2024-01-15 09:00:30,KF-G106,in_use,32.85,50.34,15.59,78.44,91.77,26.38
2024-01-15 09:01:00,KF-G106,in_use,36.91,51.42,16.28,78.38,90.61,28.83
2024-01-15 09:01:30,KF-G106,in_use,27.0,50.49,19.78,78.33,91.64,28.08
2024-01-15 09:02:00,KF-G106,in_use,35.23,50.9,19.98,78.27,93.41,25.47
2024-01-15 09:02:30,KF-G106,in_use,34.98,51.14,,78.21,88.91,29.87
2024-01-15 09:03:00,KF-G106,in_use,43.18,49.92,18.4,78.17,89.3,
2024-01-15 09:03:30,KF-G106,in_use,42.65,50.75,18.97,78.13,90.28,30.79
2024-01-15 09:04:00,KF-G106,in_use,38.99,50.36,20.53,78.08,88.56,
2024-01-15 09:04:30,KF-G106,in_use,,50.55,19.36,78.02,94.22,23.09
2024-01-15 09:05:00,KF-G106,in_use,39.01,51.29,18.98,77.96,90.1,26.28
2024-01-15 09:05:30,KF-G106,in_use,48.52,50.03,18.81,77.9,93.88,29.12
2024-01-15 09:06:00,KF-G106,in_use,45.51,50.18,19.23,77.85,92.59,29.72
2024-01-15 09:06:30,KF-G106,in_use,13.51,51.07,19.11,77.79,91.76,27.17
2024-01-15 09:07:00,KF-G106,in_use,43.87,50.76,18.78,77.71,91.71,24.04
2024-01-15 09:07:30,KF-G106,in_use,18.4,50.65,18.91,77.66,92.7,26.22
2024-01-15 09:08:00,KF-G106,in_use,35.0,,16.05,77.6,91.23,26.14
2024-01-15 09:08:30,KF-G106,in_use,19.2,50.47,17.9,77.54,91.6,29.0
2024-01-15 09:09:00,KF-G106,in_use,35.37,50.46,20.31,77.49,,24.83
2024-01-15 09:09:30,KF-G106,in_use,28.83,50.43,18.01,77.43,92.29,26.19
2024-01-15 09:10:00,KF-G106,in_use,,50.89,18.52,77.38,92.1,25.69
2024-01-15 09:10:30,KF-G106,in_use,34.21,50.29,17.81,77.34,92.01,28.18
2024-01-15 09:11:00,KF-G106,in_use,32.3,50.72,16.47,77.27,90.63,26.69
2024-01-15 09:11:30,KF-G106,in_use,29.38,50.78,20.55,77.2,89.1,23.1
2024-01-15 09:12:00,KF-G106,in_use,31.12,49.87,18.06,77.13,90.75,22.81
2024-01-15 09:12:30,KF-G106,in_use,44.19,50.63,18.99,77.08,94.07,25.57
2024-01-15 09:13:00,KF-G106,in_use,25.43,50.1,22.66,77.01,,
2024-01-15 09:13:30,KF-G106,in_use,44.24,50.5,16.79,76.95,,26.58
2024-01-15 09:14:00,KF-G106,in_use,28.87,50.68,21.75,76.88,93.76,24.61
2024-01-15 09:14:30,KF-G106,in_use,44.95,49.73,19.7,76.81,90.02,27.77
2024-01-15 09:15:00,KF-G106,in_use,19.62,50.71,19.41,76.75,89.98,27.76
2024-01-15 09:15:30,KF-G106,in_use,40.3,,15.82,76.67,91.23,24.69
2024-01-15 09:16:00,KF-G106,in_use,36.29,50.61,17.16,76.6,90.41,25.47
2024-01-15 09:16:30,KF-G106,in_use,34.77,50.57,16.15,76.52,89.87,28.72
2024-01-15 09:17:00,KF-G106,in_use,39.05,50.61,15.24,76.46,89.72,25.12
2024-01-15 09:17:30,KF-G106,in_use,40.37,50.21,20.02,76.41,89.25,28.39
2024-01-15 09:18:00,KF-G106,in_use,36.31,50.43,20.04,76.34,91.73,27.58
2024-01-15 09:18:30,KF-G106,in_use,39.6,50.93,18.56,76.28,89.99,25.37
2024-01-15 09:19:00,KF-G106,in_use,43.05,50.61,16.35,76.22,88.92,26.68
2024-01-15 09:19:30,KF-G106,in_use,38.42,50.03,21.01,76.16,87.93,22.53
2024-01-15 09:20:00,KF-G106,in_use,37.26,50.17,17.25,76.1,89.25,29.42
2024-01-15 09:20:30,KF-G106,in_use,38.01,50.43,17.08,76.05,89.61,27.32
2024-01-15 09:21:00,KF-G106,in_use,32.98,50.64,18.17,76.0,87.75,28.97
2024-01-15 09:21:30,KF-G106,in_use,52.62,50.58,15.25,75.92,88.29,
2024-01-15 09:22:00,KF-G106,in_use,,50.96,21.05,75.86,90.1,28.29
2024-01-15 09:22:30,KF-G106,in_use,45.56,50.36,18.36,75.8,89.53,27.83
2024-01-15 09:23:00,KF-G106,in_use,37.83,50.09,17.33,75.74,88.31,31.13
2024-01-15 09:23:30,KF-G106,in_use,19.17,50.67,18.07,75.68,91.08,
2024-01-15 09:24:00,KF-G106,in_use,23.29,49.98,15.83,75.62,88.73,23.72
2024-01-15 09:24:30,KF-G106,in_use,33.66,50.91,21.28,75.56,88.48,32.04
2024-01-15 09:25:00,KF-G106,in_use,38.3,50.64,16.65,75.49,91.97,27.14
2024-01-15 09:25:30,KF-G106,in_use,43.4,50.69,16.38,75.42,91.19,
2024-01-15 09:26:00,KF-G106,in_use,29.72,50.1,15.4,75.35,89.43,28.77
2024-01-15 09:26:30,KF-G106,in_use,24.33,49.99,17.3,75.29,90.3,28.54
2024-01-15 09:27:00,KF-G106,in_use,25.43,50.71,20.48,75.23,88.72,25.32
2024-01-15 09:27:30,KF-G106,in_use,26.28,50.64,17.56,75.17,88.84,29.2
2024-01-15 09:28:00,KF-G106,in_use,39.9,50.6,21.31,75.13,89.8,30.32
2024-01-15 09:28:30,KF-G106,in_use,,50.41,18.85,75.06,89.87,27.22
2024-01-15 09:29:00,KF-G106,in_use,35.59,49.93,15.6,75.01,93.35,26.72
2024-01-15 09:29:30,KF-G106,in_use,43.72,50.58,,74.95,92.68,25.85
2024-01-15 09:30:00,KF-G106,in_use,,,18.06,74.88,91.12,28.64
2024-01-15 09:30:30,KF-G106,in_use,39.78,50.22,19.64,74.84,92.66,29.35
2024-01-15 09:31:00,KF-G106,in_use,35.13,,21.49,74.77,90.2,26.4
2024-01-15 09:31:30,KF-G106,in_use,10.85,51.01,15.21,74.71,87.76,29.23
2024-01-15 09:32:00,KF-G106,in_use,43.39,51.1,17.46,74.66,90.38,27.96
2024-01-15 09:32:30,KF-G106,in_use,54.14,50.58,17.2,74.61,95.58,27.98
2024-01-15 09:33:00,KF-G106,in_use,28.23,50.34,20.32,74.55,93.95,31.3
2024-01-15 09:33:30,KF-G106,in_use,45.53,50.8,17.11,74.5,87.33,24.96
2024-01-15 09:34:00,KF-G106,in_use,31.13,50.33,14.43,74.44,89.7,28.23
2024-01-15 09:34:30,KF-G106,in_use,33.78,50.43,16.26,74.38,92.57,25.1
2024-01-15 09:35:00,KF-G106,in_use,50.19,51.18,18.12,74.32,93.8,29.84
2024-01-15 09:35:30,KF-G106,in_use,25.8,50.98,19.33,74.26,86.29,24.33
2024-01-15 09:36:00,KF-G106,in_use,50.82,49.87,17.41,74.18,89.29,27.27
2024-01-15 09:36:30,KF-G106,in_use,30.88,50.7,21.29,74.13,95.23,27.91
2024-01-15 09:37:00,KF-G106,in_use,37.87,50.23,19.16,74.08,85.98,26.75
2024-01-15 09:37:30,KF-G106,in_use,36.35,51.29,18.05,74.02,86.75,28.09
2024-01-15 09:38:00,KF-G106,in_use,,50.52,16.82,,93.13,24.54
2024-01-15 09:38:30,KF-G106,in_use,31.73,51.1,16.93,73.9,90.2,24.3
2024-01-15 09:39:00,KF-G106,in_use,53.54,50.37,,73.82,89.63,27.64
2024-01-15 09:39:30,KF-G106,in_use,30.23,50.06,17.47,73.77,91.11,26.19
2024-01-15 09:40:00,KF-G106,in_use,34.62,50.51,19.87,73.69,90.15,29.6
2024-01-15 09:40:30,KF-G106,in_use,52.31,,20.31,73.63,91.1,30.68
2024-01-15 09:41:00,KF-G106,in_use,34.16,50.33,,73.56,94.8,29.02
2024-01-15 09:41:30,KF-G106,in_use,37.74,50.41,16.19,73.51,91.52,
2024-01-15 09:42:00,KF-G106,in_use,33.06,50.22,14.64,73.44,88.09,25.99
2024-01-15 09:42:30,KF-G106,in_use,41.3,51.91,23.86,73.38,93.78,25.19
2024-01-15 09:43:00,KF-G106,in_use,38.08,50.57,18.77,73.34,91.41,26.19
2024-01-15 09:43:30,KF-G106,in_use,45.86,50.25,16.47,73.26,,26.79
2024-01-15 09:44:00,KF-G106,in_use,45.57,50.53,22.84,73.18,89.89,26.43
2024-01-15 09:44:30,KF-G106,in_use,32.41,49.96,18.36,73.12,91.36,26.66
2024-01-15 09:45:00,KF-G106,in_use,24.66,49.99,,73.06,88.81,25.17
2024-01-15 09:45:30,KF-G106,in_use,41.44,50.55,20.61,72.99,90.41,31.24
2024-01-15 09:46:00,KF-G106,in_use,41.83,49.95,17.06,72.93,92.68,26.32
2024-01-15 09:46:30,KF-G106,in_use,31.62,50.47,18.95,72.88,90.44,27.37
2024-01-15 09:47:00,KF-G106,in_use,39.13,,18.29,72.83,94.32,26.53
2024-01-15 09:47:30,KF-G106,in_use,38.86,50.48,20.04,72.79,93.89,28.48
2024-01-15 09:48:00,KF-G106,in_use,43.56,50.26,19.55,72.73,92.65,28.48
2024-01-15 09:48:30,KF-G106,in_use,27.27,50.3,18.22,72.66,91.78,24.44
2024-01-15 09:49:00,KF-G106,in_use,46.95,50.11,16.43,72.6,92.25,28.49
2024-01-15 09:49:30,KF-G106,in_use,28.16,50.7,16.43,72.52,91.27,
2024-01-15 09:50:00,KF-G106,in_use,34.95,50.41,16.77,72.48,85.02,26.69
2024-01-15 09:50:30,KF-G106,in_use,24.74,50.79,17.44,72.41,86.95,27.94
2024-01-15 09:51:00,KF-G106,in_use,22.67,50.45,,72.35,94.24,26.35
2024-01-15 09:51:30,KF-G106,in_use,25.84,49.74,17.52,72.29,93.89,
2024-01-15 09:52:00,KF-G106,in_use,38.07,49.64,15.52,72.24,93.51,28.76
2024-01-15 09:52:30,KF-G106,in_use,24.38,51.0,16.11,72.18,92.5,24.84
2024-01-15 09:53:00,KF-G106,in_use,39.95,50.19,14.95,72.11,90.29,29.55
2024-01-15 09:53:30,KF-G106,in_use,21.83,50.52,19.81,72.07,92.0,25.55
2024-01-15 09:54:00,KF-G106,in_use,41.6,50.42,17.66,71.98,92.12,26.43
2024-01-15 09:54:30,KF-G106,in_use,37.77,,16.26,71.94,94.57,29.74
2024-01-15 09:55:00,KF-G106,in_use,28.83,50.44,16.68,71.87,89.5,25.94
2024-01-15 09:55:30,KF-G106,in_use,34.62,,16.78,71.79,93.82,26.36
2024-01-15 09:56:00,KF-G106,in_use,31.82,50.64,19.87,71.74,92.99,24.27
2024-01-15 09:56:30,KF-G106,in_use,37.29,50.85,15.59,71.69,93.64,25.21
2024-01-15 09:57:00,KF-G106,in_use,40.94,51.2,19.96,71.63,89.39,22.48
2024-01-15 09:57:30,KF-G106,in_use,30.21,50.46,18.48,71.57,92.53,30.26
2024-01-15 09:58:00,KF-G106,in_use,36.08,50.32,19.74,71.52,90.51,27.05
2024-01-15 09:58:30,KF-G106,in_use,33.63,50.22,15.88,71.46,90.8,28.24
2024-01-15 09:59:00,KF-G106,in_use,25.98,49.75,14.76,71.41,94.44,25.6
2024-01-15 09:59:30,KF-G106,in_use,34.21,50.69,16.56,71.35,91.42,26.67
2024-01-15 10:00:00,KF-G106,in_use,32.84,50.58,16.93,71.31,91.69,25.29
2024-01-15 10:00:30,KF-G106,in_use,38.5,50.5,,,91.6,
2024-01-15 10:01:00,KF-G106,in_use,39.52,50.92,20.69,71.19,88.41,29.23
2024-01-15 10:01:30,KF-G106,in_use,31.78,50.43,19.67,71.14,88.4,27.36
2024-01-15 10:02:00,KF-G106,in_use,39.48,50.47,17.36,71.06,90.58,29.36
2024-01-15 10:02:30,KF-G106,in_use,37.85,50.4,16.09,71.0,89.67,26.18
2024-01-15 10:03:00,KF-G106,in_use,39.38,49.91,,70.94,90.97,28.49
2024-01-15 10:03:30,KF-G106,in_use,32.44,51.18,14.6,70.88,89.31,26.16
2024-01-15 10:04:00,KF-G106,in_use,21.69,50.93,19.27,70.81,89.36,26.35
2024-01-15 10:04:30,KF-G106,in_use,31.03,50.15,14.93,70.74,92.97,26.56
2024-01-15 10:05:00,KF-G106,in_use,27.99,50.93,14.9,70.69,91.0,29.5
2024-01-15 10:05:30,KF-G106,in_use,29.66,50.65,15.9,70.62,94.72,
2024-01-15 10:06:00,KF-G106,in_use,29.08,50.63,15.09,,88.86,
2024-01-15 10:06:30,KF-G106,in_use,36.75,50.49,16.33,70.52,91.44,28.01
2024-01-15 10:07:00,KF-G106,in_use,31.94,50.45,12.55,70.46,90.61,29.47
2024-01-15 10:07:30,KF-G106,in_use,36.93,50.33,15.0,70.4,93.02,25.4
2024-01-15 10:08:00,KF-G106,in_use,39.0,51.38,21.12,70.35,95.15,31.38
2024-01-15 10:08:30,KF-G106,in_use,30.17,49.71,19.57,70.28,92.05,25.94
2024-01-15 10:09:00,KF-G106,in_use,33.36,51.28,14.34,70.22,94.87,27.19
2024-01-15 10:09:30,KF-G106,in_use,37.13,51.04,23.35,70.17,93.99,26.28
2024-01-15 10:10:00,KF-G106,in_use,38.25,50.78,21.68,70.12,89.61,
2024-01-15 10:10:30,KF-G106,in_use,34.4,50.6,20.02,70.05,89.56,24.54
2024-01-15 10:11:00,KF-G106,in_use,31.38,50.08,17.39,69.99,91.01,29.54
2024-01-15 10:11:30,KF-G106,in_use,31.02,51.26,18.15,69.94,90.37,31.24
2024-01-15 10:12:00,KF-G106,in_use,33.98,,17.18,69.89,90.78,25.49
2024-01-15 10:12:30,KF-G106,in_use,28.32,50.45,18.35,69.83,88.79,26.17
2024-01-15 10:13:00,KF-G106,in_use,44.65,50.49,19.47,69.77,91.74,29.85
2024-01-15 10:13:30,KF-G106,in_use,33.71,50.53,19.53,69.73,94.26,25.01
2024-01-15 10:14:00,KF-G106,in_use,41.58,50.33,18.23,69.67,88.24,30.8
2024-01-15 10:14:30,KF-G106,in_use,39.69,50.4,14.62,69.62,,28.16
2024-01-15 10:15:00,KF-G106,in_use,,50.65,18.39,69.57,93.4,27.06
2024-01-15 10:15:30,KF-G106,in_use,33.53,,18.96,69.52,89.41,27.27
2024-01-15 10:16:00,KF-G106,in_use,28.61,50.18,18.27,69.47,90.85,29.79
2024-01-15 10:16:30,KF-G106,in_use,28.67,49.3,19.13,69.42,,28.83
2024-01-15 10:17:00,KF-G106,in_use,34.22,50.2,17.46,69.36,91.66,30.16
2024-01-15 10:17:30,KF-G106,in_use,42.22,50.39,18.94,69.29,92.71,24.3
2024-01-15 10:18:00,KF-G106,in_use,39.08,51.54,21.86,69.23,,26.62
2024-01-15 10:18:30,KF-G106,in_use,33.07,50.9,15.04,69.16,89.09,
2024-01-15 10:19:00,KF-G106,in_use,44.55,49.73,19.42,69.11,90.22,24.96
2024-01-15 10:19:30,KF-G106,in_use,37.07,50.27,16.42,69.04,94.57,28.25
2024-01-15 10:20:00,KF-G106,in_use,33.81,49.53,21.48,68.97,91.78,26.79
2024-01-15 10:20:30,KF-G106,in_use,36.99,49.97,20.56,68.91,90.03,27.12
2024-01-15 10:21:00,KF-G106,in_use,30.23,50.6,18.12,68.84,92.07,24.45
2024-01-15 10:21:30,KF-G106,in_use,28.06,50.64,17.64,68.77,91.57,23.52
2024-01-15 10:22:00,KF-G106,in_use,32.46,50.99,17.14,68.7,,27.46
2024-01-15 10:22:30,KF-G106,in_use,44.62,50.08,22.12,68.65,93.29,25.37
2024-01-15 10:23:00,KF-G106,in_use,47.17,50.83,18.63,68.58,93.3,22.98
2024-01-15 10:23:30,KF-G106,in_use,42.43,50.76,19.13,68.52,90.38,27.31
2024-01-15 10:24:00,KF-G106,in_use,33.54,51.09,17.51,68.46,89.29,30.95
2024-01-15 10:24:30,KF-G106,in_use,56.16,50.18,17.02,68.41,89.96,27.25
2024-01-15 10:25:00,KF-G106,in_use,44.15,50.82,,68.35,84.6,26.73
2024-01-15 10:25:30,KF-G106,in_use,27.1,49.96,13.74,68.3,86.58,
2024-01-15 10:26:00,KF-G106,in_use,37.45,50.0,17.24,68.24,91.61,23.13
2024-01-15 10:26:30,KF-G106,in_use,35.84,,16.73,68.17,,26.9
2024-01-15 10:27:00,KF-G106,in_use,37.49,51.3,18.49,68.1,89.03,25.32
2024-01-15 10:27:30,KF-G106,in_use,29.58,50.05,21.29,68.06,91.99,
2024-01-15 10:28:00,KF-G106,in_use,38.33,51.25,19.63,67.99,92.64,30.85
2024-01-15 10:28:30,KF-G106,in_use,37.76,50.27,17.81,67.93,89.24,25.25
2024-01-15 10:29:00,KF-G106,in_use,31.8,,17.53,67.85,91.8,29.2
2024-01-15 10:29:30,KF-G106,in_use,44.59,50.26,18.62,67.8,91.46,26.18
2024-01-15 10:30:00,KF-G106,in_use,32.56,50.13,14.09,67.76,,26.85
2024-01-15 10:30:30,KF-G106,in_use,37.2,50.33,19.56,67.7,92.21,
2024-01-15 10:31:00,KF-G106,in_use,36.32,49.75,18.56,67.65,92.67,25.0
2024-01-15 10:31:30,KF-G106,in_use,37.02,,20.64,67.57,90.02,28.42
2024-01-15 10:32:00,KF-G106,in_use,34.75,50.69,20.6,,93.38,27.19
2024-01-15 10:32:30,KF-G106,in_use,11.84,50.58,18.33,67.48,90.94,27.18
2024-01-15 10:33:00,KF-G106,in_use,22.49,50.39,18.77,67.4,87.03,28.46
2024-01-15 10:33:30,KF-G106,in_use,,50.16,14.31,67.33,89.02,28.21
2024-01-15 10:34:00,KF-G106,in_use,37.11,49.82,19.05,67.26,93.38,26.99
2024-01-15 10:34:30,KF-G106,in_use,34.3,50.56,17.69,67.21,93.32,29.84
2024-01-15 10:35:00,KF-G106,in_use,38.49,51.3,14.16,67.15,92.24,28.21
2024-01-15 10:35:30,KF-G106,in_use,32.29,51.08,23.4,67.11,90.32,25.72
2024-01-15 10:36:00,KF-G106,in_use,27.78,50.68,18.69,67.06,91.2,26.11
2024-01-15 10:36:30,KF-G106,in_use,39.16,50.73,14.87,67.0,91.68,26.38
2024-01-15 10:37:00,KF-G106,in_use,,50.99,18.63,66.95,91.66,24.87
2024-01-15 10:37:30,KF-G106,in_use,30.35,50.48,20.02,66.9,92.79,28.41
2024-01-15 10:38:00,KF-G106,in_use,43.97,50.67,19.68,,90.82,25.56
2024-01-15 10:38:30,KF-G106,in_use,39.11,50.68,18.77,66.78,92.52,28.75
2024-01-15 10:39:00,KF-G106,in_use,22.35,50.95,17.77,,94.04,29.67
2024-01-15 10:39:30,KF-G106,in_use,16.83,51.32,14.02,66.66,90.63,26.57
2024-01-15 10:40:00,KF-G106,in_use,17.15,50.03,,66.6,90.27,24.85
2024-01-15 10:40:30,KF-G106,in_use,37.31,50.17,15.78,66.54,91.32,25.08
2024-01-15 10:41:00,KF-G106,in_use,25.87,50.44,19.83,66.46,88.18,26.43
2024-01-15 10:41:30,KF-G106,in_use,43.87,50.23,18.5,66.41,,26.6
2024-01-15 10:42:00,KF-G106,in_use,34.83,50.63,20.48,66.33,89.97,27.53
2024-01-15 10:42:30,KF-G106,in_use,30.4,50.49,18.36,66.28,90.3,
2024-01-15 10:43:00,KF-G106,in_use,23.22,50.33,19.65,66.24,,22.88
2024-01-15 10:43:30,KF-G106,in_use,40.39,50.85,18.59,66.15,88.55,27.33
2024-01-15 10:44:00,KF-G106,in_use,31.52,50.32,17.89,66.11,92.1,27.87
2024-01-15 10:44:30,KF-G106,in_use,27.01,51.75,21.71,66.06,89.0,27.13
2024-01-15 10:45:00,KF-G106,in_use,29.3,50.01,18.38,65.98,88.03,24.95
2024-01-15 10:45:30,KF-G106,in_use,28.36,50.72,14.91,65.94,89.82,27.27
2024-01-15 10:46:00,KF-G106,in_use,29.91,50.33,18.33,65.87,93.23,28.2
2024-01-15 10:46:30,KF-G106,in_use,36.5,50.29,13.93,65.8,88.45,27.72
2024-01-15 10:47:00,KF-G106,in_use,37.96,50.74,17.0,65.75,95.04,30.59
2024-01-15 10:47:30,KF-G106,in_use,29.05,49.96,20.88,,93.06,24.17
2024-01-15 10:48:00,KF-G106,in_use,40.75,50.81,,65.63,92.22,24.26
2024-01-15 10:48:30,KF-G106,in_use,46.29,,20.74,65.56,90.8,29.29
2024-01-15 10:49:00,KF-G106,in_use,42.83,50.54,17.67,,,27.67
2024-01-15 10:49:30,KF-G106,in_use,24.3,50.32,16.72,65.43,,28.79
2024-01-15 10:50:00,KF-G106,in_use,34.73,50.93,,65.36,91.61,22.26
2024-01-15 10:50:30,KF-G106,in_use,28.3,50.24,,65.29,89.14,27.15
2024-01-15 10:51:00,KF-G106,in_use,42.68,50.76,18.11,65.24,91.09,26.3
2024-01-15 10:51:30,KF-G106,in_use,32.55,50.85,22.22,65.17,87.86,28.4
2024-01-15 10:52:00,KF-G106,in_use,,49.99,19.64,65.08,89.49,25.45
2024-01-15 10:52:30,KF-G106,in_use,42.6,50.22,15.71,65.01,90.31,27.69
2024-01-15 10:53:00,KF-G106,in_use,40.86,50.6,18.53,64.97,91.94,24.98
2024-01-15 10:53:30,KF-G106,in_use,37.95,50.74,17.96,64.9,89.2,32.37
2024-01-15 10:54:00,KF-G106,in_use,31.59,50.2,18.82,64.83,92.79,26.57
2024-01-15 10:54:30,KF-G106,in_use,33.9,51.1,16.05,64.79,91.43,24.36
2024-01-15 10:55:00,KF-G106,in_use,50.86,50.85,17.98,64.73,92.99,22.8
2024-01-15 10:55:30,KF-G106,in_use,34.61,50.63,13.55,,92.54,28.12
2024-01-15 10:56:00,KF-G106,in_use,35.79,51.12,17.76,64.57,92.75,29.07
2024-01-15 10:56:30,KF-G106,in_use,37.08,51.27,19.24,64.5,91.58,29.53
2024-01-15 10:57:00,KF-G106,in_use,40.68,51.01,17.95,64.45,90.75,26.8
2024-01-15 10:57:30,KF-G106,in_use,36.96,50.59,15.91,64.41,90.3,23.87
2024-01-15 10:58:00,KF-G106,in_use,34.21,50.13,20.2,64.36,95.1,23.57
2024-01-15 10:58:30,KF-G106,in_use,32.75,50.71,17.69,64.29,,26.36
2024-01-15 10:59:00,KF-G106,in_use,42.93,50.72,17.01,64.22,92.88,29.47
2024-01-15 10:59:30,KF-G106,in_use,43.23,50.78,16.51,64.16,91.68,27.69
2024-01-15 11:00:00,KF-G106,charging,0.0,52.2,-10.9,64.16,88.72,28.16
2024-01-15 11:00:30,KF-G106,charging,0.0,52.09,-10.75,64.16,,26.08
2024-01-15 11:01:00,KF-G106,charging,,51.8,-10.97,64.16,91.62,26.95
2024-01-15 11:01:30,KF-G106,charging,,51.93,-10.56,64.16,92.7,25.65
2024-01-15 11:02:00,KF-G106,charging,0.0,52.26,-13.03,64.16,89.18,30.18
2024-01-15 11:02:30,KF-G106,charging,0.0,52.3,-10.61,64.16,90.55,28.84
2024-01-15 11:03:00,KF-G106,charging,0.0,51.99,-12.05,64.16,89.43,32.87
2024-01-15 11:03:30,KF-G106,charging,0.0,52.36,-11.09,64.16,89.5,26.9
2024-01-15 11:04:00,KF-G106,charging,0.0,52.08,-12.34,64.16,89.85,23.74
2024-01-15 11:04:30,KF-G106,charging,0.0,51.93,-13.73,64.16,88.69,26.01
2024-01-15 11:05:00,KF-G106,charging,0.0,51.86,-12.45,64.16,89.67,26.2
2024-01-15 11:05:30,KF-G106,charging,0.0,52.15,-11.96,64.16,90.36,30.51
2024-01-15 11:06:00,KF-G106,charging,0.0,51.94,-12.19,64.16,88.37,26.62
2024-01-15 11:06:30,KF-G106,charging,0.0,52.25,-13.01,64.16,89.58,30.82
2024-01-15 11:07:00,KF-G106,charging,0.0,52.25,-9.83,64.16,90.82,24.57
2024-01-15 11:07:30,KF-G106,charging,0.0,52.03,-11.19,,92.32,30.35
2024-01-15 11:08:00,KF-G106,charging,0.0,52.01,-12.02,64.16,92.8,27.79
2024-01-15 11:08:30,KF-G106,charging,0.0,52.02,-11.94,64.16,89.65,24.59
2024-01-15 11:09:00,KF-G106,charging,0.0,51.72,-13.77,64.16,86.63,29.9
2024-01-15 11:09:30,KF-G106,charging,0.0,52.29,-12.07,,91.64,27.7
2024-01-15 11:10:00,KF-G106,charging,0.0,51.98,,64.16,89.17,25.99
2024-01-15 11:10:30,KF-G106,charging,0.0,51.89,-12.76,64.16,91.4,26.23
2024-01-15 11:11:00,KF-G106,charging,0.0,51.97,-10.51,64.16,90.36,26.29
2024-01-15 11:11:30,KF-G106,charging,0.0,52.02,-13.21,64.16,90.2,24.15
2024-01-15 11:12:00,KF-G106,charging,0.0,52.11,-11.69,64.16,92.12,28.98
2024-01-15 11:12:30,KF-G106,charging,0.0,51.81,-12.9,64.16,92.28,29.94
2024-01-15 11:13:00,KF-G106,charging,0.0,52.03,-10.87,64.16,90.55,23.41
2024-01-15 11:13:30,KF-G106,charging,0.0,51.96,-11.46,64.16,89.16,28.64
2024-01-15 11:14:00,KF-G106,charging,0.0,52.4,-12.06,,91.59,31.12
2024-01-15 11:14:30,KF-G106,charging,0.0,51.87,-12.58,64.16,94.55,25.82
2024-01-15 11:15:00,KF-G106,charging,0.0,51.87,-12.43,64.16,90.05,27.25
2024-01-15 11:15:30,KF-G106,charging,0.0,52.01,-12.65,64.16,92.89,29.69
2024-01-15 11:16:00,KF-G106,charging,0.0,51.97,-11.4,64.16,88.63,30.42
2024-01-15 11:16:30,KF-G106,charging,0.0,52.07,-12.66,,90.11,25.8
2024-01-15 11:17:00,KF-G106,charging,0.0,,-13.17,64.16,89.99,33.45
2024-01-15 11:17:30,KF-G106,charging,0.0,52.33,-12.21,64.16,88.12,23.58
2024-01-15 11:18:00,KF-G106,charging,0.0,51.61,-11.24,64.16,90.27,28.38
2024-01-15 11:18:30,KF-G106,charging,0.0,51.89,,64.16,87.19,26.4
2024-01-15 11:19:00,KF-G106,charging,0.0,52.03,-11.43,64.16,91.42,25.85
2024-01-15 11:19:30,KF-G106,charging,0.0,51.94,-11.83,64.16,93.39,24.97
2024-01-15 11:20:00,KF-G106,charging,0.0,52.11,-12.14,64.16,82.41,23.18
2024-01-15 11:20:30,KF-G106,charging,0.0,51.93,-12.82,64.16,93.21,25.08
2024-01-15 11:21:00,KF-G106,charging,0.0,52.07,-12.23,64.16,94.3,27.01
2024-01-15 11:21:30,KF-G106,charging,0.0,51.97,-11.83,64.16,93.64,26.82
2024-01-15 11:22:00,KF-G106,charging,0.0,52.08,-11.49,64.16,91.66,27.36
2024-01-15 11:22:30,KF-G106,charging,0.0,52.43,-11.49,64.16,,
2024-01-15 11:23:00,KF-G106,charging,0.0,52.0,-10.79,64.16,89.06,27.35
2024-01-15 11:23:30,KF-G106,charging,0.0,52.06,-12.25,64.16,,25.79
2024-01-15 11:24:00,KF-G106,charging,0.0,,-11.59,64.16,90.26,29.91
2024-01-15 11:24:30,KF-G106,charging,0.0,51.81,-10.55,64.16,90.47,25.77
2024-01-15 11:25:00,KF-G106,charging,,52.07,-11.03,64.16,91.47,27.27
2024-01-15 11:25:30,KF-G106,charging,,51.64,-11.04,64.16,90.32,24.99
2024-01-15 11:26:00,KF-G106,charging,0.0,52.02,-10.92,64.16,89.79,28.51
2024-01-15 11:26:30,KF-G106,charging,0.0,51.64,-12.03,64.16,89.9,26.48
2024-01-15 11:27:00,KF-G106,charging,0.0,52.02,-10.65,,93.54,27.06
2024-01-15 11:27:30,KF-G106,charging,0.0,51.49,-11.21,64.16,88.58,28.94
2024-01-15 11:28:00,KF-G106,charging,,52.04,-13.11,64.16,,26.67
2024-01-15 11:28:30,KF-G106,charging,0.0,51.86,-11.72,64.16,88.7,25.82
2024-01-15 11:29:00,KF-G106,charging,0.0,52.28,-12.85,64.16,90.41,27.39
2024-01-15 11:29:30,KF-G106,charging,0.0,51.66,-12.88,64.16,,28.09
2024-01-15 11:30:00,KF-G106,not_in_use,0.0,52.08,0.0,64.16,92.61,26.87
2024-01-15 11:30:30,KF-G106,not_in_use,0.0,51.69,0.0,64.16,89.99,27.02
2024-01-15 11:31:00,KF-G106,not_in_use,0.0,52.08,0.0,64.16,91.79,30.86
2024-01-15 11:31:30,KF-G106,not_in_use,0.0,52.21,0.0,64.16,91.44,25.02
2024-01-15 11:32:00,KF-G106,not_in_use,0.0,51.89,,64.16,91.81,25.27
2024-01-15 11:32:30,KF-G106,not_in_use,0.0,51.72,0.0,64.16,86.24,
2024-01-15 11:33:00,KF-G106,not_in_use,,52.09,0.0,64.16,93.22,24.79
2024-01-15 11:33:30,KF-G106,not_in_use,0.0,,0.0,64.16,90.59,29.7
2024-01-15 11:34:00,KF-G106,not_in_use,0.0,52.06,0.0,64.16,92.85,26.68
2024-01-15 11:34:30,KF-G106,not_in_use,0.0,52.0,0.0,64.16,90.02,25.62
2024-01-15 11:35:00,KF-G106,not_in_use,0.0,52.24,0.0,64.16,91.37,27.29
2024-01-15 11:35:30,KF-G106,not_in_use,0.0,51.99,0.0,64.16,87.0,25.36
2024-01-15 11:36:00,KF-G106,not_in_use,0.0,52.17,0.0,64.16,88.87,30.35
2024-01-15 11:36:30,KF-G106,not_in_use,0.0,52.09,0.0,64.16,93.36,25.62
2024-01-15 11:37:00,KF-G106,not_in_use,0.0,52.13,0.0,64.16,91.15,
2024-01-15 11:37:30,KF-G106,not_in_use,0.0,51.72,0.0,64.16,90.78,27.43
2024-01-15 11:38:00,KF-G106,not_in_use,0.0,52.19,0.0,64.16,91.97,24.38
2024-01-15 11:38:30,KF-G106,not_in_use,0.0,51.78,0.0,,94.78,
2024-01-15 11:39:00,KF-G106,not_in_use,0.0,52.13,0.0,64.16,88.42,24.35
2024-01-15 11:39:30,KF-G106,not_in_use,0.0,52.03,0.0,64.16,,28.49
2024-01-15 11:40:00,KF-G106,not_in_use,,51.96,0.0,64.16,91.92,25.98
2024-01-15 11:40:30,KF-G106,not_in_use,0.0,51.81,0.0,64.16,87.89,22.77
2024-01-15 11:41:00,KF-G106,not_in_use,0.0,51.75,0.0,64.16,93.12,31.31
2024-01-15 11:41:30,KF-G106,not_in_use,0.0,52.15,0.0,64.16,94.1,27.36
2024-01-15 11:42:00,KF-G106,not_in_use,0.0,52.12,0.0,64.16,93.78,27.52
2024-01-15 11:42:30,KF-G106,not_in_use,0.0,52.09,0.0,64.16,91.43,25.5
2024-01-15 11:43:00,KF-G106,not_in_use,0.0,52.0,0.0,64.16,94.08,25.2
2024-01-15 11:43:30,KF-G106,not_in_use,0.0,52.1,0.0,64.16,92.39,28.77
2024-01-15 11:44:00,KF-G106,not_in_use,0.0,52.51,0.0,64.16,90.73,26.1
2024-01-15 11:44:30,KF-G106,not_in_use,0.0,52.29,0.0,64.16,94.17,24.83
2024-01-15 11:45:00,KF-G106,not_in_use,0.0,51.55,0.0,64.16,88.02,27.64
2024-01-15 11:45:30,KF-G106,not_in_use,0.0,51.87,0.0,64.16,90.78,
2024-01-15 11:46:00,KF-G106,not_in_use,0.0,,0.0,64.16,94.83,25.52
2024-01-15 11:46:30,KF-G106,not_in_use,0.0,52.15,0.0,64.16,91.49,28.62
2024-01-15 11:47:00,KF-G106,not_in_use,0.0,52.03,0.0,64.16,91.9,26.49
2024-01-15 11:47:30,KF-G106,not_in_use,0.0,51.95,0.0,64.16,88.75,27.85
2024-01-15 11:48:00,KF-G106,not_in_use,0.0,51.93,0.0,64.16,92.41,25.17
2024-01-15 11:48:30,KF-G106,not_in_use,0.0,52.07,0.0,64.16,92.97,28.23
2024-01-15 11:49:00,KF-G106,not_in_use,0.0,51.84,0.0,64.16,93.48,28.59
2024-01-15 11:49:30,KF-G106,not_in_use,0.0,51.78,0.0,64.16,89.85,26.43
2024-01-15 11:50:00,KF-G106,not_in_use,0.0,,0.0,64.16,,26.16
2024-01-15 11:50:30,KF-G106,not_in_use,0.0,52.04,0.0,64.16,89.17,26.19
2024-01-15 11:51:00,KF-G106,not_in_use,0.0,51.87,0.0,64.16,93.01,24.78
2024-01-15 11:51:30,KF-G106,not_in_use,0.0,51.9,0.0,64.16,94.02,30.44
2024-01-15 11:52:00,KF-G106,not_in_use,0.0,52.06,0.0,64.16,89.43,
2024-01-15 11:52:30,KF-G106,not_in_use,,52.04,0.0,64.16,90.19,24.26
2024-01-15 11:53:00,KF-G106,not_in_use,0.0,52.17,0.0,64.16,89.06,25.81
2024-01-15 11:53:30,KF-G106,not_in_use,0.0,52.01,0.0,64.16,90.83,24.24
2024-01-15 11:54:00,KF-G106,not_in_use,0.0,51.74,0.0,64.16,89.44,25.8
2024-01-15 11:54:30,KF-G106,not_in_use,0.0,52.08,0.0,64.16,90.85,23.29
2024-01-15 11:55:00,KF-G106,not_in_use,0.0,52.26,0.0,64.16,90.41,25.9
2024-01-15 11:55:30,KF-G106,not_in_use,0.0,51.94,0.0,64.16,91.29,23.36
2024-01-15 11:56:00,KF-G106,not_in_use,0.0,52.01,0.0,64.16,90.09,27.42
2024-01-15 11:56:30,KF-G106,not_in_use,0.0,52.04,0.0,64.16,91.22,27.06
2024-01-15 11:57:00,KF-G106,not_in_use,0.0,51.91,0.0,64.16,94.14,25.41
2024-01-15 11:57:30,KF-G106,not_in_use,0.0,51.77,0.0,64.16,90.09,25.98
2024-01-15 11:58:00,KF-G106,not_in_use,0.0,52.14,0.0,64.16,91.55,23.97
2024-01-15 11:58:30,KF-G106,not_in_use,0.0,52.15,,64.16,87.35,25.98
2024-01-15 11:59:00,KF-G106,not_in_use,0.0,51.64,0.0,,92.55,26.11
2024-01-15 11:59:30,KF-G106,not_in_use,0.0,51.9,0.0,64.16,91.34,27.55
2024-01-15 06:00:00,KF-H107,in_use,22.2,50.64,18.15,99.93,91.49,26.42
2024-01-15 06:00:30,KF-H107,in_use,49.52,50.44,17.53,,89.45,26.05
2024-01-15 06:01:00,KF-H107,in_use,30.49,,17.67,99.81,92.91,25.58
2024-01-15 06:01:30,KF-H107,in_use,34.29,49.5,17.13,99.74,92.9,24.21
2024-01-15 06:02:00,KF-H107,in_use,28.73,,18.6,99.68,90.2,25.34
2024-01-15 06:02:30,KF-H107,in_use,37.32,50.64,19.75,99.62,91.62,27.2
2024-01-15 06:03:00,KF-H107,in_use,37.83,50.51,17.64,99.56,92.51,28.76
2024-01-15 06:03:30,KF-H107,in_use,39.45,50.81,17.51,,90.83,25.87
2024-01-15 06:04:00,KF-H107,in_use,43.59,50.18,17.8,99.41,90.61,32.21
2024-01-15 06:04:30,KF-H107,in_use,45.06,50.3,19.86,99.35,88.71,27.51
2024-01-15 06:05:00,KF-H107,in_use,27.79,50.82,15.9,99.28,96.03,25.92
2024-01-15 06:05:30,KF-H107,in_use,23.54,50.85,,99.2,94.09,27.12
2024-01-15 06:06:00,KF-H107,in_use,31.04,51.85,18.95,99.14,92.93,25.08
2024-01-15 06:06:30,KF-H107,in_use,24.14,50.97,21.43,99.06,90.84,29.51
2024-01-15 06:07:00,KF-H107,in_use,43.45,50.47,17.48,99.0,94.16,26.09
2024-01-15 06:07:30,KF-H107,in_use,37.98,50.13,18.13,98.94,90.83,27.15
2024-01-15 06:08:00,KF-H107,in_use,35.36,51.07,15.36,98.86,90.42,29.83
2024-01-15 06:08:30,KF-H107,in_use,34.77,49.55,18.09,98.81,90.24,24.99
2024-01-15 06:09:00,KF-H107,in_use,,51.21,20.13,98.75,93.97,27.51
2024-01-15 06:09:30,KF-H107,in_use,26.94,50.17,18.65,98.68,92.65,29.92
2024-01-15 06:10:00,KF-H107,in_use,41.31,49.75,13.13,98.62,91.45,24.64
2024-01-15 06:10:30,KF-H107,in_use,15.62,50.01,21.45,98.57,87.36,26.16
2024-01-15 06:11:00,KF-H107,in_use,,50.94,14.7,98.5,92.4,24.91
2024-01-15 06:11:30,KF-H107,in_use,38.29,50.12,21.26,98.44,90.16,25.56
2024-01-15 06:12:00,KF-H107,in_use,25.86,50.54,18.53,98.38,89.07,26.67
2024-01-15 06:12:30,KF-H107,in_use,24.29,50.52,15.16,98.31,92.38,25.21
2024-01-15 06:13:00,KF-H107,in_use,,50.22,18.56,98.27,92.21,27.6
2024-01-15 06:13:30,KF-H107,in_use,16.37,,18.37,98.2,89.87,26.3
2024-01-15 06:14:00,KF-H107,in_use,22.26,50.63,18.91,98.14,94.21,28.63
2024-01-15 06:14:30,KF-H107,in_use,42.69,50.6,16.34,98.09,92.12,29.15
2024-01-15 06:15:00,KF-H107,in_use,35.5,50.87,20.28,98.02,89.26,27.58
2024-01-15 06:15:30,KF-H107,in_use,38.59,50.65,16.85,97.95,89.09,26.55
2024-01-15 06:16:00,KF-H107,in_use,20.52,50.51,15.13,97.9,91.06,27.94
2024-01-15 06:16:30,KF-H107,in_use,35.79,50.75,20.71,97.84,91.26,26.02
2024-01-15 06:17:00,KF-H107,in_use,33.72,50.61,15.54,97.8,91.54,29.69
2024-01-15 06:17:30,KF-H107,in_use,,49.48,18.79,97.75,87.86,28.87
2024-01-15 06:18:00,KF-H107,in_use,37.02,50.31,21.09,97.69,92.83,25.67
2024-01-15 06:18:30,KF-H107,in_use,25.83,50.88,,97.61,91.49,26.82
2024-01-15 06:19:00,KF-H107,in_use,35.78,50.88,18.81,97.55,92.39,23.12
2024-01-15 06:19:30,KF-H107,in_use,29.04,50.86,17.83,97.5,90.99,26.6
2024-01-15 06:20:00,KF-H107,in_use,35.04,49.64,16.51,,90.44,26.2
2024-01-15 06:20:30,KF-H107,in_use,40.77,50.19,19.59,97.41,89.66,24.58
2024-01-15 06:21:00,KF-H107,in_use,,49.99,18.19,97.34,88.4,29.34
2024-01-15 06:21:30,KF-H107,in_use,33.88,50.49,18.13,97.29,90.99,
2024-01-15 06:22:00,KF-H107,in_use,45.63,50.71,20.49,97.22,90.67,28.84
2024-01-15 06:22:30,KF-H107,in_use,40.66,50.37,17.34,97.16,90.36,24.4
2024-01-15 06:23:00,KF-H107,in_use,41.02,50.75,20.54,97.11,89.64,23.93
2024-01-15 06:23:30,KF-H107,in_use,,50.74,16.08,97.05,91.56,25.3
2024-01-15 06:24:00,KF-H107,in_use,29.98,50.63,19.77,96.98,90.76,24.38
2024-01-15 06:24:30,KF-H107,in_use,36.0,50.35,21.18,96.92,90.78,25.2
2024-01-15 06:25:00,KF-H107,in_use,34.77,50.83,19.41,96.86,88.92,25.65
2024-01-15 06:25:30,KF-H107,in_use,41.52,50.34,19.66,96.8,93.21,25.64
2024-01-15 06:26:00,KF-H107,in_use,30.72,,16.82,96.75,92.36,27.06
2024-01-15 06:26:30,KF-H107,in_use,33.14,50.85,21.3,96.68,92.48,25.23
2024-01-15 06:27:00,KF-H107,in_use,31.98,50.39,21.3,96.65,94.81,27.12
2024-01-15 06:27:30,KF-H107,in_use,47.29,50.25,18.2,96.59,92.88,28.35
2024-01-15 06:28:00,KF-H107,in_use,42.27,49.87,17.39,96.54,90.85,28.72
2024-01-15 06:28:30,KF-H107,in_use,41.99,50.49,15.35,96.47,,26.51
2024-01-15 06:29:00,KF-H107,in_use,44.31,49.99,14.17,96.4,90.18,28.04
2024-01-15 06:29:30,KF-H107,in_use,33.67,50.36,17.08,96.34,88.8,27.97
2024-01-15 06:30:00,KF-H107,in_use,37.07,,17.09,96.27,92.11,29.09
2024-01-15 06:30:30,KF-H107,in_use,32.2,50.47,18.66,96.22,91.86,25.38
2024-01-15 06:31:00,KF-H107,in_use,41.02,50.85,20.61,96.19,,27.69
2024-01-15 06:31:30,KF-H107,in_use,30.99,51.0,15.24,96.12,89.72,25.84
2024-01-15 06:32:00,KF-H107,in_use,27.51,,17.66,,88.93,28.91
2024-01-15 06:32:30,KF-H107,in_use,32.71,50.52,16.77,96.01,90.85,24.9
2024-01-15 06:33:00,KF-H107,in_use,41.85,49.71,14.7,95.96,96.01,25.8
2024-01-15 06:33:30,KF-H107,in_use,57.69,50.22,18.7,95.9,89.15,27.82
2024-01-15 06:34:00,KF-H107,in_use,30.99,49.96,19.04,95.85,89.71,27.69
2024-01-15 06:34:30,KF-H107,in_use,40.66,50.34,15.13,95.78,89.58,24.98
2024-01-15 06:35:00,KF-H107,in_use,38.81,50.27,21.96,95.72,89.9,28.34
2024-01-15 06:35:30,KF-H107,in_use,38.16,50.67,23.38,95.67,91.76,28.22
2024-01-15 06:36:00,KF-H107,in_use,32.3,50.65,16.89,95.6,91.68,25.57
2024-01-15 06:36:30,KF-H107,in_use,58.61,50.43,18.59,95.51,88.89,28.6
2024-01-15 06:37:00,KF-H107,in_use,30.83,50.31,17.94,,,25.77
2024-01-15 06:37:30,KF-H107,in_use,27.21,51.57,19.56,95.39,91.92,25.95
2024-01-15 06:38:00,KF-H107,in_use,36.46,51.34,18.6,95.33,90.61,30.6
2024-01-15 06:38:30,KF-H107,in_use,37.33,50.13,17.55,95.26,89.38,29.23
2024-01-15 06:39:00,KF-H107,in_use,26.51,50.61,13.09,95.19,93.22,28.71
2024-01-15 06:39:30,KF-H107,in_use,35.08,50.64,19.13,95.15,92.45,27.94
2024-01-15 06:40:00,KF-H107,in_use,24.23,50.44,18.96,95.09,87.77,26.97
2024-01-15 06:40:30,KF-H107,in_use,31.95,50.53,18.63,95.01,90.91,27.95
2024-01-15 06:41:00,KF-H107,in_use,41.74,,18.17,94.94,90.52,27.27
2024-01-15 06:41:30,KF-H107,in_use,46.35,50.39,19.67,94.87,88.43,27.37
2024-01-15 06:42:00,KF-H107,in_use,34.4,,16.94,94.83,90.97,30.02
2024-01-15 06:42:30,KF-H107,in_use,,49.87,16.99,94.77,93.62,27.58
2024-01-15 06:43:00,KF-H107,in_use,,50.65,16.81,94.71,90.9,29.68
2024-01-15 06:43:30,KF-H107,in_use,28.53,50.49,17.9,94.65,90.87,28.43
2024-01-15 06:44:00,KF-H107,in_use,28.03,49.97,16.63,94.59,91.07,23.63
2024-01-15 06:44:30,KF-H107,in_use,36.1,50.22,21.66,94.53,91.37,26.66
2024-01-15 06:45:00,KF-H107,in_use,34.9,50.07,17.84,94.46,94.4,27.06
2024-01-15 06:45:30,KF-H107,in_use,35.3,49.78,19.66,94.4,90.3,27.22
2024-01-15 06:46:00,KF-H107,in_use,37.39,50.02,17.29,94.35,92.56,25.12
2024-01-15 06:46:30,KF-H107,in_use,47.33,49.94,20.33,94.3,93.0,25.77
2024-01-15 06:47:00,KF-H107,in_use,47.65,50.11,,94.25,91.75,26.27
2024-01-15 06:47:30,KF-H107,in_use,29.2,49.89,15.85,94.18,,26.86
2024-01-15 06:48:00,KF-H107,in_use,48.97,50.74,,94.12,94.49,
2024-01-15 06:48:30,KF-H107,in_use,32.06,50.21,17.44,94.05,93.93,27.78
2024-01-15 06:49:00,KF-H107,in_use,39.69,50.94,21.83,93.99,90.25,29.13
2024-01-15 06:49:30,KF-H107,in_use,41.15,50.71,17.47,93.9,90.75,30.27
2024-01-15 06:50:00,KF-H107,in_use,23.4,50.16,18.12,93.83,89.05,30.93
2024-01-15 06:50:30,KF-H107,in_use,44.5,50.01,18.45,93.77,90.69,27.1
2024-01-15 06:51:00,KF-H107,in_use,,49.63,17.55,93.71,91.76,26.17
2024-01-15 06:51:30,KF-H107,in_use,40.29,50.72,18.63,93.68,91.99,23.14
2024-01-15 06:52:00,KF-H107,in_use,30.08,50.96,18.36,93.61,91.16,26.34
2024-01-15 06:52:30,KF-H107,in_use,32.23,50.29,20.03,93.55,92.16,28.94
2024-01-15 06:53:00,KF-H107,in_use,38.58,50.6,,93.48,,28.65
2024-01-15 06:53:30,KF-H107,in_use,49.24,50.8,19.49,93.44,89.94,27.59
2024-01-15 06:54:00,KF-H107,in_use,36.32,49.34,17.02,93.39,,26.11
2024-01-15 06:54:30,KF-H107,in_use,44.83,50.46,19.59,93.33,88.94,24.47
2024-01-15 06:55:00,KF-H107,in_use,35.41,50.36,19.79,93.28,90.48,29.37
2024-01-15 06:55:30,KF-H107,in_use,43.9,50.2,,93.23,91.32,28.56
2024-01-15 06:56:00,KF-H107,in_use,,50.1,20.79,93.17,86.46,27.55
2024-01-15 06:56:30,KF-H107,in_use,20.77,50.44,16.33,93.12,90.07,26.96
2024-01-15 06:57:00,KF-H107,in_use,25.03,50.74,15.04,93.06,91.21,27.06
2024-01-15 06:57:30,KF-H107,in_use,31.21,50.9,19.08,93.0,89.49,24.08
2024-01-15 06:58:00,KF-H107,in_use,35.49,50.02,21.92,92.95,90.42,28.36
2024-01-15 06:58:30,KF-H107,in_use,43.98,51.07,17.1,92.89,90.4,24.73
2024-01-15 06:59:00,KF-H107,in_use,38.22,51.09,15.08,92.83,93.43,25.04
2024-01-15 06:59:30,KF-H107,in_use,49.04,50.5,16.96,92.79,87.17,
2024-01-15 07:00:00,KF-H107,in_use,20.33,50.42,21.22,92.73,90.29,29.29
2024-01-15 07:00:30,KF-H107,in_use,29.69,50.1,17.44,92.65,92.6,27.6
2024-01-15 07:01:00,KF-H107,in_use,28.84,50.93,17.56,92.6,90.11,26.44
2024-01-15 07:01:30,KF-H107,in_use,39.4,50.51,18.35,92.53,91.83,26.55
2024-01-15 07:02:00,KF-H107,in_use,,49.83,21.61,92.49,94.1,25.86
2024-01-15 07:02:30,KF-H107,in_use,40.01,50.76,14.9,92.43,95.07,31.81
2024-01-15 07:03:00,KF-H107,in_use,51.37,50.91,15.12,92.36,92.58,27.48
2024-01-15 07:03:30,KF-H107,in_use,31.16,50.23,17.9,92.3,88.15,28.03
2024-01-15 07:04:00,KF-H107,in_use,43.0,50.73,19.98,92.24,94.81,29.15
2024-01-15 07:04:30,KF-H107,in_use,29.28,50.47,19.33,92.18,89.76,28.79
2024-01-15 07:05:00,KF-H107,in_use,49.38,50.68,17.78,92.12,90.79,26.02
2024-01-15 07:05:30,KF-H107,in_use,44.94,50.95,22.12,92.07,89.63,26.65
2024-01-15 07:06:00,KF-H107,in_use,27.09,,17.49,92.02,90.59,24.77
2024-01-15 07:06:30,KF-H107,in_use,30.21,50.68,22.15,91.97,88.61,27.36
2024-01-15 07:07:00,KF-H107,in_use,,50.46,,91.92,91.25,26.14
2024-01-15 07:07:30,KF-H107,in_use,40.88,50.25,21.93,,91.28,26.49
2024-01-15 07:08:00,KF-H107,in_use,32.15,49.93,20.81,91.81,89.53,27.47
2024-01-15 07:08:30,KF-H107,in_use,34.05,50.79,17.36,91.74,91.73,26.1
2024-01-15 07:09:00,KF-H107,in_use,33.39,50.21,22.07,,91.97,27.14
2024-01-15 07:09:30,KF-H107,in_use,39.32,50.71,17.43,91.62,89.82,27.45
2024-01-15 07:10:00,KF-H107,in_use,28.94,51.37,20.45,91.56,92.18,30.62
2024-01-15 07:10:30,KF-H107,in_use,50.66,51.07,12.53,91.49,95.68,26.79
2024-01-15 07:11:00,KF-H107,in_use,36.27,50.87,12.89,91.45,90.4,30.09
2024-01-15 07:11:30,KF-H107,in_use,39.83,50.75,19.45,91.4,91.98,
2024-01-15 07:12:00,KF-H107,in_use,30.59,50.34,16.03,91.33,89.21,29.46
2024-01-15 07:12:30,KF-H107,in_use,30.18,50.31,19.09,91.28,89.7,31.26
2024-01-15 07:13:00,KF-H107,in_use,25.3,50.33,18.24,91.22,91.97,24.71
2024-01-15 07:13:30,KF-H107,in_use,45.28,50.21,20.06,91.15,91.68,25.56
2024-01-15 07:14:00,KF-H107,in_use,27.47,50.5,20.1,91.09,91.27,24.13
2024-01-15 07:14:30,KF-H107,in_use,44.22,50.33,18.0,91.04,93.13,28.09
2024-01-15 07:15:00,KF-H107,in_use,29.63,49.78,17.77,91.01,90.34,25.93
2024-01-15 07:15:30,KF-H107,in_use,40.6,50.69,19.23,90.95,91.33,30.16
2024-01-15 07:16:00,KF-H107,in_use,36.98,50.08,19.69,90.89,90.89,27.54
2024-01-15 07:16:30,KF-H107,in_use,41.56,50.75,19.45,90.83,90.21,26.13
2024-01-15 07:17:00,KF-H107,in_use,25.02,50.62,20.17,90.77,90.58,29.13
2024-01-15 07:17:30,KF-H107,in_use,41.69,50.62,22.5,,,25.36
2024-01-15 07:18:00,KF-H107,in_use,28.15,,16.4,90.65,89.88,
2024-01-15 07:18:30,KF-H107,in_use,20.95,50.48,17.61,90.6,90.7,27.58
2024-01-15 07:19:00,KF-H107,in_use,,50.57,,90.54,90.88,24.79
2024-01-15 07:19:30,KF-H107,in_use,22.4,50.73,16.95,90.47,93.06,
2024-01-15 07:20:00,KF-H107,in_use,28.67,50.49,,,,28.1
2024-01-15 07:20:30,KF-H107,in_use,29.39,50.15,16.37,90.35,92.91,24.24
2024-01-15 07:21:00,KF-H107,in_use,41.17,51.17,17.22,90.3,92.02,25.64
2024-01-15 07:21:30,KF-H107,in_use,35.67,50.51,18.3,90.25,89.2,26.69
2024-01-15 07:22:00,KF-H107,in_use,21.29,51.16,,90.2,87.76,27.94
2024-01-15 07:22:30,KF-H107,in_use,36.74,50.04,14.82,90.15,93.83,23.71
2024-01-15 07:23:00,KF-H107,in_use,29.53,50.15,17.37,90.09,89.48,28.72
2024-01-15 07:23:30,KF-H107,in_use,29.27,50.56,20.04,90.03,92.14,28.13
2024-01-15 07:24:00,KF-H107,in_use,36.26,50.9,16.97,89.97,90.88,27.34
2024-01-15 07:24:30,KF-H107,in_use,38.9,50.38,17.95,89.91,92.54,26.89
2024-01-15 07:25:00,KF-H107,in_use,36.96,50.42,16.53,89.84,93.09,
2024-01-15 07:25:30,KF-H107,in_use,42.65,49.54,19.79,89.78,90.99,
2024-01-15 07:26:00,KF-H107,in_use,36.26,50.7,,89.75,90.9,26.16
2024-01-15 07:26:30,KF-H107,in_use,38.1,50.69,18.43,89.68,90.22,24.86
2024-01-15 07:27:00,KF-H107,in_use,44.27,,21.2,89.62,89.22,26.06
2024-01-15 07:27:30,KF-H107,in_use,41.37,50.45,15.64,89.56,89.01,26.36
2024-01-15 07:28:00,KF-H107,in_use,32.73,50.45,14.76,89.49,89.9,22.46
2024-01-15 07:28:30,KF-H107,in_use,24.35,50.04,20.14,89.44,,27.72
2024-01-15 07:29:00,KF-H107,in_use,30.25,50.77,21.55,89.38,92.1,31.56
2024-01-15 07:29:30,KF-H107,in_use,33.65,50.67,15.17,89.32,92.4,24.03
2024-01-15 07:30:00,KF-H107,in_use,27.1,50.07,,89.25,91.42,26.91
2024-01-15 07:30:30,KF-H107,in_use,35.39,50.51,15.23,89.19,92.51,
2024-01-15 07:31:00,KF-H107,in_use,41.65,50.57,18.43,89.13,91.51,28.29
2024-01-15 07:31:30,KF-H107,in_use,42.06,49.43,18.88,89.06,90.56,27.15
2024-01-15 07:32:00,KF-H107,in_use,28.02,50.55,21.01,89.0,89.81,26.19
2024-01-15 07:32:30,KF-H107,in_use,9.4,50.43,18.36,88.93,95.2,25.52
2024-01-15 07:33:00,KF-H107,in_use,28.27,50.03,20.17,,89.13,23.69
2024-01-15 07:33:30,KF-H107,in_use,35.31,50.96,19.14,88.82,90.69,25.91
2024-01-15 07:34:00,KF-H107,in_use,31.86,49.87,21.35,88.75,87.12,24.25
2024-01-15 07:34:30,KF-H107,in_use,32.37,50.19,,88.69,90.9,28.77
2024-01-15 07:35:00,KF-H107,in_use,14.35,50.36,18.78,88.65,85.66,26.98
2024-01-15 07:35:30,KF-H107,in_use,35.26,,20.99,88.6,88.43,24.01
2024-01-15 07:36:00,KF-H107,in_use,26.43,50.81,19.21,88.55,93.52,28.12
2024-01-15 07:36:30,KF-H107,in_use,39.8,50.67,18.8,88.47,90.63,26.23
2024-01-15 07:37:00,KF-H107,in_use,31.33,,17.49,88.4,92.26,27.25
2024-01-15 07:37:30,KF-H107,in_use,30.46,50.35,17.17,88.33,91.77,26.67
2024-01-15 07:38:00,KF-H107,in_use,30.5,50.64,20.92,88.27,90.66,25.27
2024-01-15 07:38:30,KF-H107,in_use,41.08,50.36,18.38,88.2,93.48,27.08
2024-01-15 07:39:00,KF-H107,in_use,29.65,50.92,20.73,88.15,89.55,32.53
2024-01-15 07:39:30,KF-H107,in_use,32.79,50.22,15.43,88.09,89.12,26.61
2024-01-15 07:40:00,KF-H107,in_use,45.19,51.17,19.74,88.04,,25.7
2024-01-15 07:40:30,KF-H107,in_use,30.57,50.59,16.4,87.96,90.12,27.85
2024-01-15 07:41:00,KF-H107,in_use,30.57,49.95,15.83,87.89,89.14,24.79
2024-01-15 07:41:30,KF-H107,in_use,36.72,49.67,18.29,87.84,91.6,25.65
2024-01-15 07:42:00,KF-H107,in_use,32.7,50.28,19.68,87.78,93.48,24.79
2024-01-15 07:42:30,KF-H107,in_use,,50.5,20.7,87.72,90.47,27.0
2024-01-15 07:43:00,KF-H107,in_use,36.82,50.6,16.38,87.66,94.65,27.48
2024-01-15 07:43:30,KF-H107,in_use,42.41,50.18,19.08,87.61,90.09,30.18
2024-01-15 07:44:00,KF-H107,in_use,39.11,50.59,20.18,87.57,91.93,26.26
2024-01-15 07:44:30,KF-H107,in_use,31.86,50.85,14.84,,92.3,29.52
2024-01-15 07:45:00,KF-H107,in_use,34.16,50.21,21.89,87.46,92.14,22.8
2024-01-15 07:45:30,KF-H107,in_use,35.81,50.21,19.26,87.41,88.73,25.84
2024-01-15 07:46:00,KF-H107,in_use,8.69,50.62,19.73,87.36,90.18,26.45
2024-01-15 07:46:30,KF-H107,in_use,51.41,49.67,15.23,87.3,92.12,23.45
2024-01-15 07:47:00,KF-H107,in_use,21.9,51.05,15.45,87.23,89.39,28.0
2024-01-15 07:47:30,KF-H107,in_use,35.16,50.27,16.95,87.17,91.29,25.83
2024-01-15 07:48:00,KF-H107,in_use,37.66,51.06,18.73,87.09,89.29,30.53
2024-01-15 07:48:30,KF-H107,in_use,42.02,50.44,22.74,87.03,91.07,26.83
2024-01-15 07:49:00,KF-H107,in_use,25.78,50.46,15.0,86.98,88.66,
2024-01-15 07:49:30,KF-H107,in_use,29.97,50.53,21.64,86.91,92.25,26.78
2024-01-15 07:50:00,KF-H107,in_use,23.97,50.78,18.69,86.84,93.2,25.74
2024-01-15 07:50:30,KF-H107,in_use,25.51,50.07,,86.79,90.33,25.18
2024-01-15 07:51:00,KF-H107,in_use,31.65,50.24,20.05,86.74,93.55,25.97
2024-01-15 07:51:30,KF-H107,in_use,31.09,,16.2,86.67,89.21,23.66
2024-01-15 07:52:00,KF-H107,in_use,20.82,50.36,17.07,86.6,93.96,27.34
2024-01-15 07:52:30,KF-H107,in_use,38.74,49.75,13.69,86.56,90.24,24.2
2024-01-15 07:53:00,KF-H107,in_use,49.26,49.69,17.15,86.5,91.63,26.54
2024-01-15 07:53:30,KF-H107,in_use,34.75,50.71,15.37,86.43,88.04,22.62
2024-01-15 07:54:00,KF-H107,in_use,29.17,51.03,16.08,86.36,90.57,26.53
2024-01-15 07:54:30,KF-H107,in_use,37.87,50.63,15.43,86.31,95.96,29.7
2024-01-15 07:55:00,KF-H107,in_use,35.47,50.82,,86.25,93.05,25.36
2024-01-15 07:55:30,KF-H107,in_use,43.51,49.64,,86.19,90.18,24.66
2024-01-15 07:56:00,KF-H107,in_use,45.74,50.68,18.41,86.14,92.41,
2024-01-15 07:56:30,KF-H107,in_use,37.57,50.32,17.71,86.1,91.88,26.95
2024-01-15 07:57:00,KF-H107,in_use,47.57,50.18,18.21,86.05,87.82,25.26
2024-01-15 07:57:30,KF-H107,in_use,32.24,50.5,15.55,,89.84,28.58
2024-01-15 07:58:00,KF-H107,in_use,39.91,,16.42,85.93,91.4,
2024-01-15 07:58:30,KF-H107,in_use,43.24,50.79,19.23,85.88,90.52,28.46
2024-01-15 07:59:00,KF-H107,in_use,30.23,,19.69,85.83,92.26,29.01
2024-01-15 07:59:30,KF-H107,in_use,31.05,50.69,16.52,85.77,90.68,26.11
2024-01-15 08:00:00,KF-H107,in_use,31.37,,18.91,85.71,90.78,25.22
2024-01-15 08:00:30,KF-H107,in_use,34.33,49.45,17.41,85.65,92.71,25.77
2024-01-15 08:01:00,KF-H107,in_use,34.56,50.84,17.38,85.59,89.73,25.52
2024-01-15 08:01:30,KF-H107,in_use,32.5,49.32,19.85,85.52,91.72,26.82
2024-01-15 08:02:00,KF-H107,in_use,41.8,50.37,17.65,85.47,90.57,29.67
2024-01-15 08:02:30,KF-H107,in_use,,50.72,19.59,85.41,96.04,24.64
2024-01-15 08:03:00,KF-H107,in_use,24.8,51.19,16.25,85.35,91.17,23.2
2024-01-15 08:03:30,KF-H107,in_use,35.72,51.22,21.92,85.27,91.8,26.58
2024-01-15 08:04:00,KF-H107,in_use,43.56,51.77,18.85,85.19,89.42,26.04
2024-01-15 08:04:30,KF-H107,in_use,39.74,50.26,14.24,,92.51,29.42
2024-01-15 08:05:00,KF-H107,in_use,31.17,50.17,15.8,85.08,93.74,21.72
2024-01-15 08:05:30,KF-H107,in_use,37.84,50.05,16.53,,,24.99
2024-01-15 08:06:00,KF-H107,in_use,39.4,50.02,13.75,84.97,88.89,28.53
2024-01-15 08:06:30,KF-H107,in_use,37.35,50.25,16.7,84.89,90.62,26.93
2024-01-15 08:07:00,KF-H107,in_use,,,18.87,84.85,92.28,28.86
2024-01-15 08:07:30,KF-H107,in_use,26.44,50.22,18.76,84.76,94.26,26.11
2024-01-15 08:08:00,KF-H107,in_use,,50.37,20.39,84.71,90.41,27.86
2024-01-15 08:08:30,KF-H107,in_use,42.41,50.98,14.97,84.65,89.77,25.4
2024-01-15 08:09:00,KF-H107,in_use,34.36,,17.21,84.59,89.67,27.17
2024-01-15 08:09:30,KF-H107,in_use,31.86,50.32,20.19,84.53,90.59,26.0
2024-01-15 08:10:00,KF-H107,in_use,24.69,50.62,21.88,84.49,92.77,26.58
2024-01-15 08:10:30,KF-H107,in_use,29.95,50.52,21.63,84.43,91.13,25.04
2024-01-15 08:11:00,KF-H107,in_use,28.18,50.64,18.69,84.37,88.31,27.35
2024-01-15 08:11:30,KF-H107,in_use,46.04,49.93,20.11,84.31,91.5,26.36
2024-01-15 08:12:00,KF-H107,in_use,39.52,50.17,18.01,84.25,89.91,29.48
2024-01-15 08:12:30,KF-H107,in_use,17.62,51.03,20.46,84.19,91.33,
2024-01-15 08:13:00,KF-H107,in_use,42.75,50.88,13.48,84.12,89.21,24.79
2024-01-15 08:13:30,KF-H107,in_use,31.11,50.01,19.59,84.06,89.39,27.54
2024-01-15 08:14:00,KF-H107,in_use,41.78,50.31,17.53,84.0,88.47,27.41
2024-01-15 08:14:30,KF-H107,in_use,44.74,50.85,16.03,83.94,90.79,25.23
2024-01-15 08:15:00,KF-H107,in_use,26.3,49.92,20.31,83.89,90.08,26.32
2024-01-15 08:15:30,KF-H107,in_use,23.27,50.75,13.0,83.84,92.08,27.69
2024-01-15 08:16:00,KF-H107,in_use,37.61,50.31,18.75,83.78,92.37,22.69
2024-01-15 08:16:30,KF-H107,in_use,34.43,50.29,16.55,83.73,91.93,27.01
2024-01-15 08:17:00,KF-H107,in_use,35.58,50.86,21.43,83.68,90.96,27.63
2024-01-15 08:17:30,KF-H107,in_use,29.74,49.92,17.03,83.63,88.92,28.58
2024-01-15 08:18:00,KF-H107,in_use,27.83,50.22,19.91,83.59,89.09,26.07
2024-01-15 08:18:30,KF-H107,in_use,43.93,50.03,16.54,83.53,92.43,26.15
2024-01-15 08:19:00,KF-H107,in_use,37.9,51.21,,83.48,85.67,27.76
2024-01-15 08:19:30,KF-H107,in_use,30.48,50.51,12.07,83.42,92.02,28.36
2024-01-15 08:20:00,KF-H107,in_use,19.01,,13.98,83.36,90.68,26.62
2024-01-15 08:20:30,KF-H107,in_use,29.88,49.72,,83.29,88.09,27.35
2024-01-15 08:21:00,KF-H107,in_use,23.79,50.51,21.14,83.22,88.77,26.08
2024-01-15 08:21:30,KF-H107,in_use,28.48,,18.1,83.16,91.47,29.21
2024-01-15 08:22:00,KF-H107,in_use,39.98,50.01,22.5,83.08,,26.68
2024-01-15 08:22:30,KF-H107,in_use,41.9,50.85,17.12,83.03,92.46,26.96
2024-01-15 08:23:00,KF-H107,in_use,40.57,50.4,15.64,82.97,91.42,24.98
2024-01-15 08:23:30,KF-H107,in_use,32.1,50.28,20.05,82.91,90.48,27.27
2024-01-15 08:24:00,KF-H107,in_use,34.01,50.22,17.86,82.87,95.02,27.74
2024-01-15 08:24:30,KF-H107,in_use,37.09,51.11,19.32,82.79,89.63,23.9
2024-01-15 08:25:00,KF-H107,in_use,23.09,50.19,19.98,82.73,92.09,25.34
2024-01-15 08:25:30,KF-H107,in_use,34.35,50.72,16.55,82.67,88.4,25.41
2024-01-15 08:26:00,KF-H107,in_use,43.57,51.39,15.9,82.62,90.54,24.66
2024-01-15 08:26:30,KF-H107,in_use,43.93,50.53,18.28,82.55,93.11,29.61
2024-01-15 08:27:00,KF-H107,in_use,45.23,51.02,17.26,82.5,91.52,
2024-01-15 08:27:30,KF-H107,in_use,27.44,51.05,20.65,82.44,87.87,23.55
2024-01-15 08:28:00,KF-H107,in_use,44.36,50.29,20.03,82.38,91.82,26.92
2024-01-15 08:28:30,KF-H107,in_use,47.42,50.31,19.87,82.32,92.18,26.11
2024-01-15 08:29:00,KF-H107,in_use,43.67,,17.19,82.26,,27.55
2024-01-15 08:29:30,KF-H107,in_use,43.64,49.94,19.88,82.19,92.03,30.19
2024-01-15 08:30:00,KF-H107,in_use,43.16,50.24,18.58,82.12,95.22,26.03
2024-01-15 08:30:30,KF-H107,in_use,48.62,50.44,18.98,82.07,89.26,28.02
2024-01-15 08:31:00,KF-H107,in_use,37.12,49.83,20.22,82.01,,28.13
2024-01-15 08:31:30,KF-H107,in_use,41.11,50.02,19.74,81.95,95.41,27.23
2024-01-15 08:32:00,KF-H107,in_use,34.48,50.01,18.22,81.88,89.95,27.11
2024-01-15 08:32:30,KF-H107,in_use,25.07,49.98,17.38,81.82,,29.24
2024-01-15 08:33:00,KF-H107,in_use,,50.22,,81.77,90.94,25.35
2024-01-15 08:33:30,KF-H107,in_use,36.46,50.51,17.08,81.73,95.33,24.44
2024-01-15 08:34:00,KF-H107,in_use,30.27,51.06,17.26,81.65,91.86,24.23
2024-01-15 08:34:30,KF-H107,in_use,50.33,50.11,18.61,81.59,94.27,25.72
2024-01-15 08:35:00,KF-H107,in_use,43.77,50.51,19.8,81.53,92.53,24.91
2024-01-15 08:35:30,KF-H107,in_use,39.37,50.69,17.94,81.45,93.02,27.86
2024-01-15 08:36:00,KF-H107,in_use,31.48,50.34,15.26,81.41,88.78,27.48
2024-01-15 08:36:30,KF-H107,in_use,29.41,50.63,18.85,81.35,90.69,26.24
2024-01-15 08:37:00,KF-H107,in_use,41.95,50.77,21.43,81.3,92.67,24.6
2024-01-15 08:37:30,KF-H107,in_use,28.72,50.4,17.46,81.24,93.99,26.79
2024-01-15 08:38:00,KF-H107,in_use,,50.46,16.87,81.16,95.37,29.24
2024-01-15 08:38:30,KF-H107,in_use,20.6,50.21,14.69,81.09,87.0,26.05
2024-01-15 08:39:00,KF-H107,in_use,36.12,50.78,17.17,81.02,92.82,24.43
2024-01-15 08:39:30,KF-H107,in_use,36.81,51.35,19.3,80.96,89.99,26.58
2024-01-15 08:40:00,KF-H107,in_use,30.92,49.66,17.3,80.91,87.5,28.41
2024-01-15 08:40:30,KF-H107,in_use,46.61,50.65,19.37,80.85,89.97,25.98
2024-01-15 08:41:00,KF-H107,in_use,33.39,,21.07,80.77,92.63,29.23
2024-01-15 08:41:30,KF-H107,in_use,30.9,50.37,20.88,80.71,92.62,28.61
2024-01-15 08:42:00,KF-H107,in_use,27.89,50.47,17.95,80.65,92.58,26.65
2024-01-15 08:42:30,KF-H107,in_use,42.46,,16.3,80.61,89.14,25.47
2024-01-15 08:43:00,KF-H107,in_use,37.9,50.75,21.37,80.55,90.76,27.19
2024-01-15 08:43:30,KF-H107,in_use,44.99,,18.98,80.48,92.84,26.11
2024-01-15 08:44:00,KF-H107,in_use,32.01,50.61,15.7,80.4,87.81,
2024-01-15 08:44:30,KF-H107,in_use,27.21,50.59,19.98,80.36,94.73,26.6
2024-01-15 08:45:00,KF-H107,in_use,41.34,50.66,15.52,80.32,94.52,26.25
2024-01-15 08:45:30,KF-H107,in_use,43.68,50.7,16.88,80.27,89.38,25.93
2024-01-15 08:46:00,KF-H107,in_use,40.58,50.73,21.42,80.21,89.26,26.14
2024-01-15 08:46:30,KF-H107,in_use,24.95,50.98,17.75,80.16,86.96,25.98
2024-01-15 08:47:00,KF-H107,in_use,32.05,51.07,19.54,80.09,90.76,27.87
2024-01-15 08:47:30,KF-H107,in_use,31.01,50.68,17.72,80.01,88.29,27.46
2024-01-15 08:48:00,KF-H107,in_use,36.89,50.29,13.72,79.95,89.34,30.12
2024-01-15 08:48:30,KF-H107,in_use,,49.91,17.48,79.9,89.85,25.33
2024-01-15 08:49:00,KF-H107,in_use,49.44,50.56,17.87,79.83,92.33,28.06
2024-01-15 08:49:30,KF-H107,in_use,31.44,50.58,19.83,79.77,90.87,24.34
2024-01-15 08:50:00,KF-H107,in_use,31.03,50.84,17.51,79.7,88.0,22.9
2024-01-15 08:50:30,KF-H107,in_use,26.9,50.04,15.02,79.64,93.62,
2024-01-15 08:51:00,KF-H107,in_use,23.92,50.48,19.78,79.59,92.62,25.44
2024-01-15 08:51:30,KF-H107,in_use,24.39,50.11,17.54,79.54,91.14,25.54
2024-01-15 08:52:00,KF-H107,in_use,39.86,50.39,17.56,79.49,90.97,27.29
2024-01-15 08:52:30,KF-H107,in_use,24.56,50.36,20.17,79.43,92.63,29.65
2024-01-15 08:53:00,KF-H107,in_use,40.4,50.06,19.91,79.36,91.7,24.05
2024-01-15 08:53:30,KF-H107,in_use,50.83,50.76,20.25,79.31,92.55,27.3
2024-01-15 08:54:00,KF-H107,in_use,50.05,50.51,18.86,79.25,91.99,27.59
2024-01-15 08:54:30,KF-H107,in_use,26.97,50.63,,79.2,90.6,25.52
2024-01-15 08:55:00,KF-H107,in_use,,51.38,17.11,79.13,89.25,25.02
2024-01-15 08:55:30,KF-H107,in_use,47.45,49.89,21.17,79.06,88.57,27.32
2024-01-15 08:56:00,KF-H107,in_use,33.88,,15.17,79.0,90.11,28.04
2024-01-15 08:56:30,KF-H107,in_use,39.28,50.88,19.11,78.94,92.82,28.43
2024-01-15 08:57:00,KF-H107,in_use,42.58,50.87,21.36,78.88,92.6,26.17
2024-01-15 08:57:30,KF-H107,in_use,30.95,50.4,19.0,78.83,,25.37
2024-01-15 08:58:00,KF-H107,in_use,33.48,51.17,18.93,78.77,91.52,26.47
2024-01-15 08:58:30,KF-H107,in_use,32.03,51.34,,78.7,93.54,29.38
2024-01-15 08:59:00,KF-H107,in_use,39.5,49.63,14.33,78.63,94.46,25.71
2024-01-15 08:59:30,KF-H107,in_use,31.89,50.52,20.98,78.56,90.48,25.07
2024-01-15 09:00:00,KF-H107,in_use,43.97,50.66,16.71,78.49,89.83,
2024-01-15 09:00:30,KF-H107,in_use,38.72,49.95,17.4,78.41,88.14,28.58
2024-01-15 09:01:00,KF-H107,in_use,33.75,50.53,16.41,78.36,92.63,27.11
2024-01-15 09:01:30,KF-H107,in_use,32.26,50.82,20.22,78.31,91.39,22.79
2024-01-15 09:02:00,KF-H107,in_use,,50.26,17.15,78.28,91.62,28.1
2024-01-15 09:02:30,KF-H107,in_use,35.35,49.96,19.16,78.23,88.17,28.36
2024-01-15 09:03:00,KF-H107,in_use,39.75,50.44,20.66,78.18,93.99,24.26
2024-01-15 09:03:30,KF-H107,in_use,37.71,50.67,18.92,78.12,96.04,29.39
2024-01-15 09:04:00,KF-H107,in_use,39.35,50.1,21.01,78.05,89.34,25.87
2024-01-15 09:04:30,KF-H107,in_use,32.08,49.81,17.64,78.0,88.38,27.33
2024-01-15 09:05:00,KF-H107,in_use,29.08,50.13,18.84,77.94,89.05,25.03
2024-01-15 09:05:30,KF-H107,in_use,32.7,50.13,19.3,77.88,88.96,29.49
2024-01-15 09:06:00,KF-H107,in_use,41.08,50.71,16.96,77.84,91.08,26.82
2024-01-15 09:06:30,KF-H107,in_use,21.62,50.75,17.99,77.79,92.16,24.07
2024-01-15 09:07:00,KF-H107,in_use,29.99,51.65,15.77,77.72,,27.59
2024-01-15 09:07:30,KF-H107,in_use,23.51,50.2,17.72,77.67,90.57,23.35
2024-01-15 09:08:00,KF-H107,in_use,22.57,50.39,16.09,77.6,87.16,24.97
2024-01-15 09:08:30,KF-H107,in_use,39.44,51.15,20.41,77.55,90.09,26.47
2024-01-15 09:09:00,KF-H107,in_use,26.43,49.93,19.45,77.49,90.74,28.55
2024-01-15 09:09:30,KF-H107,in_use,30.95,49.92,17.48,77.44,92.12,26.06
2024-01-15 09:10:00,KF-H107,in_use,28.53,50.89,19.79,77.39,89.99,24.48
2024-01-15 09:10:30,KF-H107,in_use,31.1,50.64,20.29,77.33,90.16,24.72
2024-01-15 09:11:00,KF-H107,in_use,34.14,50.42,17.51,77.27,93.01,26.92
2024-01-15 09:11:30,KF-H107,in_use,,50.45,18.21,77.21,93.03,28.29
2024-01-15 09:12:00,KF-H107,in_use,44.39,50.25,20.76,77.14,89.93,28.17
2024-01-15 09:12:30,KF-H107,in_use,42.32,50.51,14.69,77.09,92.33,27.17
2024-01-15 09:13:00,KF-H107,in_use,34.67,50.95,20.17,77.02,89.92,27.59
2024-01-15 09:13:30,KF-H107,in_use,24.65,50.39,17.63,76.96,95.61,25.01
2024-01-15 09:14:00,KF-H107,in_use,23.53,50.49,20.68,76.92,90.3,26.57
2024-01-15 09:14:30,KF-H107,in_use,38.17,50.45,19.46,76.84,91.7,26.86
2024-01-15 09:15:00,KF-H107,in_use,36.63,50.15,15.95,76.78,90.43,28.82
2024-01-15 09:15:30,KF-H107,in_use,30.17,50.49,15.26,76.71,91.95,25.4
2024-01-15 09:16:00,KF-H107,in_use,31.21,50.39,19.28,76.66,89.5,24.06
2024-01-15 09:16:30,KF-H107,in_use,49.62,50.45,13.39,76.6,88.68,22.44
2024-01-15 09:17:00,KF-H107,in_use,35.68,50.18,16.12,76.53,94.08,23.39
2024-01-15 09:17:30,KF-H107,in_use,26.01,50.36,18.43,76.48,91.7,26.94
2024-01-15 09:18:00,KF-H107,in_use,39.91,50.92,18.04,76.41,92.28,27.85
2024-01-15 09:18:30,KF-H107,in_use,33.73,50.76,21.68,76.35,91.75,30.8
2024-01-15 09:19:00,KF-H107,in_use,28.55,50.33,18.2,76.29,90.44,27.54
2024-01-15 09:19:30,KF-H107,in_use,31.9,51.66,18.8,76.23,89.72,23.72
2024-01-15 09:20:00,KF-H107,in_use,27.6,50.2,20.62,76.16,,
2024-01-15 09:20:30,KF-H107,in_use,54.73,50.25,17.41,76.1,90.19,29.8
2024-01-15 09:21:00,KF-H107,in_use,31.13,50.3,14.49,76.04,92.77,28.92
2024-01-15 09:21:30,KF-H107,in_use,31.9,50.17,17.67,75.97,92.02,31.33
2024-01-15 09:22:00,KF-H107,in_use,28.54,50.7,16.44,75.91,93.16,
2024-01-15 09:22:30,KF-H107,in_use,55.25,50.54,18.67,75.85,93.54,31.66
2024-01-15 09:23:00,KF-H107,in_use,37.06,50.46,,75.79,87.7,25.26
2024-01-15 09:23:30,KF-H107,in_use,26.76,50.31,16.31,75.72,,26.29
2024-01-15 09:24:00,KF-H107,in_use,27.87,50.47,14.21,75.64,91.55,25.47
2024-01-15 09:24:30,KF-H107,in_use,42.14,50.54,21.74,75.59,,26.95
2024-01-15 09:25:00,KF-H107,in_use,22.69,51.17,20.11,75.54,89.04,27.83
2024-01-15 09:25:30,KF-H107,in_use,39.74,49.88,16.56,75.46,90.21,25.54
2024-01-15 09:26:00,KF-H107,in_use,45.42,51.23,,75.39,91.33,29.86
2024-01-15 09:26:30,KF-H107,in_use,46.72,50.34,17.02,75.33,87.29,27.72
2024-01-15 09:27:00,KF-H107,in_use,23.13,,16.73,75.27,91.04,27.32
2024-01-15 09:27:30,KF-H107,in_use,32.49,50.84,17.76,75.2,89.56,27.29
2024-01-15 09:28:00,KF-H107,in_use,36.76,,14.9,75.15,90.65,22.48
2024-01-15 09:28:30,KF-H107,in_use,35.72,50.4,20.61,75.09,88.79,25.55
2024-01-15 09:29:00,KF-H107,in_use,50.51,50.96,14.75,75.02,93.12,25.3
2024-01-15 09:29:30,KF-H107,in_use,32.65,,12.65,74.97,92.05,26.49
2024-01-15 09:30:00,KF-H107,in_use,31.45,50.25,15.18,74.89,91.2,26.49
2024-01-15 09:30:30,KF-H107,in_use,41.46,50.39,17.7,74.83,90.96,24.13
2024-01-15 09:31:00,KF-H107,in_use,46.88,50.83,20.46,74.77,93.05,25.29
2024-01-15 09:31:30,KF-H107,in_use,14.17,50.84,22.14,74.69,90.05,23.31
2024-01-15 09:32:00,KF-H107,in_use,29.72,50.4,23.55,74.63,89.19,28.17
2024-01-15 09:32:30,KF-H107,in_use,23.87,50.38,19.66,74.58,89.2,
2024-01-15 09:33:00,KF-H107,in_use,43.05,50.58,20.2,74.52,91.5,23.29
2024-01-15 09:33:30,KF-H107,in_use,39.31,51.32,17.91,74.46,91.61,25.12
2024-01-15 09:34:00,KF-H107,in_use,44.88,50.76,19.1,74.41,91.51,28.97
2024-01-15 09:34:30,KF-H107,in_use,38.09,50.42,18.81,74.34,94.63,24.31
2024-01-15 09:35:00,KF-H107,in_use,39.27,51.12,18.31,74.29,90.59,25.36
2024-01-15 09:35:30,KF-H107,in_use,23.52,51.39,20.18,74.23,89.4,25.36
2024-01-15 09:36:00,KF-H107,in_use,53.41,50.16,20.42,74.16,88.7,26.73
2024-01-15 09:36:30,KF-H107,in_use,45.68,,,74.09,86.63,28.23
2024-01-15 09:37:00,KF-H107,in_use,48.52,50.59,15.21,74.03,94.25,26.67
2024-01-15 09:37:30,KF-H107,in_use,37.69,50.61,19.23,,93.64,23.5
2024-01-15 09:38:00,KF-H107,in_use,,50.7,19.73,73.91,89.46,29.66
2024-01-15 09:38:30,KF-H107,in_use,39.89,51.47,16.73,73.86,92.09,28.85
2024-01-15 09:39:00,KF-H107,in_use,21.94,51.18,20.57,73.79,91.88,30.08
2024-01-15 09:39:30,KF-H107,in_use,34.49,50.36,18.44,73.73,94.01,27.43
2024-01-15 09:40:00,KF-H107,in_use,44.97,50.62,18.83,73.66,89.65,28.69
2024-01-15 09:40:30,KF-H107,in_use,35.33,50.9,19.12,73.6,91.57,26.0
2024-01-15 09:41:00,KF-H107,in_use,29.45,50.26,18.88,73.54,84.47,26.2
2024-01-15 09:41:30,KF-H107,in_use,34.95,50.89,19.09,73.49,91.6,27.12
2024-01-15 09:42:00,KF-H107,in_use,28.22,50.36,17.75,73.43,87.46,28.61
2024-01-15 09:42:30,KF-H107,in_use,33.94,50.62,18.04,73.35,92.15,25.38
2024-01-15 09:43:00,KF-H107,in_use,31.85,50.64,15.54,73.29,93.45,26.74
2024-01-15 09:43:30,KF-H107,in_use,,50.43,19.51,73.22,94.29,28.65
2024-01-15 09:44:00,KF-H107,in_use,36.68,50.14,14.1,73.17,94.04,25.44
2024-01-15 09:44:30,KF-H107,in_use,37.06,49.95,15.04,73.1,89.57,27.49
2024-01-15 09:45:00,KF-H107,in_use,28.36,49.64,20.48,73.02,,28.62
2024-01-15 09:45:30,KF-H107,in_use,35.97,50.23,21.16,72.97,96.76,28.04
2024-01-15 09:46:00,KF-H107,in_use,27.92,50.56,18.28,72.88,90.17,26.18
2024-01-15 09:46:30,KF-H107,in_use,35.11,50.33,16.61,72.82,91.59,26.78
2024-01-15 09:47:00,KF-H107,in_use,46.09,50.32,19.97,72.76,93.47,
2024-01-15 09:47:30,KF-H107,in_use,42.32,50.66,17.43,72.72,92.21,28.6
2024-01-15 09:48:00,KF-H107,in_use,32.04,50.76,16.7,72.65,88.85,23.65
2024-01-15 09:48:30,KF-H107,in_use,25.36,50.55,18.25,72.61,92.24,28.63
2024-01-15 09:49:00,KF-H107,in_use,30.01,50.93,17.45,72.55,89.1,26.08
2024-01-15 09:49:30,KF-H107,in_use,29.24,50.13,16.56,72.5,93.31,26.78
2024-01-15 09:50:00,KF-H107,in_use,21.64,50.02,13.64,72.44,90.76,28.67
2024-01-15 09:50:30,KF-H107,in_use,33.84,50.08,19.66,72.37,89.98,26.4
2024-01-15 09:51:00,KF-H107,in_use,33.77,50.26,17.58,72.34,94.1,26.93
2024-01-15 09:51:30,KF-H107,in_use,37.09,50.88,19.2,72.29,92.79,26.64
2024-01-15 09:52:00,KF-H107,in_use,47.35,50.32,21.47,72.22,,28.06
2024-01-15 09:52:30,KF-H107,in_use,,50.14,15.52,72.15,91.46,28.41
2024-01-15 09:53:00,KF-H107,in_use,23.34,50.27,17.67,72.08,92.73,28.54
2024-01-15 09:53:30,KF-H107,in_use,34.18,50.7,,72.02,92.65,24.63
2024-01-15 09:54:00,KF-H107,in_use,35.65,50.58,19.16,71.97,86.2,26.34
2024-01-15 09:54:30,KF-H107,in_use,37.91,51.2,18.6,71.9,89.75,28.85
2024-01-15 09:55:00,KF-H107,in_use,32.47,50.35,15.1,71.85,92.18,27.67
2024-01-15 09:55:30,KF-H107,in_use,39.04,50.53,16.73,71.8,94.51,28.05
2024-01-15 09:56:00,KF-H107,in_use,36.4,50.54,18.41,71.74,89.63,25.05
2024-01-15 09:56:30,KF-H107,in_use,47.13,50.42,19.65,71.66,91.5,26.76
2024-01-15 09:57:00,KF-H107,in_use,46.45,50.2,19.55,71.6,93.65,25.97
2024-01-15 09:57:30,KF-H107,in_use,36.03,50.07,16.22,71.55,91.66,24.07
2024-01-15 09:58:00,KF-H107,in_use,,49.92,16.73,71.5,92.92,26.96
2024-01-15 09:58:30,KF-H107,in_use,47.21,50.61,13.58,71.43,90.24,26.32
2024-01-15 09:59:00,KF-H107,in_use,45.47,,19.26,71.39,,26.16
2024-01-15 09:59:30,KF-H107,in_use,40.29,49.69,20.51,71.35,89.02,31.25
2024-01-15 10:00:00,KF-H107,in_use,57.92,50.16,15.67,71.29,91.72,27.58
2024-01-15 10:00:30,KF-H107,in_use,21.23,50.34,21.9,71.23,89.96,26.38
2024-01-15 10:01:00,KF-H107,in_use,33.09,50.96,16.83,,89.8,30.08
2024-01-15 10:01:30,KF-H107,in_use,33.02,50.2,,71.11,89.15,28.56
2024-01-15 10:02:00,KF-H107,in_use,35.2,50.25,19.9,71.04,89.91,27.58
2024-01-15 10:02:30,KF-H107,in_use,37.53,50.22,18.69,70.98,90.07,30.11
2024-01-15 10:03:00,KF-H107,in_use,33.32,50.09,16.65,,93.42,
2024-01-15 10:03:30,KF-H107,in_use,53.55,50.86,16.93,70.88,90.72,26.31
2024-01-15 10:04:00,KF-H107,in_use,42.96,51.25,15.26,70.83,88.74,26.1
2024-01-15 10:04:30,KF-H107,in_use,35.16,50.58,18.77,70.76,94.92,24.68
2024-01-15 10:05:00,KF-H107,in_use,38.04,50.81,15.44,70.7,88.43,
2024-01-15 10:05:30,KF-H107,in_use,42.19,50.05,17.81,70.63,91.45,27.65
2024-01-15 10:06:00,KF-H107,in_use,42.75,50.29,19.43,70.56,93.41,25.97
2024-01-15 10:06:30,KF-H107,in_use,21.43,50.95,19.04,70.51,91.14,29.12
2024-01-15 10:07:00,KF-H107,in_use,26.56,50.49,16.7,70.46,89.76,26.69
2024-01-15 10:07:30,KF-H107,in_use,36.11,50.67,18.87,70.41,90.4,30.92
2024-01-15 10:08:00,KF-H107,in_use,41.58,50.81,16.98,70.37,92.17,28.04
2024-01-15 10:08:30,KF-H107,in_use,35.18,,15.94,70.32,89.38,31.59
2024-01-15 10:09:00,KF-H107,in_use,34.29,,21.19,70.25,91.24,
2024-01-15 10:09:30,KF-H107,in_use,28.52,,14.11,70.18,90.8,27.58
2024-01-15 10:10:00,KF-H107,in_use,42.64,51.04,17.94,70.11,,29.14
2024-01-15 10:10:30,KF-H107,in_use,29.29,49.96,17.51,70.04,91.81,27.27
2024-01-15 10:11:00,KF-H107,in_use,30.8,50.1,18.41,69.99,92.09,27.31
2024-01-15 10:11:30,KF-H107,in_use,13.12,50.62,16.63,69.91,89.3,28.26
2024-01-15 10:12:00,KF-H107,in_use,30.66,50.34,19.6,69.85,89.04,27.03
2024-01-15 10:12:30,KF-H107,in_use,34.65,50.9,16.11,69.79,91.56,25.3
2024-01-15 10:13:00,KF-H107,in_use,,50.36,16.75,69.73,91.44,24.11
2024-01-15 10:13:30,KF-H107,in_use,33.95,50.77,19.93,69.69,91.23,28.88
2024-01-15 10:14:00,KF-H107,in_use,,51.03,,69.63,92.16,29.98
2024-01-15 10:14:30,KF-H107,in_use,33.99,50.54,16.67,69.59,92.58,
2024-01-15 10:15:00,KF-H107,in_use,34.77,50.95,19.19,69.54,92.38,26.83
2024-01-15 10:15:30,KF-H107,in_use,34.01,50.46,16.21,69.5,90.85,27.34
2024-01-15 10:16:00,KF-H107,in_use,31.75,50.56,17.04,69.44,90.47,24.35
2024-01-15 10:16:30,KF-H107,in_use,33.17,50.98,17.09,69.37,90.95,
2024-01-15 10:17:00,KF-H107,in_use,39.14,50.5,17.65,69.32,89.02,26.55
2024-01-15 10:17:30,KF-H107,in_use,36.66,50.73,14.71,69.27,89.66,29.21
2024-01-15 10:18:00,KF-H107,in_use,26.07,50.99,17.99,69.22,90.39,30.14
2024-01-15 10:18:30,KF-H107,in_use,31.45,50.93,19.47,69.17,87.45,26.79
2024-01-15 10:19:00,KF-H107,in_use,,50.31,18.21,69.11,90.86,22.19
2024-01-15 10:19:30,KF-H107,in_use,38.96,50.01,14.25,69.06,91.29,26.31
2024-01-15 10:20:00,KF-H107,in_use,30.21,50.8,16.62,69.01,91.98,28.56
2024-01-15 10:20:30,KF-H107,in_use,46.01,50.44,20.83,68.94,90.04,26.99
2024-01-15 10:21:00,KF-H107,in_use,44.0,50.28,19.82,68.87,90.33,31.08
2024-01-15 10:21:30,KF-H107,in_use,48.74,50.66,16.57,68.82,92.72,30.49
2024-01-15 10:22:00,KF-H107,in_use,41.35,50.52,23.83,68.76,91.54,29.91
2024-01-15 10:22:30,KF-H107,in_use,41.35,50.02,19.37,68.71,90.02,26.44
2024-01-15 10:23:00,KF-H107,in_use,42.27,50.43,18.09,68.66,90.59,28.2
2024-01-15 10:23:30,KF-H107,in_use,38.21,50.74,18.0,68.6,93.84,31.22
2024-01-15 10:24:00,KF-H107,in_use,23.58,50.61,17.61,,94.05,21.99
2024-01-15 10:24:30,KF-H107,in_use,35.33,50.86,18.29,68.48,91.73,27.35
2024-01-15 10:25:00,KF-H107,in_use,32.26,,18.11,68.41,,28.0
2024-01-15 10:25:30,KF-H107,in_use,35.79,50.88,21.07,68.35,92.37,
2024-01-15 10:26:00,KF-H107,in_use,43.3,50.16,18.73,68.28,90.98,26.87
2024-01-15 10:26:30,KF-H107,in_use,28.08,50.17,16.48,68.23,91.8,23.08
2024-01-15 10:27:00,KF-H107,in_use,33.77,49.77,19.32,68.17,92.23,28.63
2024-01-15 10:27:30,KF-H107,in_use,32.74,51.19,22.52,68.11,87.73,24.05
2024-01-15 10:28:00,KF-H107,in_use,26.79,50.36,17.18,68.04,87.96,26.07
2024-01-15 10:28:30,KF-H107,in_use,25.24,50.83,17.48,67.97,92.71,24.59
2024-01-15 10:29:00,KF-H107,in_use,,51.06,17.71,67.91,90.0,29.83
2024-01-15 10:29:30,KF-H107,in_use,29.14,50.34,16.13,67.85,89.08,30.18
2024-01-15 10:30:00,KF-H107,in_use,47.56,50.72,19.61,67.78,88.83,28.48
2024-01-15 10:30:30,KF-H107,in_use,25.08,50.51,,67.72,86.22,27.78
2024-01-15 10:31:00,KF-H107,in_use,42.26,50.36,20.94,67.67,90.28,
2024-01-15 10:31:30,KF-H107,in_use,43.32,49.73,16.92,67.6,92.4,26.79
2024-01-15 10:32:00,KF-H107,in_use,42.51,50.68,18.49,67.53,88.96,28.01
2024-01-15 10:32:30,KF-H107,in_use,21.07,50.94,17.68,67.46,88.97,23.95
2024-01-15 10:33:00,KF-H107,in_use,,51.14,16.69,67.4,92.87,
2024-01-15 10:33:30,KF-H107,in_use,29.95,50.19,16.85,67.33,93.72,29.33
2024-01-15 10:34:00,KF-H107,in_use,,51.86,,67.27,91.72,
2024-01-15 10:34:30,KF-H107,in_use,36.45,49.84,17.94,67.22,90.46,23.07
2024-01-15 10:35:00,KF-H107,in_use,45.07,50.68,18.91,67.16,90.15,25.71
2024-01-15 10:35:30,KF-H107,in_use,23.03,50.5,18.49,67.09,92.39,26.52
2024-01-15 10:36:00,KF-H107,in_use,30.76,49.45,19.28,67.05,90.29,31.03
2024-01-15 10:36:30,KF-H107,in_use,47.64,50.83,19.66,67.0,92.28,24.24
2024-01-15 10:37:00,KF-H107,in_use,22.42,50.41,15.32,66.93,92.95,25.83
2024-01-15 10:37:30,KF-H107,in_use,38.87,50.44,17.15,66.87,91.13,30.04
2024-01-15 10:38:00,KF-H107,in_use,28.37,51.01,17.12,66.81,90.75,27.38
2024-01-15 10:38:30,KF-H107,in_use,31.81,50.14,17.92,66.75,91.9,26.46
2024-01-15 10:39:00,KF-H107,in_use,33.8,50.22,21.86,66.68,91.01,28.12
2024-01-15 10:39:30,KF-H107,in_use,29.09,50.11,20.35,66.62,88.42,27.31
2024-01-15 10:40:00,KF-H107,in_use,37.99,50.76,17.91,66.55,91.44,27.24
2024-01-15 10:40:30,KF-H107,in_use,42.83,50.26,19.91,66.5,90.67,28.19
2024-01-15 10:41:00,KF-H107,in_use,33.57,51.25,13.59,66.42,92.85,24.84
2024-01-15 10:41:30,KF-H107,in_use,29.12,50.34,17.69,66.37,91.65,30.72
2024-01-15 10:42:00,KF-H107,in_use,17.24,50.75,19.51,66.29,92.96,25.85
2024-01-15 10:42:30,KF-H107,in_use,46.15,50.57,16.18,66.23,87.74,28.67
2024-01-15 10:43:00,KF-H107,in_use,36.21,50.25,17.66,66.15,92.3,26.3
2024-01-15 10:43:30,KF-H107,in_use,11.68,50.3,19.96,66.11,89.7,27.75
2024-01-15 10:44:00,KF-H107,in_use,24.5,,21.68,66.02,89.33,29.5
2024-01-15 10:44:30,KF-H107,in_use,30.3,50.16,19.41,65.96,90.08,30.27
2024-01-15 10:45:00,KF-H107,in_use,36.64,50.81,17.91,,92.68,28.45
2024-01-15 10:45:30,KF-H107,in_use,34.74,50.27,19.04,65.85,89.7,28.12
2024-01-15 10:46:00,KF-H107,in_use,16.5,50.12,19.01,65.8,94.61,28.16
2024-01-15 10:46:30,KF-H107,in_use,36.75,50.83,17.2,65.76,90.91,27.2
2024-01-15 10:47:00,KF-H107,in_use,32.22,50.58,19.7,65.69,90.76,27.48
2024-01-15 10:47:30,KF-H107,in_use,29.14,,15.52,65.63,92.59,26.27
2024-01-15 10:48:00,KF-H107,in_use,29.99,50.34,18.78,65.57,93.02,28.08
2024-01-15 10:48:30,KF-H107,in_use,32.69,51.39,17.25,65.51,91.56,25.64
2024-01-15 10:49:00,KF-H107,in_use,43.51,50.43,18.35,65.46,93.53,27.4
2024-01-15 10:49:30,KF-H107,in_use,22.07,50.42,15.19,65.39,90.47,29.58
2024-01-15 10:50:00,KF-H107,in_use,26.39,50.48,20.2,65.32,93.32,25.48
2024-01-15 10:50:30,KF-H107,in_use,37.56,50.34,17.05,65.26,90.24,29.44
2024-01-15 10:51:00,KF-H107,in_use,43.2,50.77,17.58,65.19,89.52,26.35
2024-01-15 10:51:30,KF-H107,in_use,33.01,49.79,18.97,65.13,92.08,28.06
2024-01-15 10:52:00,KF-H107,in_use,28.05,50.76,16.61,65.06,93.63,29.6
2024-01-15 10:52:30,KF-H107,in_use,,50.82,18.48,65.0,92.05,23.82
2024-01-15 10:53:00,KF-H107,in_use,24.11,50.13,14.55,64.94,95.45,29.47
2024-01-15 10:53:30,KF-H107,in_use,,50.03,20.09,64.89,92.31,26.88
2024-01-15 10:54:00,KF-H107,in_use,38.23,50.48,11.97,64.81,87.88,29.17
2024-01-15 10:54:30,KF-H107,in_use,35.86,49.95,17.29,64.76,90.81,24.11
2024-01-15 10:55:00,KF-H107,in_use,24.05,50.72,,64.69,91.08,28.19
2024-01-15 10:55:30,KF-H107,in_use,25.38,50.0,16.16,64.63,94.15,27.91
2024-01-15 10:56:00,KF-H107,in_use,39.46,50.01,18.76,64.57,95.19,26.59
2024-01-15 10:56:30,KF-H107,in_use,33.05,51.11,15.1,64.52,89.32,27.26
2024-01-15 10:57:00,KF-H107,in_use,38.92,49.46,18.3,64.48,93.93,24.5
2024-01-15 10:57:30,KF-H107,in_use,27.59,50.28,20.06,64.43,90.0,28.92
2024-01-15 10:58:00,KF-H107,in_use,31.52,50.82,17.8,64.37,91.12,28.52
2024-01-15 10:58:30,KF-H107,in_use,36.0,51.01,18.51,64.29,86.22,28.34
2024-01-15 10:59:00,KF-H107,in_use,39.17,50.93,17.14,64.24,93.69,30.09
2024-01-15 10:59:30,KF-H107,in_use,50.99,50.39,15.64,64.18,88.67,27.47
2024-01-15 11:00:00,KF-H107,charging,0.0,,-12.37,64.18,91.69,29.72
2024-01-15 11:00:30,KF-H107,charging,0.0,51.96,-13.02,64.18,91.18,
2024-01-15 11:01:00,KF-H107,charging,0.0,51.98,,64.18,90.91,27.75
2024-01-15 11:01:30,KF-H107,charging,0.0,,-13.05,64.18,,25.87
2024-01-15 11:02:00,KF-H107,charging,0.0,52.07,-13.24,64.18,92.06,25.03
2024-01-15 11:02:30,KF-H107,charging,0.0,52.07,-10.45,64.18,92.76,26.47
2024-01-15 11:03:00,KF-H107,charging,0.0,52.08,-12.42,64.18,88.22,28.99
2024-01-15 11:03:30,KF-H107,charging,0.0,52.17,-12.57,64.18,,
2024-01-15 11:04:00,KF-H107,charging,0.0,52.24,-11.98,64.18,92.64,24.86
2024-01-15 11:04:30,KF-H107,charging,0.0,52.02,-13.33,64.18,88.21,27.2
2024-01-15 11:05:00,KF-H107,charging,0.0,52.05,-10.61,,91.63,25.31
2024-01-15 11:05:30,KF-H107,charging,0.0,,-11.84,64.18,90.21,26.75
2024-01-15 11:06:00,KF-H107,charging,0.0,52.01,-12.6,64.18,89.89,27.08
2024-01-15 11:06:30,KF-H107,charging,0.0,,-12.69,64.18,89.79,27.86
2024-01-15 11:07:00,KF-H107,charging,0.0,52.03,-12.11,64.18,91.54,25.94
2024-01-15 11:07:30,KF-H107,charging,0.0,52.04,-11.17,64.18,90.15,27.71
2024-01-15 11:08:00,KF-H107,charging,0.0,51.92,-11.56,64.18,89.79,26.26
2024-01-15 11:08:30,KF-H107,charging,0.0,52.15,-12.26,64.18,89.85,
2024-01-15 11:09:00,KF-H107,charging,0.0,52.27,-11.92,64.18,89.49,27.11
2024-01-15 11:09:30,KF-H107,charging,0.0,52.19,-13.24,64.18,91.91,26.2
2024-01-15 11:10:00,KF-H107,charging,0.0,51.77,-11.12,64.18,91.61,28.95
2024-01-15 11:10:30,KF-H107,charging,0.0,51.97,-12.3,64.18,,31.85
2024-01-15 11:11:00,KF-H107,charging,0.0,52.04,-11.05,64.18,89.08,29.5
2024-01-15 11:11:30,KF-H107,charging,0.0,51.72,-10.92,64.18,90.36,27.83
2024-01-15 11:12:00,KF-H107,charging,,52.11,-12.12,64.18,89.07,25.34
2024-01-15 11:12:30,KF-H107,charging,0.0,51.72,-12.05,64.18,90.64,27.8
2024-01-15 11:13:00,KF-H107,charging,0.0,52.39,-10.14,64.18,90.83,21.9
2024-01-15 11:13:30,KF-H107,charging,0.0,52.05,-12.69,,96.29,29.18
2024-01-15 11:14:00,KF-H107,charging,0.0,52.28,-12.62,64.18,92.57,29.58
2024-01-15 11:14:30,KF-H107,charging,,52.33,-10.98,64.18,88.18,25.87
2024-01-15 11:15:00,KF-H107,charging,0.0,52.29,-11.41,64.18,92.73,28.5
2024-01-15 11:15:30,KF-H107,charging,0.0,51.82,-11.37,64.18,87.99,27.13
2024-01-15 11:16:00,KF-H107,charging,0.0,51.78,-11.2,64.18,86.46,26.21
2024-01-15 11:16:30,KF-H107,charging,0.0,52.0,-11.99,64.18,92.66,28.33
2024-01-15 11:17:00,KF-H107,charging,0.0,51.8,-12.24,64.18,89.84,28.31
2024-01-15 11:17:30,KF-H107,charging,0.0,51.75,-12.18,64.18,93.37,24.48
2024-01-15 11:18:00,KF-H107,charging,0.0,52.16,,64.18,88.03,27.17
2024-01-15 11:18:30,KF-H107,charging,0.0,,-11.44,64.18,93.24,31.09
2024-01-15 11:19:00,KF-H107,charging,0.0,51.8,-12.76,64.18,89.79,26.2
2024-01-15 11:19:30,KF-H107,charging,0.0,52.27,-11.89,64.18,91.07,27.57
2024-01-15 11:20:00,KF-H107,charging,0.0,51.73,-12.88,64.18,90.72,28.11
2024-01-15 11:20:30,KF-H107,charging,0.0,51.89,-12.36,64.18,89.67,27.98
2024-01-15 11:21:00,KF-H107,charging,0.0,52.26,-12.45,64.18,92.62,27.52
2024-01-15 11:21:30,KF-H107,charging,0.0,52.38,-10.9,64.18,93.5,
2024-01-15 11:22:00,KF-H107,charging,0.0,51.91,-12.99,64.18,89.69,28.97
2024-01-15 11:22:30,KF-H107,charging,0.0,51.65,-10.93,64.18,89.6,26.48
2024-01-15 11:23:00,KF-H107,charging,0.0,52.07,-10.55,64.18,88.23,27.91
2024-01-15 11:23:30,KF-H107,charging,0.0,52.23,-12.04,64.18,92.32,25.59
2024-01-15 11:24:00,KF-H107,charging,0.0,52.51,-11.61,64.18,93.96,24.78
2024-01-15 11:24:30,KF-H107,charging,0.0,51.8,,64.18,88.16,27.45
2024-01-15 11:25:00,KF-H107,charging,0.0,51.99,-11.36,64.18,90.43,30.08
2024-01-15 11:25:30,KF-H107,charging,,52.23,-11.96,64.18,91.71,25.68
2024-01-15 11:26:00,KF-H107,charging,0.0,52.04,-12.66,64.18,,30.67
2024-01-15 11:26:30,KF-H107,charging,0.0,51.98,-11.95,64.18,87.66,28.73
2024-01-15 11:27:00,KF-H107,charging,0.0,51.83,-12.09,64.18,91.37,27.8
2024-01-15 11:27:30,KF-H107,charging,0.0,51.95,-11.79,64.18,89.43,26.77
2024-01-15 11:28:00,KF-H107,charging,0.0,51.78,-12.05,64.18,90.41,25.75
2024-01-15 11:28:30,KF-H107,charging,0.0,51.92,-12.4,64.18,90.92,25.0
2024-01-15 11:29:00,KF-H107,charging,0.0,51.88,-13.43,64.18,92.23,27.67
2024-01-15 11:29:30,KF-H107,charging,0.0,52.1,-13.85,64.18,92.09,
2024-01-15 11:30:00,KF-H107,not_in_use,0.0,52.0,0.0,64.18,91.25,29.9
2024-01-15 11:30:30,KF-H107,not_in_use,0.0,,0.0,64.18,92.22,
2024-01-15 11:31:00,KF-H107,not_in_use,0.0,51.88,0.0,64.18,88.83,22.82
2024-01-15 11:31:30,KF-H107,not_in_use,0.0,51.92,0.0,64.18,92.51,
2024-01-15 11:32:00,KF-H107,not_in_use,0.0,51.76,0.0,64.18,90.7,27.13
2024-01-15 11:32:30,KF-H107,not_in_use,0.0,52.07,0.0,64.18,91.26,23.8
2024-01-15 11:33:00,KF-H107,not_in_use,0.0,51.77,0.0,64.18,90.98,24.97
2024-01-15 11:33:30,KF-H107,not_in_use,0.0,51.86,0.0,64.18,91.45,30.71
2024-01-15 11:34:00,KF-H107,not_in_use,0.0,52.06,0.0,64.18,89.78,26.46
2024-01-15 11:34:30,KF-H107,not_in_use,0.0,51.91,0.0,64.18,,25.86
2024-01-15 11:35:00,KF-H107,not_in_use,0.0,52.48,0.0,64.18,94.91,30.91
2024-01-15 11:35:30,KF-H107,not_in_use,0.0,52.0,0.0,64.18,90.11,26.82
2024-01-15 11:36:00,KF-H107,not_in_use,0.0,52.05,0.0,64.18,89.8,25.77
2024-01-15 11:36:30,KF-H107,not_in_use,0.0,52.37,0.0,64.18,91.15,29.17
2024-01-15 11:37:00,KF-H107,not_in_use,0.0,51.85,0.0,64.18,92.57,32.69
2024-01-15 11:37:30,KF-H107,not_in_use,0.0,51.86,0.0,64.18,89.38,23.57
2024-01-15 11:38:00,KF-H107,not_in_use,0.0,52.13,0.0,64.18,94.08,26.74
2024-01-15 11:38:30,KF-H107,not_in_use,0.0,51.84,0.0,64.18,89.74,26.28
2024-01-15 11:39:00,KF-H107,not_in_use,0.0,52.18,0.0,,95.38,28.06
2024-01-15 11:39:30,KF-H107,not_in_use,0.0,51.97,0.0,64.18,,28.23
2024-01-15 11:40:00,KF-H107,not_in_use,0.0,51.95,0.0,64.18,89.4,28.4
2024-01-15 11:40:30,KF-H107,not_in_use,0.0,52.17,0.0,64.18,89.3,27.3
2024-01-15 11:41:00,KF-H107,not_in_use,0.0,52.08,0.0,64.18,89.97,22.97
2024-01-15 11:41:30,KF-H107,not_in_use,0.0,52.04,0.0,64.18,86.72,30.95
2024-01-15 11:42:00,KF-H107,not_in_use,0.0,51.87,0.0,64.18,92.04,
2024-01-15 11:42:30,KF-H107,not_in_use,0.0,52.07,0.0,64.18,88.82,25.36
2024-01-15 11:43:00,KF-H107,not_in_use,0.0,51.86,0.0,64.18,,27.65
2024-01-15 11:43:30,KF-H107,not_in_use,0.0,51.98,0.0,64.18,90.09,32.25
2024-01-15 11:44:00,KF-H107,not_in_use,0.0,52.11,0.0,64.18,88.5,32.14
2024-01-15 11:44:30,KF-H107,not_in_use,0.0,,0.0,64.18,89.46,
2024-01-15 11:45:00,KF-H107,not_in_use,0.0,52.02,0.0,64.18,91.65,24.71
2024-01-15 11:45:30,KF-H107,not_in_use,0.0,52.03,0.0,64.18,89.09,31.12
2024-01-15 11:46:00,KF-H107,not_in_use,0.0,51.85,0.0,64.18,91.45,25.09
2024-01-15 11:46:30,KF-H107,not_in_use,0.0,51.74,0.0,64.18,93.16,27.06
2024-01-15 11:47:00,KF-H107,not_in_use,0.0,,0.0,64.18,91.76,27.54
2024-01-15 11:47:30,KF-H107,not_in_use,0.0,51.72,0.0,64.18,93.1,27.72
2024-01-15 11:48:00,KF-H107,not_in_use,0.0,51.6,0.0,64.18,89.28,25.4
2024-01-15 11:48:30,KF-H107,not_in_use,0.0,,0.0,64.18,89.83,29.81
2024-01-15 11:49:00,KF-H107,not_in_use,0.0,52.15,0.0,64.18,87.28,31.89
2024-01-15 11:49:30,KF-H107,not_in_use,0.0,52.0,0.0,64.18,93.94,30.69
2024-01-15 11:50:00,KF-H107,not_in_use,0.0,51.92,0.0,,89.19,23.44
2024-01-15 11:50:30,KF-H107,not_in_use,0.0,52.38,0.0,64.18,90.71,30.7
2024-01-15 11:51:00,KF-H107,not_in_use,0.0,52.34,0.0,64.18,91.38,27.15
2024-01-15 11:51:30,KF-H107,not_in_use,0.0,52.07,0.0,64.18,91.51,
2024-01-15 11:52:00,KF-H107,not_in_use,0.0,51.81,0.0,64.18,92.17,24.89
2024-01-15 11:52:30,KF-H107,not_in_use,0.0,52.15,0.0,64.18,91.6,28.28
2024-01-15 11:53:00,KF-H107,not_in_use,0.0,51.75,0.0,64.18,90.72,
2024-01-15 11:53:30,KF-H107,not_in_use,0.0,51.74,0.0,64.18,88.06,27.1
2024-01-15 11:54:00,KF-H107,not_in_use,0.0,51.94,0.0,64.18,90.17,
2024-01-15 11:54:30,KF-H107,not_in_use,0.0,51.79,0.0,64.18,87.58,25.95
2024-01-15 11:55:00,KF-H107,not_in_use,0.0,52.35,0.0,64.18,91.52,26.44
2024-01-15 11:55:30,KF-H107,not_in_use,0.0,51.86,0.0,64.18,90.55,22.34
2024-01-15 11:56:00,KF-H107,not_in_use,0.0,51.85,0.0,64.18,91.53,28.54
2024-01-15 11:56:30,KF-H107,not_in_use,0.0,52.17,0.0,64.18,90.83,27.4
2024-01-15 11:57:00,KF-H107,not_in_use,0.0,52.09,,64.18,88.47,27.29
2024-01-15 11:57:30,KF-H107,not_in_use,0.0,51.92,0.0,64.18,93.39,24.84
2024-01-15 11:58:00,KF-H107,not_in_use,0.0,,0.0,64.18,88.9,27.64
2024-01-15 11:58:30,KF-H107,not_in_use,0.0,51.93,0.0,64.18,,22.55
2024-01-15 11:59:00,KF-H107,not_in_use,0.0,51.68,0.0,64.18,91.3,26.03
2024-01-15 11:59:30,KF-H107,not_in_use,0.0,52.29,0.0,64.18,88.38,28.12
2024-01-15 06:00:00,KF-K110,in_use,,50.22,16.26,99.92,93.96,25.73
2024-01-15 06:00:30,KF-K110,in_use,30.12,50.52,20.68,99.87,94.28,27.31
2024-01-15 06:01:00,KF-K110,in_use,34.85,50.29,20.97,99.82,90.86,29.21
2024-01-15 06:01:30,KF-K110,in_use,37.49,50.62,16.57,99.76,,26.89
2024-01-15 06:02:00,KF-K110,in_use,30.96,50.86,12.92,99.7,91.01,23.02
2024-01-15 06:02:30,KF-K110,in_use,23.56,50.26,17.1,99.64,92.74,29.56
2024-01-15 06:03:00,KF-K110,in_use,37.37,50.24,19.23,99.58,92.43,24.38
2024-01-15 06:03:30,KF-K110,in_use,42.63,50.61,16.22,99.54,93.18,24.88
2024-01-15 06:04:00,KF-K110,in_use,29.38,50.97,19.85,99.47,89.65,26.53
2024-01-15 06:04:30,KF-K110,in_use,35.85,50.49,19.65,99.41,91.98,29.84
2024-01-15 06:05:00,KF-K110,in_use,37.39,50.94,18.22,99.37,,30.17
2024-01-15 06:05:30,KF-K110,in_use,36.24,50.49,17.51,99.32,89.12,25.71
2024-01-15 06:06:00,KF-K110,in_use,25.13,50.14,20.11,99.29,,25.41
2024-01-15 06:06:30,KF-K110,in_use,33.89,50.46,18.96,99.22,90.35,
2024-01-15 06:07:00,KF-K110,in_use,,50.55,15.23,99.16,91.88,30.65
2024-01-15 06:07:30,KF-K110,in_use,39.7,50.44,15.55,99.11,92.61,29.09
2024-01-15 06:08:00,KF-K110,in_use,46.05,50.35,19.58,99.06,90.5,27.06
2024-01-15 06:08:30,KF-K110,in_use,25.82,50.15,18.06,99.0,92.98,26.4
2024-01-15 06:09:00,KF-K110,in_use,30.43,50.92,16.91,98.95,88.22,27.49
2024-01-15 06:09:30,KF-K110,in_use,43.72,50.0,17.59,98.89,87.69,24.88
2024-01-15 06:10:00,KF-K110,in_use,36.99,50.63,17.39,98.84,88.27,26.04
2024-01-15 06:10:30,KF-K110,in_use,31.97,50.48,18.96,98.78,90.28,30.42
2024-01-15 06:11:00,KF-K110,in_use,45.63,50.25,18.33,98.72,92.08,30.18
2024-01-15 06:11:30,KF-K110,in_use,44.31,50.73,15.87,98.65,92.49,24.86
2024-01-15 06:12:00,KF-K110,in_use,,49.95,18.08,98.58,90.46,29.03
2024-01-15 06:12:30,KF-K110,in_use,43.99,51.2,19.79,98.52,91.51,27.26
2024-01-15 06:13:00,KF-K110,in_use,38.75,50.43,17.14,98.45,89.21,28.67
2024-01-15 06:13:30,KF-K110,in_use,27.92,50.68,19.05,98.39,91.89,29.13
2024-01-15 06:14:00,KF-K110,in_use,24.88,50.43,15.76,98.33,92.0,28.04
2024-01-15 06:14:30,KF-K110,in_use,14.66,50.98,14.33,98.3,89.91,24.57
2024-01-15 06:15:00,KF-K110,in_use,39.32,50.85,,98.24,93.13,23.91
2024-01-15 06:15:30,KF-K110,in_use,46.34,50.41,19.14,98.18,91.71,28.2
2024-01-15 06:16:00,KF-K110,in_use,41.58,50.73,19.65,98.13,91.5,25.36
2024-01-15 06:16:30,KF-K110,in_use,35.41,50.32,17.59,98.08,91.97,24.55
2024-01-15 06:17:00,KF-K110,in_use,34.75,50.61,17.22,98.01,91.47,27.33
2024-01-15 06:17:30,KF-K110,in_use,28.51,49.74,14.47,97.94,90.53,25.84
2024-01-15 06:18:00,KF-K110,in_use,46.2,49.95,18.94,97.87,89.91,30.7
2024-01-15 06:18:30,KF-K110,in_use,21.9,50.5,19.67,97.81,91.43,25.37
2024-01-15 06:19:00,KF-K110,in_use,39.28,50.44,15.92,97.74,92.77,25.01
2024-01-15 06:19:30,KF-K110,in_use,22.18,50.48,20.51,97.66,92.25,28.31
2024-01-15 06:20:00,KF-K110,in_use,30.05,50.73,16.73,97.61,91.3,27.76
2024-01-15 06:20:30,KF-K110,in_use,,50.58,20.05,97.55,90.36,29.04
2024-01-15 06:21:00,KF-K110,in_use,45.91,50.29,14.97,97.49,91.76,27.42
2024-01-15 06:21:30,KF-K110,in_use,27.78,50.21,16.35,97.43,89.94,26.47
2024-01-15 06:22:00,KF-K110,in_use,28.23,50.91,19.64,97.36,93.74,27.38
2024-01-15 06:22:30,KF-K110,in_use,40.09,50.58,17.35,97.3,90.6,26.7
2024-01-15 06:23:00,KF-K110,in_use,,50.61,16.14,97.24,91.07,29.56
2024-01-15 06:23:30,KF-K110,in_use,20.49,50.89,15.27,97.19,90.59,25.37
2024-01-15 06:24:00,KF-K110,in_use,41.09,50.52,16.94,97.12,89.13,30.52
2024-01-15 06:24:30,KF-K110,in_use,38.41,50.02,20.69,97.06,89.07,28.94
2024-01-15 06:25:00,KF-K110,in_use,38.5,50.38,20.78,96.99,91.71,28.47
2024-01-15 06:25:30,KF-K110,in_use,30.29,50.47,20.84,,92.21,24.08
2024-01-15 06:26:00,KF-K110,in_use,36.63,50.41,16.72,96.87,89.49,26.16
2024-01-15 06:26:30,KF-K110,in_use,31.21,49.83,20.09,96.81,89.81,30.53
2024-01-15 06:27:00,KF-K110,in_use,40.64,49.94,19.75,96.75,92.02,
2024-01-15 06:27:30,KF-K110,in_use,,50.65,16.99,96.69,92.21,28.75
2024-01-15 06:28:00,KF-K110,in_use,32.19,50.21,18.14,96.61,87.55,23.27
2024-01-15 06:28:30,KF-K110,in_use,44.64,49.61,19.04,96.54,86.88,24.28
2024-01-15 06:29:00,KF-K110,in_use,37.39,50.24,18.78,96.47,88.41,24.98
2024-01-15 06:29:30,KF-K110,in_use,36.64,50.22,17.7,96.41,90.92,30.0
2024-01-15 06:30:00,KF-K110,in_use,41.18,50.81,20.25,96.34,91.33,29.14
2024-01-15 06:30:30,KF-K110,in_use,31.89,50.64,21.04,96.28,89.27,27.84
2024-01-15 06:31:00,KF-K110,in_use,41.43,49.5,16.63,96.21,92.14,26.58
2024-01-15 06:31:30,KF-K110,in_use,28.83,50.51,16.13,96.16,93.14,25.71
2024-01-15 06:32:00,KF-K110,in_use,47.26,49.58,,96.11,90.28,25.38
2024-01-15 06:32:30,KF-K110,in_use,41.9,50.32,18.31,96.03,91.47,26.35
2024-01-15 06:33:00,KF-K110,in_use,28.99,51.11,22.08,95.97,93.63,26.07
2024-01-15 06:33:30,KF-K110,in_use,35.41,50.38,19.06,,89.68,28.1
2024-01-15 06:34:00,KF-K110,in_use,30.13,50.22,17.53,95.84,91.46,25.39
2024-01-15 06:34:30,KF-K110,in_use,33.74,50.33,19.15,95.79,90.74,24.53
2024-01-15 06:35:00,KF-K110,in_use,29.06,50.12,22.96,95.72,93.65,25.45
2024-01-15 06:35:30,KF-K110,in_use,29.01,51.03,16.45,95.65,,24.53
2024-01-15 06:36:00,KF-K110,in_use,30.48,50.18,18.27,95.6,90.93,26.09
2024-01-15 06:36:30,KF-K110,in_use,41.88,49.79,19.79,95.56,88.78,22.85
2024-01-15 06:37:00,KF-K110,in_use,21.85,50.02,18.81,95.5,92.35,28.86
2024-01-15 06:37:30,KF-K110,in_use,44.66,50.58,21.07,95.44,89.5,22.93
2024-01-15 06:38:00,KF-K110,in_use,29.33,50.99,18.11,95.36,90.85,28.4
2024-01-15 06:38:30,KF-K110,in_use,47.27,50.65,17.16,95.29,91.02,21.71
2024-01-15 06:39:00,KF-K110,in_use,28.76,51.14,19.57,95.23,90.4,26.49
2024-01-15 06:39:30,KF-K110,in_use,21.23,50.42,18.52,95.17,87.65,25.57
2024-01-15 06:40:00,KF-K110,in_use,30.69,50.36,16.14,95.1,89.58,28.54
2024-01-15 06:40:30,KF-K110,in_use,38.67,50.74,18.83,95.03,92.17,26.49
2024-01-15 06:41:00,KF-K110,in_use,25.6,50.65,18.25,94.98,90.09,24.46
2024-01-15 06:41:30,KF-K110,in_use,24.53,50.65,19.58,94.92,90.43,
2024-01-15 06:42:00,KF-K110,in_use,29.13,50.43,19.28,94.87,91.19,32.33
2024-01-15 06:42:30,KF-K110,in_use,31.97,,17.39,94.82,89.63,24.88
2024-01-15 06:43:00,KF-K110,in_use,43.13,50.58,18.35,94.76,91.22,26.35
2024-01-15 06:43:30,KF-K110,in_use,34.62,50.2,21.42,94.69,92.58,26.44
2024-01-15 06:44:00,KF-K110,in_use,31.19,50.04,14.66,94.64,90.13,25.08
2024-01-15 06:44:30,KF-K110,in_use,49.26,50.0,19.34,94.58,91.52,29.41
2024-01-15 06:45:00,KF-K110,in_use,35.5,50.41,17.44,94.52,92.7,25.15
2024-01-15 06:45:30,KF-K110,in_use,32.86,50.52,20.09,94.45,88.14,28.34
2024-01-15 06:46:00,KF-K110,in_use,44.49,51.02,18.15,94.39,94.1,29.89
2024-01-15 06:46:30,KF-K110,in_use,48.27,50.03,,94.34,90.21,34.49
2024-01-15 06:47:00,KF-K110,in_use,42.89,50.09,16.86,94.29,89.62,28.3
2024-01-15 06:47:30,KF-K110,in_use,31.0,49.52,16.43,94.22,93.34,26.6
2024-01-15 06:48:00,KF-K110,in_use,44.29,50.77,,94.15,89.97,29.97
2024-01-15 06:48:30,KF-K110,in_use,42.92,50.13,18.95,94.11,88.4,31.87
2024-01-15 06:49:00,KF-K110,in_use,34.5,50.92,21.29,94.05,88.62,27.15
2024-01-15 06:49:30,KF-K110,in_use,51.56,50.41,18.6,93.97,95.1,24.72
2024-01-15 06:50:00,KF-K110,in_use,46.78,,21.01,93.9,93.39,26.51
2024-01-15 06:50:30,KF-K110,in_use,43.79,50.61,11.16,93.85,87.45,
2024-01-15 06:51:00,KF-K110,in_use,39.11,50.99,17.07,93.79,89.96,27.0
2024-01-15 06:51:30,KF-K110,in_use,47.95,50.91,21.92,93.72,92.99,24.54
2024-01-15 06:52:00,KF-K110,in_use,44.08,50.43,19.32,93.65,87.99,23.5
2024-01-15 06:52:30,KF-K110,in_use,39.21,50.55,16.75,93.6,89.62,23.4
2024-01-15 06:53:00,KF-K110,in_use,29.36,50.1,18.44,93.55,95.92,28.95
2024-01-15 06:53:30,KF-K110,in_use,23.73,50.28,16.77,93.49,89.65,29.86
2024-01-15 06:54:00,KF-K110,in_use,29.65,50.36,18.5,93.44,91.93,25.1
2024-01-15 06:54:30,KF-K110,in_use,25.9,50.04,19.44,93.39,92.05,30.86
2024-01-15 06:55:00,KF-K110,in_use,27.42,50.8,15.34,93.33,93.11,26.1
2024-01-15 06:55:30,KF-K110,in_use,30.06,49.78,20.81,93.26,93.15,
2024-01-15 06:56:00,KF-K110,in_use,30.82,50.04,,93.19,93.21,27.48
2024-01-15 06:56:30,KF-K110,in_use,33.43,51.07,20.41,93.14,88.99,29.68
2024-01-15 06:57:00,KF-K110,in_use,32.58,50.09,13.18,93.07,90.2,27.08
2024-01-15 06:57:30,KF-K110,in_use,28.02,51.34,11.63,93.02,,28.13
2024-01-15 06:58:00,KF-K110,in_use,40.75,50.11,17.04,92.97,86.76,26.98
2024-01-15 06:58:30,KF-K110,in_use,41.28,50.86,17.48,92.91,93.58,27.36
2024-01-15 06:59:00,KF-K110,in_use,,50.62,15.32,92.87,91.37,29.76
2024-01-15 06:59:30,KF-K110,in_use,33.47,50.94,20.17,92.8,88.82,26.35
2024-01-15 07:00:00,KF-K110,in_use,35.43,,17.11,92.74,92.24,26.94
2024-01-15 07:00:30,KF-K110,in_use,46.21,50.86,19.02,92.67,91.73,26.81
2024-01-15 07:01:00,KF-K110,in_use,22.46,49.99,18.83,92.61,94.49,20.55
2024-01-15 07:01:30,KF-K110,in_use,42.83,51.1,18.8,92.56,92.88,29.05
2024-01-15 07:02:00,KF-K110,in_use,35.01,50.49,18.83,92.49,90.65,26.27
2024-01-15 07:02:30,KF-K110,in_use,31.25,51.13,15.34,92.45,91.97,28.86
2024-01-15 07:03:00,KF-K110,in_use,48.08,50.44,19.25,92.39,93.77,24.68
2024-01-15 07:03:30,KF-K110,in_use,37.01,50.42,15.27,92.33,88.82,25.77
2024-01-15 07:04:00,KF-K110,in_use,35.95,50.13,16.33,92.27,90.25,25.61
2024-01-15 07:04:30,KF-K110,in_use,40.34,50.62,17.0,,89.14,24.08
2024-01-15 07:05:00,KF-K110,in_use,22.62,,22.85,92.14,90.19,31.47
2024-01-15 07:05:30,KF-K110,in_use,21.02,49.86,22.28,92.09,93.2,26.32
2024-01-15 07:06:00,KF-K110,in_use,,50.07,20.26,92.03,92.34,25.24
2024-01-15 07:06:30,KF-K110,in_use,37.44,50.73,19.3,91.96,88.85,25.89
2024-01-15 07:07:00,KF-K110,in_use,25.84,51.23,16.98,91.91,90.02,25.64
2024-01-15 07:07:30,KF-K110,in_use,23.8,49.97,19.44,91.86,92.45,26.67
2024-01-15 07:08:00,KF-K110,in_use,40.75,,19.11,,93.99,30.44
2024-01-15 07:08:30,KF-K110,in_use,20.64,50.64,18.26,91.7,91.57,28.96
2024-01-15 07:09:00,KF-K110,in_use,31.86,51.21,,91.64,93.83,26.26
2024-01-15 07:09:30,KF-K110,in_use,39.55,50.99,15.73,91.57,,29.48
2024-01-15 07:10:00,KF-K110,in_use,40.37,51.33,15.27,91.52,90.34,
2024-01-15 07:10:30,KF-K110,in_use,46.78,50.78,18.18,91.45,90.64,28.0
2024-01-15 07:11:00,KF-K110,in_use,24.45,50.55,15.79,91.4,92.79,23.57
2024-01-15 07:11:30,KF-K110,in_use,40.37,50.02,17.89,91.34,89.46,21.74
2024-01-15 07:12:00,KF-K110,in_use,50.69,50.16,19.82,91.3,91.86,27.2
2024-01-15 07:12:30,KF-K110,in_use,41.73,51.28,18.0,91.24,88.82,
2024-01-15 07:13:00,KF-K110,in_use,38.04,50.26,16.51,91.17,95.05,30.57
2024-01-15 07:13:30,KF-K110,in_use,20.99,50.49,18.44,91.12,89.61,21.5
2024-01-15 07:14:00,KF-K110,in_use,38.27,,20.79,,90.07,24.55
2024-01-15 07:14:30,KF-K110,in_use,32.4,50.18,18.67,91.0,88.24,31.01
2024-01-15 07:15:00,KF-K110,in_use,37.13,50.5,17.8,90.93,,28.11
2024-01-15 07:15:30,KF-K110,in_use,,50.23,16.62,90.89,89.54,28.93
2024-01-15 07:16:00,KF-K110,in_use,42.99,50.64,18.15,90.82,91.32,29.25
2024-01-15 07:16:30,KF-K110,in_use,28.08,50.48,21.13,90.76,91.52,27.99
2024-01-15 07:17:00,KF-K110,in_use,31.54,50.47,16.69,90.71,91.58,25.42
2024-01-15 07:17:30,KF-K110,in_use,49.2,49.9,20.36,90.65,88.29,26.01
2024-01-15 07:18:00,KF-K110,in_use,42.02,51.06,19.1,90.57,89.6,24.49
2024-01-15 07:18:30,KF-K110,in_use,19.53,49.79,20.88,90.53,92.27,24.39
2024-01-15 07:19:00,KF-K110,in_use,34.25,50.51,,90.47,91.5,27.58
2024-01-15 07:19:30,KF-K110,in_use,32.28,50.39,16.68,90.42,92.32,26.81
2024-01-15 07:20:00,KF-K110,in_use,45.95,49.62,18.79,90.37,94.45,27.98
2024-01-15 07:20:30,KF-K110,in_use,33.82,51.33,19.17,90.33,87.98,
2024-01-15 07:21:00,KF-K110,in_use,51.36,51.18,13.43,,92.83,29.73
2024-01-15 07:21:30,KF-K110,in_use,39.53,50.51,17.67,90.22,90.56,29.27
2024-01-15 07:22:00,KF-K110,in_use,36.4,50.56,16.03,90.17,93.66,26.31
2024-01-15 07:22:30,KF-K110,in_use,43.15,50.99,18.84,90.1,88.25,
2024-01-15 07:23:00,KF-K110,in_use,17.57,50.69,17.07,90.06,88.78,29.59
2024-01-15 07:23:30,KF-K110,in_use,35.32,50.17,17.88,90.01,89.71,23.67
2024-01-15 07:24:00,KF-K110,in_use,42.17,50.56,17.79,89.95,90.64,27.28
2024-01-15 07:24:30,KF-K110,in_use,45.21,50.7,19.98,89.88,90.47,28.21
2024-01-15 07:25:00,KF-K110,in_use,38.13,50.48,17.03,89.82,89.4,26.59
2024-01-15 07:25:30,KF-K110,in_use,29.9,49.96,17.83,89.75,89.31,28.13
2024-01-15 07:26:00,KF-K110,in_use,27.7,50.62,18.98,89.68,90.18,25.29
2024-01-15 07:26:30,KF-K110,in_use,42.69,50.34,17.42,89.63,89.53,25.69
2024-01-15 07:27:00,KF-K110,in_use,26.16,50.53,19.15,89.59,91.14,27.87
2024-01-15 07:27:30,KF-K110,in_use,38.0,50.55,20.55,89.55,92.52,29.57
2024-01-15 07:28:00,KF-K110,in_use,34.98,50.6,13.92,89.5,93.35,21.43
2024-01-15 07:28:30,KF-K110,in_use,42.08,50.95,16.28,89.43,91.41,23.44
2024-01-15 07:29:00,KF-K110,in_use,38.13,50.44,18.77,89.37,87.9,
2024-01-15 07:29:30,KF-K110,in_use,18.8,50.2,15.96,89.32,93.47,28.32
2024-01-15 07:30:00,KF-K110,in_use,26.88,50.48,20.39,89.26,92.55,24.13
2024-01-15 07:30:30,KF-K110,in_use,22.97,50.21,19.27,89.18,89.66,23.96
2024-01-15 07:31:00,KF-K110,in_use,43.31,50.21,18.8,89.12,91.88,26.43
2024-01-15 07:31:30,KF-K110,in_use,37.15,51.37,18.63,89.08,93.03,24.24
2024-01-15 07:32:00,KF-K110,in_use,36.17,50.75,16.29,89.03,91.32,27.18
2024-01-15 07:32:30,KF-K110,in_use,43.82,50.91,18.54,88.97,89.25,23.99
2024-01-15 07:33:00,KF-K110,in_use,35.74,50.28,16.74,88.9,92.54,27.33
2024-01-15 07:33:30,KF-K110,in_use,27.54,49.89,17.3,88.84,89.16,20.91
2024-01-15 07:34:00,KF-K110,in_use,33.36,50.24,,88.78,90.62,30.27
2024-01-15 07:34:30,KF-K110,in_use,38.01,49.81,20.44,88.72,91.07,25.96
2024-01-15 07:35:00,KF-K110,in_use,7.64,,18.33,88.67,94.04,26.9
2024-01-15 07:35:30,KF-K110,in_use,23.92,50.96,16.24,88.62,91.74,24.95
2024-01-15 07:36:00,KF-K110,in_use,37.08,50.5,19.34,88.57,93.22,26.74
2024-01-15 07:36:30,KF-K110,in_use,34.92,50.55,,,95.45,30.02
2024-01-15 07:37:00,KF-K110,in_use,22.81,50.01,21.01,88.46,89.69,28.62
2024-01-15 07:37:30,KF-K110,in_use,35.78,,18.12,88.41,92.64,28.31
2024-01-15 07:38:00,KF-K110,in_use,53.86,50.29,16.58,,90.83,27.23
2024-01-15 07:38:30,KF-K110,in_use,35.47,50.68,18.73,88.29,90.0,24.96
2024-01-15 07:39:00,KF-K110,in_use,42.66,50.89,16.5,88.22,92.7,26.68
2024-01-15 07:39:30,KF-K110,in_use,38.44,50.3,19.1,88.14,95.47,28.63
2024-01-15 07:40:00,KF-K110,in_use,,50.34,16.81,88.07,92.77,28.39
2024-01-15 07:40:30,KF-K110,in_use,47.43,50.34,18.04,88.01,87.07,26.66
2024-01-15 07:41:00,KF-K110,in_use,43.02,50.99,16.11,87.97,89.69,24.4
2024-01-15 07:41:30,KF-K110,in_use,36.65,50.16,16.72,87.91,95.71,26.24
2024-01-15 07:42:00,KF-K110,in_use,29.11,51.4,20.85,87.85,92.07,26.59
2024-01-15 07:42:30,KF-K110,in_use,25.72,50.51,18.66,87.8,93.23,24.49
2024-01-15 07:43:00,KF-K110,in_use,28.24,50.52,18.11,87.73,89.44,28.44
2024-01-15 07:43:30,KF-K110,in_use,25.95,50.36,17.91,,93.38,24.91
2024-01-15 07:44:00,KF-K110,in_use,22.67,51.14,19.1,87.6,89.83,24.78
2024-01-15 07:44:30,KF-K110,in_use,31.04,50.87,18.97,87.52,93.39,30.67
2024-01-15 07:45:00,KF-K110,in_use,26.75,49.45,20.65,87.46,90.01,28.65
2024-01-15 07:45:30,KF-K110,in_use,35.36,,21.05,87.39,87.43,26.34
2024-01-15 07:46:00,KF-K110,in_use,40.92,51.62,19.62,87.33,91.06,25.65
2024-01-15 07:46:30,KF-K110,in_use,30.79,50.47,17.84,87.26,91.23,26.7
2024-01-15 07:47:00,KF-K110,in_use,41.3,,11.96,87.2,86.9,28.5
2024-01-15 07:47:30,KF-K110,in_use,16.11,50.96,19.44,87.13,93.35,23.48
2024-01-15 07:48:00,KF-K110,in_use,27.99,50.29,21.6,87.07,88.84,27.18
2024-01-15 07:48:30,KF-K110,in_use,29.55,51.19,19.32,,,24.11
2024-01-15 07:49:00,KF-K110,in_use,30.32,50.01,20.07,86.94,89.47,27.22
2024-01-15 07:49:30,KF-K110,in_use,25.65,51.14,17.32,86.88,93.1,26.98
2024-01-15 07:50:00,KF-K110,in_use,28.17,50.93,18.85,86.82,89.86,27.37
2024-01-15 07:50:30,KF-K110,in_use,40.04,,18.48,86.75,93.94,25.65
2024-01-15 07:51:00,KF-K110,in_use,43.29,50.6,17.1,86.68,89.15,27.22
2024-01-15 07:51:30,KF-K110,in_use,32.79,50.32,16.26,86.65,89.29,33.24
2024-01-15 07:52:00,KF-K110,in_use,24.23,50.98,16.76,86.58,92.82,
2024-01-15 07:52:30,KF-K110,in_use,31.79,50.1,16.52,86.51,91.05,27.07
2024-01-15 07:53:00,KF-K110,in_use,39.77,50.69,16.32,86.46,,28.65
2024-01-15 07:53:30,KF-K110,in_use,20.35,51.3,18.28,86.39,89.77,27.42
2024-01-15 07:54:00,KF-K110,in_use,27.35,50.37,18.59,86.34,87.47,28.02
2024-01-15 07:54:30,KF-K110,in_use,27.83,50.78,21.41,86.27,91.73,29.05
2024-01-15 07:55:00,KF-K110,in_use,35.99,50.59,19.77,86.21,93.06,27.02
2024-01-15 07:55:30,KF-K110,in_use,35.59,50.63,21.66,86.16,90.67,25.64
2024-01-15 07:56:00,KF-K110,in_use,,50.24,15.92,86.1,93.56,27.86
2024-01-15 07:56:30,KF-K110,in_use,48.22,49.99,,86.05,89.65,30.41
2024-01-15 07:57:00,KF-K110,in_use,,50.31,19.27,85.99,89.2,
2024-01-15 07:57:30,KF-K110,in_use,39.34,,14.23,85.93,91.89,26.91
2024-01-15 07:58:00,KF-K110,in_use,41.3,,14.9,85.85,90.69,27.5
2024-01-15 07:58:30,KF-K110,in_use,26.77,51.05,14.65,85.8,88.85,27.88
2024-01-15 07:59:00,KF-K110,in_use,20.27,51.05,18.88,85.75,88.75,27.99
2024-01-15 07:59:30,KF-K110,in_use,,50.75,19.47,85.71,90.61,26.03
2024-01-15 08:00:00,KF-K110,in_use,42.19,50.26,16.72,85.65,91.04,28.14
2024-01-15 08:00:30,KF-K110,in_use,41.48,51.11,,85.59,94.77,31.13
2024-01-15 08:01:00,KF-K110,in_use,35.99,50.7,20.77,85.52,88.09,27.43
2024-01-15 08:01:30,KF-K110,in_use,,,17.32,85.45,91.42,25.89
2024-01-15 08:02:00,KF-K110,in_use,33.54,50.32,16.92,85.4,90.0,24.63
2024-01-15 08:02:30,KF-K110,in_use,20.31,51.19,16.45,85.34,95.54,28.09
2024-01-15 08:03:00,KF-K110,in_use,43.37,50.49,17.14,,88.15,28.63
2024-01-15 08:03:30,KF-K110,in_use,22.04,,18.4,85.21,89.04,25.88
2024-01-15 08:04:00,KF-K110,in_use,39.1,49.97,12.58,,91.4,24.88
2024-01-15 08:04:30,KF-K110,in_use,22.62,,18.55,85.11,95.54,25.86
2024-01-15 08:05:00,KF-K110,in_use,48.31,50.87,19.21,85.05,90.85,27.63
2024-01-15 08:05:30,KF-K110,in_use,37.57,50.4,19.72,84.98,91.04,27.69
2024-01-15 08:06:00,KF-K110,in_use,32.83,51.52,14.16,84.92,90.74,28.62
2024-01-15 08:06:30,KF-K110,in_use,22.27,50.43,18.01,84.86,90.17,27.16
2024-01-15 08:07:00,KF-K110,in_use,,49.86,15.37,84.79,93.98,24.0
2024-01-15 08:07:30,KF-K110,in_use,50.96,50.64,,84.74,93.97,26.46
2024-01-15 08:08:00,KF-K110,in_use,37.33,50.47,20.62,84.68,91.51,31.08
2024-01-15 08:08:30,KF-K110,in_use,41.06,49.97,19.72,84.61,90.65,25.34
2024-01-15 08:09:00,KF-K110,in_use,,51.31,17.24,84.56,95.45,26.68
2024-01-15 08:09:30,KF-K110,in_use,35.78,51.15,17.74,84.49,90.81,27.29
2024-01-15 08:10:00,KF-K110,in_use,32.39,50.4,14.84,84.42,92.73,25.22
2024-01-15 08:10:30,KF-K110,in_use,23.62,,19.56,84.34,92.87,26.72
2024-01-15 08:11:00,KF-K110,in_use,38.74,50.68,14.61,84.28,92.84,30.14
2024-01-15 08:11:30,KF-K110,in_use,31.5,51.19,16.33,84.23,94.31,27.99
2024-01-15 08:12:00,KF-K110,in_use,36.49,50.26,15.7,84.16,88.23,25.19
2024-01-15 08:12:30,KF-K110,in_use,43.16,49.77,21.92,84.09,90.82,27.35
2024-01-15 08:13:00,KF-K110,in_use,44.76,50.28,19.71,84.05,87.86,27.32
2024-01-15 08:13:30,KF-K110,in_use,42.67,50.58,15.78,83.98,96.16,26.83
2024-01-15 08:14:00,KF-K110,in_use,38.51,49.7,18.06,83.9,88.76,28.98
2024-01-15 08:14:30,KF-K110,in_use,33.29,49.19,14.55,83.84,88.03,27.17
2024-01-15 08:15:00,KF-K110,in_use,51.26,50.33,16.37,83.78,87.2,28.29
2024-01-15 08:15:30,KF-K110,in_use,49.16,51.21,17.97,83.74,90.23,28.34
2024-01-15 08:16:00,KF-K110,in_use,43.32,50.89,19.04,83.68,93.67,26.27
2024-01-15 08:16:30,KF-K110,in_use,35.13,50.02,21.45,83.61,93.69,28.87
2024-01-15 08:17:00,KF-K110,in_use,42.74,50.68,,83.54,93.38,25.75
2024-01-15 08:17:30,KF-K110,in_use,37.94,50.44,12.66,83.49,89.26,26.13
2024-01-15 08:18:00,KF-K110,in_use,45.39,50.27,19.14,83.42,88.37,24.89
2024-01-15 08:18:30,KF-K110,in_use,36.4,51.22,20.68,83.36,91.77,28.59
2024-01-15 08:19:00,KF-K110,in_use,35.8,50.56,16.98,83.29,91.67,25.98
2024-01-15 08:19:30,KF-K110,in_use,49.18,50.78,19.5,83.24,91.51,28.79
2024-01-15 08:20:00,KF-K110,in_use,28.11,50.07,17.22,83.18,91.63,29.07
2024-01-15 08:20:30,KF-K110,in_use,25.34,,19.73,83.12,91.58,23.96
2024-01-15 08:21:00,KF-K110,in_use,33.99,50.17,14.75,83.07,,33.34
2024-01-15 08:21:30,KF-K110,in_use,34.18,50.59,15.7,83.02,88.77,25.76
2024-01-15 08:22:00,KF-K110,in_use,48.67,50.09,14.23,82.95,87.51,28.74
2024-01-15 08:22:30,KF-K110,in_use,41.58,50.22,19.64,82.89,92.26,27.92
2024-01-15 08:23:00,KF-K110,in_use,40.51,51.22,17.06,82.81,89.68,30.46
2024-01-15 08:23:30,KF-K110,in_use,47.32,50.37,19.79,82.74,93.92,28.89
2024-01-15 08:24:00,KF-K110,in_use,54.82,50.97,16.13,,89.55,29.53
2024-01-15 08:24:30,KF-K110,in_use,33.17,50.1,20.75,82.6,88.57,24.63
2024-01-15 08:25:00,KF-K110,in_use,17.44,50.92,17.99,82.52,86.95,26.08
2024-01-15 08:25:30,KF-K110,in_use,42.0,50.8,21.37,82.46,91.92,27.19
2024-01-15 08:26:00,KF-K110,in_use,,50.3,18.24,82.39,90.36,26.83
2024-01-15 08:26:30,KF-K110,in_use,36.71,50.69,16.2,82.33,93.65,26.55
2024-01-15 08:27:00,KF-K110,in_use,39.77,51.26,14.74,82.27,90.04,25.89
2024-01-15 08:27:30,KF-K110,in_use,40.04,51.02,14.78,82.21,85.9,28.48
2024-01-15 08:28:00,KF-K110,in_use,31.83,50.37,18.52,82.15,90.5,29.0
2024-01-15 08:28:30,KF-K110,in_use,32.15,50.68,16.56,82.1,90.86,24.42
2024-01-15 08:29:00,KF-K110,in_use,36.98,51.41,,82.06,94.41,26.47
2024-01-15 08:29:30,KF-K110,in_use,30.16,49.87,17.92,81.99,91.28,27.87
2024-01-15 08:30:00,KF-K110,in_use,37.81,51.37,18.9,81.95,87.84,28.22
2024-01-15 08:30:30,KF-K110,in_use,25.23,50.56,16.78,81.9,89.89,23.94
2024-01-15 08:31:00,KF-K110,in_use,34.77,49.9,15.46,81.84,92.34,25.89
2024-01-15 08:31:30,KF-K110,in_use,25.32,50.85,13.84,81.79,,26.77
2024-01-15 08:32:00,KF-K110,in_use,35.9,50.46,18.86,81.73,90.29,20.7
2024-01-15 08:32:30,KF-K110,in_use,36.37,50.84,19.42,81.65,91.41,24.34
2024-01-15 08:33:00,KF-K110,in_use,37.93,50.72,17.54,81.59,92.46,25.32
2024-01-15 08:33:30,KF-K110,in_use,37.42,50.7,15.17,81.54,89.32,25.05
2024-01-15 08:34:00,KF-K110,in_use,49.24,50.06,20.5,81.48,94.02,26.88
2024-01-15 08:34:30,KF-K110,in_use,27.53,51.04,14.53,81.43,89.55,28.24
2024-01-15 08:35:00,KF-K110,in_use,26.7,50.34,14.42,81.38,,24.73
2024-01-15 08:35:30,KF-K110,in_use,18.45,50.88,17.15,81.32,90.42,25.89
2024-01-15 08:36:00,KF-K110,in_use,33.32,51.32,17.48,81.27,92.4,27.53
2024-01-15 08:36:30,KF-K110,in_use,,49.99,18.99,81.2,92.99,27.56
2024-01-15 08:37:00,KF-K110,in_use,36.42,50.15,18.04,81.13,90.79,27.63
2024-01-15 08:37:30,KF-K110,in_use,34.88,50.44,17.94,81.08,89.96,26.03
2024-01-15 08:38:00,KF-K110,in_use,47.86,50.69,16.68,81.04,90.67,26.73
2024-01-15 08:38:30,KF-K110,in_use,29.69,50.65,18.43,80.97,92.32,29.49
2024-01-15 08:39:00,KF-K110,in_use,25.31,50.28,20.17,80.92,90.77,27.2
2024-01-15 08:39:30,KF-K110,in_use,39.2,51.18,17.79,80.85,90.47,27.79
2024-01-15 08:40:00,KF-K110,in_use,37.48,50.87,16.47,80.77,90.2,24.25
2024-01-15 08:40:30,KF-K110,in_use,,50.18,18.01,80.73,90.21,28.4
2024-01-15 08:41:00,KF-K110,in_use,33.91,50.29,20.03,80.66,88.35,24.53
2024-01-15 08:41:30,KF-K110,in_use,26.38,50.45,16.99,80.6,,28.78
2024-01-15 08:42:00,KF-K110,in_use,42.46,50.56,17.03,80.54,90.03,
2024-01-15 08:42:30,KF-K110,in_use,19.07,50.5,15.27,80.47,90.41,26.8
2024-01-15 08:43:00,KF-K110,in_use,29.39,50.49,20.06,80.41,90.49,22.95
2024-01-15 08:43:30,KF-K110,in_use,30.41,,15.06,80.34,93.41,29.12
2024-01-15 08:44:00,KF-K110,in_use,40.16,51.79,16.2,80.28,93.67,25.3
2024-01-15 08:44:30,KF-K110,in_use,31.7,50.91,19.92,80.2,95.7,
2024-01-15 08:45:00,KF-K110,in_use,29.15,51.02,18.22,80.14,86.59,28.35
2024-01-15 08:45:30,KF-K110,in_use,30.08,50.38,16.99,80.1,87.95,27.5
2024-01-15 08:46:00,KF-K110,in_use,37.77,50.37,18.81,80.04,94.05,20.16
2024-01-15 08:46:30,KF-K110,in_use,46.93,50.95,17.52,80.0,90.67,24.48
2024-01-15 08:47:00,KF-K110,in_use,22.38,50.24,16.44,79.93,92.03,27.34
2024-01-15 08:47:30,KF-K110,in_use,34.11,50.53,19.52,79.9,90.84,27.11
2024-01-15 08:48:00,KF-K110,in_use,49.45,50.72,15.87,,89.76,24.96
2024-01-15 08:48:30,KF-K110,in_use,48.36,49.87,18.08,79.78,91.38,28.66
2024-01-15 08:49:00,KF-K110,in_use,40.82,50.83,19.86,79.73,88.82,28.92
2024-01-15 08:49:30,KF-K110,in_use,37.16,51.58,16.63,79.67,90.11,27.6
2024-01-15 08:50:00,KF-K110,in_use,43.33,50.11,,79.62,92.69,29.9
2024-01-15 08:50:30,KF-K110,in_use,35.23,51.38,16.86,79.57,90.86,25.63
2024-01-15 08:51:00,KF-K110,in_use,30.02,50.69,17.32,79.52,92.39,28.44
2024-01-15 08:51:30,KF-K110,in_use,26.52,50.2,20.76,79.46,94.25,27.95
2024-01-15 08:52:00,KF-K110,in_use,33.36,50.63,15.64,79.4,87.4,24.32
2024-01-15 08:52:30,KF-K110,in_use,29.84,50.47,17.93,79.35,89.76,24.9
2024-01-15 08:53:00,KF-K110,in_use,52.43,50.98,21.23,79.3,93.13,26.87
2024-01-15 08:53:30,KF-K110,in_use,38.82,50.31,13.21,79.25,92.78,25.2
2024-01-15 08:54:00,KF-K110,in_use,41.13,50.28,17.01,79.18,89.02,26.24
2024-01-15 08:54:30,KF-K110,in_use,51.44,50.9,15.7,79.13,90.22,27.02
2024-01-15 08:55:00,KF-K110,in_use,28.74,50.56,18.13,79.08,96.04,26.51
2024-01-15 08:55:30,KF-K110,in_use,42.8,50.91,18.93,79.0,91.42,31.08
2024-01-15 08:56:00,KF-K110,in_use,28.9,51.17,,78.92,88.99,28.96
2024-01-15 08:56:30,KF-K110,in_use,47.67,50.12,19.51,78.86,91.8,23.49
2024-01-15 08:57:00,KF-K110,in_use,32.31,50.46,18.58,78.79,92.2,27.29
2024-01-15 08:57:30,KF-K110,in_use,46.6,50.63,15.18,78.74,94.61,29.29
2024-01-15 08:58:00,KF-K110,in_use,39.62,50.62,17.2,78.68,90.58,27.21
2024-01-15 08:58:30,KF-K110,in_use,37.42,49.5,14.63,78.61,89.9,28.84
2024-01-15 08:59:00,KF-K110,in_use,39.02,50.41,18.22,78.54,89.03,
2024-01-15 08:59:30,KF-K110,in_use,37.03,50.38,17.62,78.46,91.57,24.63
2024-01-15 09:00:00,KF-K110,in_use,31.88,49.92,16.63,78.38,,25.56
2024-01-15 09:00:30,KF-K110,in_use,40.58,50.38,16.08,78.32,91.03,25.74
2024-01-15 09:01:00,KF-K110,in_use,39.2,49.87,18.51,78.27,88.39,23.02
2024-01-15 09:01:30,KF-K110,in_use,33.64,50.64,19.3,78.21,88.48,26.35
2024-01-15 09:02:00,KF-K110,in_use,31.22,49.95,18.56,78.15,87.41,26.87
2024-01-15 09:02:30,KF-K110,in_use,23.65,49.86,17.76,78.08,93.95,27.28
2024-01-15 09:03:00,KF-K110,in_use,19.03,50.58,14.5,78.01,93.05,28.36
2024-01-15 09:03:30,KF-K110,in_use,30.57,49.77,17.83,77.97,90.53,24.64
2024-01-15 09:04:00,KF-K110,in_use,38.14,50.8,16.46,77.89,,27.37
2024-01-15 09:04:30,KF-K110,in_use,26.59,50.74,17.69,77.84,92.73,29.18
2024-01-15 09:05:00,KF-K110,in_use,31.49,50.64,19.8,77.79,91.82,32.2
2024-01-15 09:05:30,KF-K110,in_use,34.34,51.01,17.49,77.74,91.07,26.66
2024-01-15 09:06:00,KF-K110,in_use,43.51,50.57,18.66,,,23.43
2024-01-15 09:06:30,KF-K110,in_use,30.74,50.72,13.1,77.63,90.72,23.36
2024-01-15 09:07:00,KF-K110,in_use,34.94,51.09,17.05,77.56,93.47,22.65
2024-01-15 09:07:30,KF-K110,in_use,22.27,50.84,18.64,77.5,93.37,
2024-01-15 09:08:00,KF-K110,in_use,28.51,50.52,14.28,77.44,89.92,28.88
2024-01-15 09:08:30,KF-K110,in_use,31.6,50.73,17.05,77.37,88.73,30.3
2024-01-15 09:09:00,KF-K110,in_use,44.65,50.34,21.15,77.33,96.3,26.22
2024-01-15 09:09:30,KF-K110,in_use,17.7,50.82,13.29,77.27,87.77,23.45
2024-01-15 09:10:00,KF-K110,in_use,25.39,50.0,18.9,77.21,95.83,26.26
2024-01-15 09:10:30,KF-K110,in_use,32.76,50.75,15.38,77.17,91.4,25.26
2024-01-15 09:11:00,KF-K110,in_use,35.02,50.12,21.73,77.12,87.29,28.31
2024-01-15 09:11:30,KF-K110,in_use,30.87,50.42,,77.05,93.43,28.12
2024-01-15 09:12:00,KF-K110,in_use,33.37,49.99,17.53,76.99,90.84,26.81
2024-01-15 09:12:30,KF-K110,in_use,34.31,50.34,19.0,76.93,92.9,23.21
2024-01-15 09:13:00,KF-K110,in_use,35.55,50.32,21.94,76.86,90.69,
2024-01-15 09:13:30,KF-K110,in_use,40.91,50.96,16.02,76.81,88.63,26.42
2024-01-15 09:14:00,KF-K110,in_use,32.84,50.16,15.56,76.74,91.76,25.42
2024-01-15 09:14:30,KF-K110,in_use,33.57,50.92,18.64,76.69,91.23,29.72
2024-01-15 09:15:00,KF-K110,in_use,46.49,50.25,19.73,76.62,92.14,28.71
2024-01-15 09:15:30,KF-K110,in_use,37.12,49.92,20.66,76.56,91.9,25.31
2024-01-15 09:16:00,KF-K110,in_use,24.8,49.8,18.67,76.47,89.83,29.08
2024-01-15 09:16:30,KF-K110,in_use,32.49,50.35,19.44,76.42,87.56,25.5
2024-01-15 09:17:00,KF-K110,in_use,25.64,50.17,19.61,76.35,89.04,26.75
2024-01-15 09:17:30,KF-K110,in_use,28.32,50.56,18.39,76.29,88.31,27.19
2024-01-15 09:18:00,KF-K110,in_use,,49.64,19.06,76.24,89.12,25.72
2024-01-15 09:18:30,KF-K110,in_use,35.55,50.75,16.62,76.19,97.46,26.57
2024-01-15 09:19:00,KF-K110,in_use,17.05,50.9,17.04,76.15,,28.45
2024-01-15 09:19:30,KF-K110,in_use,37.22,50.11,14.9,76.08,89.18,28.99
2024-01-15 09:20:00,KF-K110,in_use,41.32,50.79,20.64,76.01,92.52,24.69
2024-01-15 09:20:30,KF-K110,in_use,20.96,50.17,15.66,75.95,90.95,30.76
2024-01-15 09:21:00,KF-K110,in_use,39.01,,,75.9,93.04,25.72
2024-01-15 09:21:30,KF-K110,in_use,32.69,50.36,15.78,75.82,89.66,28.45
2024-01-15 09:22:00,KF-K110,in_use,18.84,49.94,16.38,75.75,92.46,28.38
2024-01-15 09:22:30,KF-K110,in_use,29.7,50.08,17.54,75.68,91.77,28.91
2024-01-15 09:23:00,KF-K110,in_use,37.22,50.72,19.25,75.62,88.29,27.97
2024-01-15 09:23:30,KF-K110,in_use,19.84,50.06,,75.57,90.2,26.48
2024-01-15 09:24:00,KF-K110,in_use,42.73,50.57,16.98,75.5,90.36,26.78
2024-01-15 09:24:30,KF-K110,in_use,45.62,49.78,19.22,75.44,89.71,25.94
2024-01-15 09:25:00,KF-K110,in_use,,50.78,15.5,75.39,87.86,28.66
2024-01-15 09:25:30,KF-K110,in_use,42.38,50.21,16.84,75.32,90.08,24.85
2024-01-15 09:26:00,KF-K110,in_use,38.91,50.14,14.63,75.25,88.99,28.11
2024-01-15 09:26:30,KF-K110,in_use,45.83,,18.27,75.2,91.65,26.05
2024-01-15 09:27:00,KF-K110,in_use,33.0,50.73,15.04,75.15,94.9,27.9
2024-01-15 09:27:30,KF-K110,in_use,46.65,50.88,19.7,75.09,91.59,27.34
2024-01-15 09:28:00,KF-K110,in_use,40.66,50.78,13.84,75.02,90.77,25.76
2024-01-15 09:28:30,KF-K110,in_use,48.58,49.92,18.65,74.94,90.08,27.5
2024-01-15 09:29:00,KF-K110,in_use,41.37,50.15,17.36,74.88,86.26,31.04
2024-01-15 09:29:30,KF-K110,in_use,37.83,50.92,18.0,74.82,94.68,24.88
2024-01-15 09:30:00,KF-K110,in_use,31.22,50.8,18.89,74.75,90.87,24.75
2024-01-15 09:30:30,KF-K110,in_use,29.86,50.12,18.01,74.69,89.5,29.26
2024-01-15 09:31:00,KF-K110,in_use,53.33,50.82,19.67,74.63,88.92,25.74
2024-01-15 09:31:30,KF-K110,in_use,34.98,50.28,19.23,74.59,91.33,27.9
2024-01-15 09:32:00,KF-K110,in_use,43.22,50.52,17.71,74.53,95.55,25.49
2024-01-15 09:32:30,KF-K110,in_use,37.62,50.1,18.32,74.47,94.74,29.95
2024-01-15 09:33:00,KF-K110,in_use,,,16.58,74.4,91.62,28.93
2024-01-15 09:33:30,KF-K110,in_use,34.62,49.64,17.87,74.34,90.81,25.17
2024-01-15 09:34:00,KF-K110,in_use,32.03,,17.68,74.27,92.68,26.99
2024-01-15 09:34:30,KF-K110,in_use,32.81,50.37,13.1,74.2,92.57,28.29
2024-01-15 09:35:00,KF-K110,in_use,41.03,50.76,16.15,74.15,91.84,27.71
2024-01-15 09:35:30,KF-K110,in_use,47.15,51.27,21.75,74.11,90.22,28.78
2024-01-15 09:36:00,KF-K110,in_use,32.99,50.2,17.21,74.04,93.73,26.63
2024-01-15 09:36:30,KF-K110,in_use,30.34,49.29,16.65,73.96,88.63,27.14
2024-01-15 09:37:00,KF-K110,in_use,23.39,51.35,16.82,73.9,90.86,27.27
2024-01-15 09:37:30,KF-K110,in_use,25.82,50.61,17.35,73.84,92.14,
2024-01-15 09:38:00,KF-K110,in_use,28.22,50.13,15.14,,88.18,27.76
2024-01-15 09:38:30,KF-K110,in_use,26.85,50.14,12.52,73.72,91.38,25.25
2024-01-15 09:39:00,KF-K110,in_use,30.62,50.17,18.0,73.66,88.53,27.46
2024-01-15 09:39:30,KF-K110,in_use,35.31,50.58,17.43,73.6,90.26,28.5
2024-01-15 09:40:00,KF-K110,in_use,34.38,50.09,18.08,73.53,91.31,22.91
2024-01-15 09:40:30,KF-K110,in_use,32.31,50.77,14.98,73.49,88.1,26.39
2024-01-15 09:41:00,KF-K110,in_use,44.18,50.29,16.46,73.43,92.1,24.8
2024-01-15 09:41:30,KF-K110,in_use,32.77,50.92,21.08,73.38,92.82,26.25
2024-01-15 09:42:00,KF-K110,in_use,38.53,50.83,16.47,73.32,92.51,
2024-01-15 09:42:30,KF-K110,in_use,27.38,50.03,20.32,73.25,89.29,26.24
2024-01-15 09:43:00,KF-K110,in_use,20.87,50.38,17.14,73.18,94.87,21.58
2024-01-15 09:43:30,KF-K110,in_use,11.53,49.98,19.9,73.11,,26.07
2024-01-15 09:44:00,KF-K110,in_use,34.24,50.78,16.87,73.07,95.59,26.04
2024-01-15 09:44:30,KF-K110,in_use,35.97,50.62,18.97,72.99,91.17,25.69
2024-01-15 09:45:00,KF-K110,in_use,42.16,50.73,21.5,72.93,94.67,27.11
2024-01-15 09:45:30,KF-K110,in_use,30.13,50.12,21.52,72.87,92.8,24.02
2024-01-15 09:46:00,KF-K110,in_use,47.42,49.82,15.98,72.8,91.49,29.26
2024-01-15 09:46:30,KF-K110,in_use,23.04,49.49,18.54,72.75,92.33,28.43
2024-01-15 09:47:00,KF-K110,in_use,44.45,50.29,20.46,72.69,,24.03
2024-01-15 09:47:30,KF-K110,in_use,21.85,50.19,15.38,72.63,92.3,26.14
2024-01-15 09:48:00,KF-K110,in_use,39.09,50.06,22.72,72.56,91.14,27.18
2024-01-15 09:48:30,KF-K110,in_use,32.64,50.41,18.61,72.5,92.35,28.09
2024-01-15 09:49:00,KF-K110,in_use,29.72,50.76,19.29,72.44,92.02,26.05
2024-01-15 09:49:30,KF-K110,in_use,20.28,51.33,18.1,72.36,91.81,28.7
2024-01-15 09:50:00,KF-K110,in_use,32.84,50.37,,72.31,90.18,24.36
2024-01-15 09:50:30,KF-K110,in_use,57.32,49.76,17.94,72.26,87.35,26.32
2024-01-15 09:51:00,KF-K110,in_use,41.49,50.79,17.76,72.18,93.12,27.14
2024-01-15 09:51:30,KF-K110,in_use,27.9,50.17,16.08,72.14,91.43,
2024-01-15 09:52:00,KF-K110,in_use,41.64,50.37,19.85,72.08,90.35,25.99
2024-01-15 09:52:30,KF-K110,in_use,42.59,51.01,19.38,72.04,89.71,28.73
2024-01-15 09:53:00,KF-K110,in_use,24.83,50.54,18.06,71.99,90.32,25.34
2024-01-15 09:53:30,KF-K110,in_use,32.74,50.15,19.01,71.93,92.47,
2024-01-15 09:54:00,KF-K110,in_use,30.78,50.6,21.9,71.85,93.97,29.26
2024-01-15 09:54:30,KF-K110,in_use,31.48,51.0,16.8,71.78,89.29,25.9
2024-01-15 09:55:00,KF-K110,in_use,23.81,50.42,19.07,71.72,86.41,
2024-01-15 09:55:30,KF-K110,in_use,51.89,50.37,,71.67,91.63,27.15
2024-01-15 09:56:00,KF-K110,in_use,40.44,50.31,19.58,71.61,89.1,26.17
2024-01-15 09:56:30,KF-K110,in_use,34.67,50.39,14.04,71.57,89.32,
2024-01-15 09:57:00,KF-K110,in_use,38.92,49.71,16.48,,94.99,25.16
2024-01-15 09:57:30,KF-K110,in_use,50.82,50.38,17.49,71.44,92.83,29.26
2024-01-15 09:58:00,KF-K110,in_use,48.47,50.95,22.51,71.37,89.11,23.76
2024-01-15 09:58:30,KF-K110,in_use,,,15.1,71.31,93.72,22.73
2024-01-15 09:59:00,KF-K110,in_use,44.13,51.08,18.44,71.25,88.9,28.09
2024-01-15 09:59:30,KF-K110,in_use,39.22,49.71,16.08,71.19,91.81,26.46
2024-01-15 10:00:00,KF-K110,in_use,30.87,50.93,15.86,71.13,91.14,27.95
2024-01-15 10:00:30,KF-K110,in_use,28.62,50.8,15.03,71.09,93.84,31.32
2024-01-15 10:01:00,KF-K110,in_use,42.55,,17.12,71.02,90.14,25.3
2024-01-15 10:01:30,KF-K110,in_use,31.97,50.4,19.48,70.93,91.87,26.7
2024-01-15 10:02:00,KF-K110,in_use,30.92,50.28,16.8,70.87,88.76,23.0
2024-01-15 10:02:30,KF-K110,in_use,23.88,50.88,20.61,70.81,91.38,28.21
2024-01-15 10:03:00,KF-K110,in_use,,50.82,15.44,70.75,90.05,25.82
2024-01-15 10:03:30,KF-K110,in_use,44.54,50.78,16.81,70.7,93.26,28.57
2024-01-15 10:04:00,KF-K110,in_use,41.67,50.11,15.82,70.64,90.98,26.48
2024-01-15 10:04:30,KF-K110,in_use,43.52,50.42,15.35,70.59,92.76,26.82
2024-01-15 10:05:00,KF-K110,in_use,42.38,50.83,16.04,70.54,93.42,27.23
2024-01-15 10:05:30,KF-K110,in_use,35.7,50.78,17.87,,93.92,
2024-01-15 10:06:00,KF-K110,in_use,44.87,50.63,18.64,70.42,88.57,27.79
2024-01-15 10:06:30,KF-K110,in_use,34.69,50.19,18.45,,90.78,28.46
2024-01-15 10:07:00,KF-K110,in_use,34.01,50.64,20.72,70.27,94.0,27.04
2024-01-15 10:07:30,KF-K110,in_use,31.04,49.46,15.93,70.2,89.77,26.83
2024-01-15 10:08:00,KF-K110,in_use,44.08,50.02,19.36,70.15,89.96,27.34
2024-01-15 10:08:30,KF-K110,in_use,23.3,50.61,18.03,70.08,,26.19
2024-01-15 10:09:00,KF-K110,in_use,26.83,,18.0,69.99,94.72,27.83
2024-01-15 10:09:30,KF-K110,in_use,23.67,50.19,18.5,69.94,90.97,23.27
2024-01-15 10:10:00,KF-K110,in_use,38.15,50.94,18.14,69.88,91.64,26.58
2024-01-15 10:10:30,KF-K110,in_use,31.97,50.38,17.9,69.82,94.4,26.24
2024-01-15 10:11:00,KF-K110,in_use,26.84,50.41,18.17,69.77,93.78,28.26
2024-01-15 10:11:30,KF-K110,in_use,32.4,49.66,15.45,69.72,93.34,25.58
2024-01-15 10:12:00,KF-K110,in_use,39.46,51.1,19.11,69.65,91.5,
2024-01-15 10:12:30,KF-K110,in_use,29.34,50.38,20.39,,86.07,31.02
2024-01-15 10:13:00,KF-K110,in_use,38.09,50.22,17.23,,88.53,28.53
2024-01-15 10:13:30,KF-K110,in_use,35.95,49.82,15.89,69.5,91.0,24.96
2024-01-15 10:14:00,KF-K110,in_use,44.5,49.85,19.89,69.43,90.04,30.93
2024-01-15 10:14:30,KF-K110,in_use,42.45,50.32,16.58,69.37,92.64,27.47
2024-01-15 10:15:00,KF-K110,in_use,32.46,50.65,,69.33,94.54,
2024-01-15 10:15:30,KF-K110,in_use,39.0,50.15,19.2,69.27,91.94,31.86
2024-01-15 10:16:00,KF-K110,in_use,44.9,50.42,16.93,69.21,90.68,22.99
2024-01-15 10:16:30,KF-K110,in_use,27.69,50.31,16.05,69.16,89.63,27.92
2024-01-15 10:17:00,KF-K110,in_use,33.69,50.87,18.37,69.1,87.75,25.4
2024-01-15 10:17:30,KF-K110,in_use,18.56,49.95,17.37,69.02,91.12,27.24
2024-01-15 10:18:00,KF-K110,in_use,36.68,50.76,16.75,,90.6,24.35
2024-01-15 10:18:30,KF-K110,in_use,31.2,50.77,15.45,,91.01,27.16
2024-01-15 10:19:00,KF-K110,in_use,23.84,50.4,19.23,68.85,87.92,
2024-01-15 10:19:30,KF-K110,in_use,30.94,50.85,17.56,68.79,93.68,23.72
2024-01-15 10:20:00,KF-K110,in_use,38.86,50.53,18.08,68.73,88.95,28.46
2024-01-15 10:20:30,KF-K110,in_use,30.85,50.42,19.0,68.67,94.12,
2024-01-15 10:21:00,KF-K110,in_use,41.13,50.23,15.38,68.61,88.84,26.31
2024-01-15 10:21:30,KF-K110,in_use,35.54,,21.98,68.56,,24.08
2024-01-15 10:22:00,KF-K110,in_use,36.03,50.12,,68.49,90.38,26.28
2024-01-15 10:22:30,KF-K110,in_use,42.55,50.51,17.24,68.42,94.81,21.84
2024-01-15 10:23:00,KF-K110,in_use,45.25,49.93,15.07,68.35,90.57,28.22
2024-01-15 10:23:30,KF-K110,in_use,35.34,50.06,20.39,68.29,89.37,27.62
2024-01-15 10:24:00,KF-K110,in_use,37.68,50.64,17.26,68.22,92.04,27.9
2024-01-15 10:24:30,KF-K110,in_use,,49.95,15.36,68.18,93.13,26.9
2024-01-15 10:25:00,KF-K110,in_use,40.22,51.06,19.49,68.13,89.29,26.43
2024-01-15 10:25:30,KF-K110,in_use,33.42,50.87,18.69,68.08,88.06,24.92
2024-01-15 10:26:00,KF-K110,in_use,40.28,50.8,14.9,68.02,89.55,26.78
2024-01-15 10:26:30,KF-K110,in_use,34.91,50.09,14.76,67.96,88.76,23.63
2024-01-15 10:27:00,KF-K110,in_use,38.61,50.36,20.23,67.91,86.35,29.22
2024-01-15 10:27:30,KF-K110,in_use,40.18,50.52,21.63,67.85,88.78,24.87
2024-01-15 10:28:00,KF-K110,in_use,42.68,50.44,20.79,67.8,90.63,28.04
2024-01-15 10:28:30,KF-K110,in_use,26.55,51.06,19.96,67.74,93.13,26.13
2024-01-15 10:29:00,KF-K110,in_use,28.02,50.44,18.84,67.69,94.33,26.27
2024-01-15 10:29:30,KF-K110,in_use,39.65,51.06,14.53,67.62,88.49,28.12
2024-01-15 10:30:00,KF-K110,in_use,37.95,50.75,18.75,67.56,89.96,27.78
2024-01-15 10:30:30,KF-K110,in_use,40.14,50.35,19.76,67.51,91.1,26.9
2024-01-15 10:31:00,KF-K110,in_use,33.97,50.17,19.51,67.44,89.18,28.54
2024-01-15 10:31:30,KF-K110,in_use,24.98,50.38,21.04,67.39,93.01,22.53
2024-01-15 10:32:00,KF-K110,in_use,45.05,49.49,15.65,67.33,92.44,27.41
2024-01-15 10:32:30,KF-K110,in_use,48.13,50.14,17.15,67.27,89.19,22.52
2024-01-15 10:33:00,KF-K110,in_use,20.92,50.39,16.35,67.21,94.05,23.14
2024-01-15 10:33:30,KF-K110,in_use,30.83,50.9,18.61,67.16,90.3,27.65
2024-01-15 10:34:00,KF-K110,in_use,34.16,50.18,16.63,67.11,90.01,26.41
2024-01-15 10:34:30,KF-K110,in_use,,50.27,17.46,67.04,91.49,26.15
2024-01-15 10:35:00,KF-K110,in_use,28.65,50.72,,66.98,92.41,32.07
2024-01-15 10:35:30,KF-K110,in_use,57.88,50.34,17.39,66.92,93.11,24.5
2024-01-15 10:36:00,KF-K110,in_use,39.87,50.49,19.79,66.86,92.51,26.45
2024-01-15 10:36:30,KF-K110,in_use,39.86,50.57,22.43,66.81,89.35,29.06
2024-01-15 10:37:00,KF-K110,in_use,52.69,50.75,19.19,66.75,86.94,27.89
2024-01-15 10:37:30,KF-K110,in_use,54.85,50.64,19.03,66.67,92.2,25.93
2024-01-15 10:38:00,KF-K110,in_use,30.19,49.96,16.2,66.6,93.83,26.43
2024-01-15 10:38:30,KF-K110,in_use,37.3,50.66,20.17,66.53,96.71,
2024-01-15 10:39:00,KF-K110,in_use,,50.35,13.38,66.48,90.8,28.12
2024-01-15 10:39:30,KF-K110,in_use,26.54,50.73,19.02,66.41,90.4,
2024-01-15 10:40:00,KF-K110,in_use,28.82,50.45,18.18,66.33,92.96,30.1
2024-01-15 10:40:30,KF-K110,in_use,32.23,50.21,17.88,66.27,91.03,24.89
2024-01-15 10:41:00,KF-K110,in_use,34.76,50.83,19.64,66.2,91.24,26.02
2024-01-15 10:41:30,KF-K110,in_use,25.38,50.94,12.89,66.13,88.04,26.09
2024-01-15 10:42:00,KF-K110,in_use,,50.42,14.68,66.06,91.41,24.78
2024-01-15 10:42:30,KF-K110,in_use,40.85,50.71,17.23,66.01,88.35,25.19
2024-01-15 10:43:00,KF-K110,in_use,32.78,49.98,20.37,65.94,92.53,27.7
2024-01-15 10:43:30,KF-K110,in_use,28.43,50.34,16.78,65.89,93.27,24.0
2024-01-15 10:44:00,KF-K110,in_use,44.26,50.83,16.35,65.83,88.8,26.07
2024-01-15 10:44:30,KF-K110,in_use,29.37,,18.89,65.79,90.97,27.16
2024-01-15 10:45:00,KF-K110,in_use,27.92,50.7,15.79,65.75,89.36,
2024-01-15 10:45:30,KF-K110,in_use,41.07,51.29,20.19,65.67,91.5,28.75
2024-01-15 10:46:00,KF-K110,in_use,32.48,50.12,18.3,,88.42,22.98
2024-01-15 10:46:30,KF-K110,in_use,31.1,50.35,18.83,65.54,94.34,27.78
2024-01-15 10:47:00,KF-K110,in_use,19.65,,20.65,65.48,91.49,28.85
2024-01-15 10:47:30,KF-K110,in_use,25.93,49.95,21.99,65.41,92.4,25.75
2024-01-15 10:48:00,KF-K110,in_use,,50.09,18.12,65.36,91.3,28.74
2024-01-15 10:48:30,KF-K110,in_use,43.09,50.95,15.04,65.29,90.36,
2024-01-15 10:49:00,KF-K110,in_use,34.43,50.21,15.34,65.24,88.57,25.24
2024-01-15 10:49:30,KF-K110,in_use,29.92,50.56,17.61,65.18,89.49,26.98
2024-01-15 10:50:00,KF-K110,in_use,48.7,51.1,13.99,65.14,95.01,28.17
2024-01-15 10:50:30,KF-K110,in_use,40.53,50.9,20.37,65.08,89.86,25.81
2024-01-15 10:51:00,KF-K110,in_use,34.0,,17.72,65.01,90.4,27.3
2024-01-15 10:51:30,KF-K110,in_use,30.77,51.24,17.68,64.96,91.55,31.3
2024-01-15 10:52:00,KF-K110,in_use,25.13,50.32,20.37,64.89,88.97,30.92
2024-01-15 10:52:30,KF-K110,in_use,28.75,50.1,19.02,,91.01,26.09
2024-01-15 10:53:00,KF-K110,in_use,47.6,51.4,21.04,64.77,91.8,28.24
2024-01-15 10:53:30,KF-K110,in_use,36.13,50.97,17.91,64.72,89.95,24.83
2024-01-15 10:54:00,KF-K110,in_use,44.76,50.46,18.01,64.66,,26.3
2024-01-15 10:54:30,KF-K110,in_use,43.17,50.17,19.38,64.61,90.49,27.16
2024-01-15 10:55:00,KF-K110,in_use,34.13,50.97,17.98,64.54,87.64,28.45
2024-01-15 10:55:30,KF-K110,in_use,45.52,50.34,18.92,64.49,92.4,25.91
2024-01-15 10:56:00,KF-K110,in_use,26.25,50.79,18.69,64.43,88.8,29.3
2024-01-15 10:56:30,KF-K110,in_use,38.95,49.69,16.65,64.39,88.4,22.49
2024-01-15 10:57:00,KF-K110,in_use,32.25,50.7,18.57,64.33,91.4,27.94
2024-01-15 10:57:30,KF-K110,in_use,29.52,50.8,19.9,64.25,,28.06
2024-01-15 10:58:00,KF-K110,in_use,,51.02,17.75,64.18,91.3,24.36
2024-01-15 10:58:30,KF-K110,in_use,34.54,50.81,16.25,64.12,87.13,25.1
2024-01-15 10:59:00,KF-K110,in_use,40.92,50.45,17.53,64.03,89.32,27.64
2024-01-15 10:59:30,KF-K110,in_use,36.36,51.24,18.8,63.97,88.77,28.26
2024-01-15 11:00:00,KF-K110,charging,0.0,51.93,-11.67,,90.65,26.43
2024-01-15 11:00:30,KF-K110,charging,0.0,51.92,-12.99,63.97,89.98,25.22
2024-01-15 11:01:00,KF-K110,charging,0.0,,-10.37,63.97,91.86,27.65
2024-01-15 11:01:30,KF-K110,charging,0.0,51.78,-11.71,63.97,93.0,28.08
2024-01-15 11:02:00,KF-K110,charging,0.0,51.91,-12.65,63.97,91.17,28.16
2024-01-15 11:02:30,KF-K110,charging,0.0,52.1,-12.59,63.97,87.46,29.39
2024-01-15 11:03:00,KF-K110,charging,0.0,51.93,-10.03,63.97,,26.58
2024-01-15 11:03:30,KF-K110,charging,,52.23,-11.91,63.97,92.43,28.73
2024-01-15 11:04:00,KF-K110,charging,0.0,,,63.97,90.44,24.07
2024-01-15 11:04:30,KF-K110,charging,0.0,51.77,-12.0,63.97,94.04,25.18
2024-01-15 11:05:00,KF-K110,charging,0.0,52.18,-14.34,63.97,,26.75
2024-01-15 11:05:30,KF-K110,charging,,51.95,-12.5,63.97,91.9,25.78
2024-01-15 11:06:00,KF-K110,charging,0.0,51.71,-12.36,63.97,90.52,24.73
2024-01-15 11:06:30,KF-K110,charging,0.0,51.86,-12.56,63.97,94.12,27.34
2024-01-15 11:07:00,KF-K110,charging,0.0,51.65,-13.12,63.97,87.51,28.62
2024-01-15 11:07:30,KF-K110,charging,0.0,52.56,-14.01,63.97,88.99,26.62
2024-01-15 11:08:00,KF-K110,charging,0.0,51.99,-12.52,63.97,92.9,27.86
2024-01-15 11:08:30,KF-K110,charging,0.0,52.24,-12.36,63.97,92.46,27.15
2024-01-15 11:09:00,KF-K110,charging,0.0,52.21,-12.6,63.97,90.53,26.91
2024-01-15 11:09:30,KF-K110,charging,,51.73,-12.92,63.97,90.45,28.41
2024-01-15 11:10:00,KF-K110,charging,0.0,52.14,-11.36,63.97,90.94,30.01
2024-01-15 11:10:30,KF-K110,charging,0.0,52.13,-12.74,63.97,87.11,
2024-01-15 11:11:00,KF-K110,charging,0.0,51.98,-12.69,63.97,90.27,25.42
2024-01-15 11:11:30,KF-K110,charging,,52.16,-10.98,63.97,90.43,28.96
2024-01-15 11:12:00,KF-K110,charging,0.0,52.01,-13.16,63.97,92.73,26.9
2024-01-15 11:12:30,KF-K110,charging,0.0,52.23,-13.38,63.97,92.17,26.29
2024-01-15 11:13:00,KF-K110,charging,0.0,52.04,-11.78,63.97,91.13,26.2
2024-01-15 11:13:30,KF-K110,charging,0.0,51.61,,63.97,89.9,30.23
2024-01-15 11:14:00,KF-K110,charging,0.0,52.29,-12.02,63.97,91.26,
2024-01-15 11:14:30,KF-K110,charging,0.0,52.12,-11.36,63.97,90.14,24.49
2024-01-15 11:15:00,KF-K110,charging,,52.06,-10.3,63.97,89.95,25.04
2024-01-15 11:15:30,KF-K110,charging,0.0,52.33,-12.05,63.97,,26.77
2024-01-15 11:16:00,KF-K110,charging,0.0,52.37,-10.81,63.97,95.14,24.25
2024-01-15 11:16:30,KF-K110,charging,0.0,51.83,-12.08,63.97,90.17,28.14
2024-01-15 11:17:00,KF-K110,charging,0.0,51.74,-13.73,63.97,91.93,25.56
2024-01-15 11:17:30,KF-K110,charging,0.0,51.6,-13.36,63.97,90.71,26.22
2024-01-15 11:18:00,KF-K110,charging,0.0,51.9,-11.42,63.97,90.6,24.59
2024-01-15 11:18:30,KF-K110,charging,0.0,51.95,-10.1,63.97,95.99,27.83
2024-01-15 11:19:00,KF-K110,charging,0.0,52.22,-11.99,63.97,95.04,26.84
2024-01-15 11:19:30,KF-K110,charging,0.0,51.9,-12.13,63.97,91.6,24.62
2024-01-15 11:20:00,KF-K110,charging,0.0,51.8,-12.16,63.97,90.14,24.11
2024-01-15 11:20:30,KF-K110,charging,0.0,51.75,-11.23,63.97,90.97,25.18
2024-01-15 11:21:00,KF-K110,charging,0.0,52.07,-10.78,63.97,92.36,27.09
2024-01-15 11:21:30,KF-K110,charging,0.0,52.23,-11.61,63.97,88.2,23.21
2024-01-15 11:22:00,KF-K110,charging,0.0,51.91,-12.83,63.97,92.27,27.32
2024-01-15 11:22:30,KF-K110,charging,0.0,52.07,-12.48,63.97,93.23,27.52
2024-01-15 11:23:00,KF-K110,charging,0.0,,-12.61,,89.08,32.63
2024-01-15 11:23:30,KF-K110,charging,0.0,,-11.02,63.97,87.33,28.15
2024-01-15 11:24:00,KF-K110,charging,0.0,52.16,-11.9,63.97,,26.8
2024-01-15 11:24:30,KF-K110,charging,0.0,51.76,-12.69,63.97,87.43,30.41
2024-01-15 11:25:00,KF-K110,charging,0.0,52.11,-10.58,63.97,91.13,25.64
2024-01-15 11:25:30,KF-K110,charging,0.0,51.71,-12.41,63.97,88.74,29.64
2024-01-15 11:26:00,KF-K110,charging,0.0,52.25,-10.0,63.97,89.38,24.84
2024-01-15 11:26:30,KF-K110,charging,,51.74,-10.17,63.97,92.25,24.52
2024-01-15 11:27:00,KF-K110,charging,0.0,52.42,-9.65,63.97,,28.67
2024-01-15 11:27:30,KF-K110,charging,0.0,52.33,-11.32,63.97,93.93,27.81
2024-01-15 11:28:00,KF-K110,charging,0.0,51.87,-12.85,63.97,88.04,26.05
2024-01-15 11:28:30,KF-K110,charging,0.0,51.61,,63.97,90.87,25.41
2024-01-15 11:29:00,KF-K110,charging,0.0,52.22,-11.67,63.97,90.34,26.57
2024-01-15 11:29:30,KF-K110,charging,0.0,51.77,,63.97,90.82,23.56
2024-01-15 11:30:00,KF-K110,not_in_use,0.0,51.66,0.0,63.97,92.23,26.11
2024-01-15 11:30:30,KF-K110,not_in_use,0.0,51.95,0.0,63.97,87.62,27.29
2024-01-15 11:31:00,KF-K110,not_in_use,0.0,51.91,0.0,63.97,91.4,25.07
2024-01-15 11:31:30,KF-K110,not_in_use,0.0,51.76,0.0,63.97,90.98,30.32
2024-01-15 11:32:00,KF-K110,not_in_use,0.0,52.26,0.0,63.97,90.85,23.95
2024-01-15 11:32:30,KF-K110,not_in_use,0.0,51.81,0.0,,91.51,25.41
2024-01-15 11:33:00,KF-K110,not_in_use,0.0,52.28,0.0,63.97,89.36,28.43
2024-01-15 11:33:30,KF-K110,not_in_use,0.0,52.1,0.0,63.97,94.25,24.7
2024-01-15 11:34:00,KF-K110,not_in_use,0.0,51.81,0.0,63.97,91.45,24.43
2024-01-15 11:34:30,KF-K110,not_in_use,0.0,51.77,0.0,63.97,93.46,24.12
2024-01-15 11:35:00,KF-K110,not_in_use,0.0,52.24,0.0,63.97,92.58,24.96
2024-01-15 11:35:30,KF-K110,not_in_use,0.0,52.06,0.0,63.97,90.26,28.2
2024-01-15 11:36:00,KF-K110,not_in_use,0.0,52.53,0.0,63.97,89.3,25.81
2024-01-15 11:36:30,KF-K110,not_in_use,0.0,51.83,0.0,63.97,91.74,27.73
2024-01-15 11:37:00,KF-K110,not_in_use,0.0,52.16,,63.97,91.02,26.54
2024-01-15 11:37:30,KF-K110,not_in_use,0.0,51.93,0.0,63.97,86.16,26.18
2024-01-15 11:38:00,KF-K110,not_in_use,0.0,51.97,0.0,63.97,,
2024-01-15 11:38:30,KF-K110,not_in_use,0.0,51.98,0.0,63.97,,27.18
2024-01-15 11:39:00,KF-K110,not_in_use,0.0,52.06,0.0,63.97,90.53,26.2
2024-01-15 11:39:30,KF-K110,not_in_use,0.0,52.06,0.0,63.97,88.99,24.97
2024-01-15 11:40:00,KF-K110,not_in_use,0.0,52.11,0.0,63.97,90.2,31.2
2024-01-15 11:40:30,KF-K110,not_in_use,0.0,52.19,0.0,63.97,88.78,25.48
2024-01-15 11:41:00,KF-K110,not_in_use,0.0,51.81,0.0,63.97,90.11,29.8
2024-01-15 11:41:30,KF-K110,not_in_use,0.0,52.31,0.0,63.97,92.33,28.13
2024-01-15 11:42:00,KF-K110,not_in_use,0.0,51.95,0.0,63.97,91.62,24.15
2024-01-15 11:42:30,KF-K110,not_in_use,0.0,52.02,0.0,63.97,92.9,27.43
2024-01-15 11:43:00,KF-K110,not_in_use,0.0,,0.0,63.97,92.21,28.81
2024-01-15 11:43:30,KF-K110,not_in_use,0.0,51.9,0.0,63.97,91.28,24.31
2024-01-15 11:44:00,KF-K110,not_in_use,0.0,,0.0,63.97,88.91,28.28
2024-01-15 11:44:30,KF-K110,not_in_use,0.0,51.62,0.0,63.97,91.38,23.68
2024-01-15 11:45:00,KF-K110,not_in_use,0.0,51.85,0.0,63.97,87.29,28.03
2024-01-15 11:45:30,KF-K110,not_in_use,0.0,52.14,0.0,63.97,94.16,23.15
2024-01-15 11:46:00,KF-K110,not_in_use,0.0,52.06,,63.97,91.23,27.22
2024-01-15 11:46:30,KF-K110,not_in_use,0.0,52.04,0.0,63.97,93.48,
2024-01-15 11:47:00,KF-K110,not_in_use,0.0,52.0,0.0,63.97,92.29,33.74
2024-01-15 11:47:30,KF-K110,not_in_use,0.0,51.79,0.0,63.97,92.23,26.18
2024-01-15 11:48:00,KF-K110,not_in_use,0.0,52.06,0.0,63.97,92.14,29.84
2024-01-15 11:48:30,KF-K110,not_in_use,0.0,52.36,0.0,63.97,92.32,24.15
2024-01-15 11:49:00,KF-K110,not_in_use,0.0,51.88,0.0,63.97,89.93,30.87
2024-01-15 11:49:30,KF-K110,not_in_use,0.0,51.8,0.0,63.97,94.74,27.66
2024-01-15 11:50:00,KF-K110,not_in_use,0.0,52.05,0.0,63.97,88.42,25.65
2024-01-15 11:50:30,KF-K110,not_in_use,0.0,52.15,0.0,63.97,88.11,27.18
2024-01-15 11:51:00,KF-K110,not_in_use,0.0,52.14,0.0,63.97,90.78,23.05
2024-01-15 11:51:30,KF-K110,not_in_use,0.0,52.12,0.0,63.97,87.44,
2024-01-15 11:52:00,KF-K110,not_in_use,0.0,51.92,0.0,63.97,91.11,25.43
2024-01-15 11:52:30,KF-K110,not_in_use,0.0,52.28,0.0,63.97,88.31,25.28
2024-01-15 11:53:00,KF-K110,not_in_use,0.0,51.77,0.0,63.97,90.9,23.81
2024-01-15 11:53:30,KF-K110,not_in_use,0.0,51.84,0.0,63.97,89.56,24.13
2024-01-15 11:54:00,KF-K110,not_in_use,0.0,52.26,0.0,63.97,88.28,29.66
2024-01-15 11:54:30,KF-K110,not_in_use,0.0,51.58,0.0,,88.52,28.54
2024-01-15 11:55:00,KF-K110,not_in_use,0.0,52.21,0.0,63.97,90.87,24.12
2024-01-15 11:55:30,KF-K110,not_in_use,0.0,52.33,0.0,63.97,91.42,26.22
2024-01-15 11:56:00,KF-K110,not_in_use,0.0,52.36,0.0,63.97,89.37,27.58
2024-01-15 11:56:30,KF-K110,not_in_use,0.0,52.14,0.0,,,27.15
2024-01-15 11:57:00,KF-K110,not_in_use,0.0,51.45,0.0,63.97,91.89,24.36
2024-01-15 11:57:30,KF-K110,not_in_use,0.0,51.79,0.0,63.97,89.04,23.78
2024-01-15 11:58:00,KF-K110,not_in_use,0.0,51.89,0.0,63.97,91.1,29.39
2024-01-15 11:58:30,KF-K110,not_in_use,0.0,52.26,0.0,63.97,92.99,
2024-01-15 11:59:00,KF-K110,not_in_use,0.0,52.14,0.0,63.97,91.58,28.52
2024-01-15 11:59:30,KF-K110,not_in_use,0.0,51.88,,63.97,90.39,27.94
2024-01-15 06:00:00,KF-B101,in_use,19.82,47.19,37.37,99.74,66.02,27.38
2024-01-15 06:00:30,KF-B101,in_use,38.45,49.05,22.58,99.51,68.15,24.66
2024-01-15 06:01:00,KF-B101,in_use,38.78,45.56,26.1,99.3,65.5,27.55
2024-01-15 06:01:30,KF-B101,in_use,,42.12,29.05,99.03,68.49,23.93
2024-01-15 06:02:00,KF-B101,in_use,33.77,45.44,28.38,98.79,70.6,26.52
2024-01-15 06:02:30,KF-B101,in_use,39.82,44.8,27.78,98.48,68.06,25.46
2024-01-15 06:03:00,KF-B101,in_use,42.65,45.71,32.86,98.21,69.11,23.68
2024-01-15 06:03:30,KF-B101,in_use,40.02,47.93,25.91,97.87,65.77,26.39
2024-01-15 06:04:00,KF-B101,in_use,38.75,43.03,19.38,,66.84,24.77
2024-01-15 06:04:30,KF-B101,in_use,49.38,47.06,24.66,97.36,69.46,28.02
2024-01-15 06:05:00,KF-B101,in_use,40.83,44.48,31.75,97.06,63.54,25.77
2024-01-15 06:05:30,KF-B101,in_use,46.73,44.37,31.28,96.79,,27.01
2024-01-15 06:06:00,KF-B101,in_use,25.74,47.95,38.32,96.53,66.63,28.69
2024-01-15 06:06:30,KF-B101,in_use,,45.55,27.95,96.26,67.61,
2024-01-15 06:07:00,KF-B101,in_use,25.98,46.04,28.28,96.04,64.27,29.4
2024-01-15 06:07:30,KF-B101,in_use,32.81,44.41,31.83,95.83,67.03,28.77
2024-01-15 06:08:00,KF-B101,in_use,23.04,45.32,31.71,95.64,66.8,27.41
2024-01-15 06:08:30,KF-B101,in_use,13.4,49.74,29.37,95.38,68.13,23.34
2024-01-15 06:09:00,KF-B101,in_use,46.21,46.84,22.96,95.19,65.3,27.94
2024-01-15 06:09:30,KF-B101,in_use,37.78,46.01,19.77,94.96,61.53,31.02
2024-01-15 06:10:00,KF-B101,in_use,26.18,44.01,32.18,94.73,68.62,29.34
2024-01-15 06:10:30,KF-B101,in_use,26.28,44.61,30.36,94.56,69.24,25.86
2024-01-15 06:11:00,KF-B101,in_use,40.79,48.55,28.49,94.31,68.48,23.54
2024-01-15 06:11:30,KF-B101,in_use,43.41,46.71,21.77,94.09,64.5,27.62
2024-01-15 06:12:00,KF-B101,in_use,36.66,45.99,35.59,93.86,72.52,23.7
2024-01-15 06:12:30,KF-B101,in_use,12.46,49.65,28.15,93.6,64.88,24.96
2024-01-15 06:13:00,KF-B101,in_use,,43.47,,93.41,,26.83
2024-01-15 06:13:30,KF-B101,in_use,24.2,48.95,23.88,93.22,,29.38
2024-01-15 06:14:00,KF-B101,in_use,36.82,46.2,31.83,92.97,68.71,20.61
2024-01-15 06:14:30,KF-B101,in_use,31.9,47.58,29.65,92.66,64.5,25.63
2024-01-15 06:15:00,KF-B101,in_use,28.11,51.42,25.91,92.39,68.5,25.88
2024-01-15 06:15:30,KF-B101,in_use,35.66,46.07,23.56,92.17,63.71,22.58
2024-01-15 06:16:00,KF-B101,in_use,,42.61,27.4,91.91,,28.09
2024-01-15 06:16:30,KF-B101,in_use,32.24,46.54,30.16,,69.59,26.65
2024-01-15 06:17:00,KF-B101,in_use,23.4,42.3,36.31,91.45,71.86,29.07
2024-01-15 06:17:30,KF-B101,in_use,,47.98,23.86,91.23,75.44,30.19
2024-01-15 06:18:00,KF-B101,in_use,50.82,44.89,30.3,90.97,73.03,27.0
2024-01-15 06:18:30,KF-B101,in_use,28.64,46.8,33.56,90.73,67.56,28.65
2024-01-15 06:19:00,KF-B101,in_use,39.69,43.57,30.86,90.59,63.09,
2024-01-15 06:19:30,KF-B101,in_use,27.6,44.23,33.87,90.35,70.22,24.68
2024-01-15 06:20:00,KF-B101,in_use,39.8,46.95,21.8,90.03,64.81,29.51
2024-01-15 06:20:30,KF-B101,in_use,32.62,47.36,36.91,89.84,68.51,26.4
2024-01-15 06:21:00,KF-B101,in_use,20.04,48.0,27.1,89.52,66.41,26.11
2024-01-15 06:21:30,KF-B101,in_use,21.37,46.74,37.68,89.18,70.71,27.22
2024-01-15 06:22:00,KF-B101,in_use,43.74,47.09,24.98,88.89,69.49,25.5
2024-01-15 06:22:30,KF-B101,in_use,29.72,48.86,28.24,88.72,68.29,25.42
2024-01-15 06:23:00,KF-B101,in_use,49.49,50.72,29.83,88.48,72.65,25.56
2024-01-15 06:23:30,KF-B101,in_use,38.13,46.08,23.97,88.24,68.88,29.16
2024-01-15 06:24:00,KF-B101,in_use,42.75,45.2,7.21,88.04,64.46,25.82
2024-01-15 06:24:30,KF-B101,in_use,,46.37,29.8,87.83,63.94,27.6
2024-01-15 06:25:00,KF-B101,in_use,32.46,47.27,,87.52,67.55,25.65
2024-01-15 06:25:30,KF-B101,in_use,43.33,45.09,35.4,87.22,70.89,25.9
2024-01-15 06:26:00,KF-B101,in_use,27.19,46.47,22.44,86.94,,25.67
2024-01-15 06:26:30,KF-B101,in_use,36.65,49.27,25.29,86.68,72.0,26.15
2024-01-15 06:27:00,KF-B101,in_use,35.8,47.91,33.66,86.49,68.66,28.5
2024-01-15 06:27:30,KF-B101,in_use,44.72,49.87,36.32,86.21,72.03,27.95
2024-01-15 06:28:00,KF-B101,in_use,34.68,46.86,34.07,85.93,68.05,
2024-01-15 06:28:30,KF-B101,in_use,40.0,48.76,25.41,85.64,67.19,26.32
2024-01-15 06:29:00,KF-B101,in_use,39.49,48.38,27.75,85.38,72.26,28.43
2024-01-15 06:29:30,KF-B101,in_use,41.43,42.92,28.52,85.1,66.7,29.84
2024-01-15 06:30:00,KF-B101,in_use,45.38,48.9,41.02,84.87,70.79,28.22
2024-01-15 06:30:30,KF-B101,in_use,40.41,44.81,23.57,84.64,66.86,28.03
2024-01-15 06:31:00,KF-B101,in_use,34.94,46.87,25.16,84.4,71.86,
2024-01-15 06:31:30,KF-B101,in_use,32.98,44.18,26.3,84.12,67.41,29.79
2024-01-15 06:32:00,KF-B101,in_use,50.04,46.73,28.93,83.87,65.45,25.38
2024-01-15 06:32:30,KF-B101,in_use,55.76,48.16,31.3,,71.23,29.08
2024-01-15 06:33:00,KF-B101,in_use,47.25,47.73,29.99,,,28.58
2024-01-15 06:33:30,KF-B101,in_use,50.33,45.99,29.45,83.07,64.75,29.13
2024-01-15 06:34:00,KF-B101,in_use,50.5,47.56,32.35,82.83,69.87,26.37
2024-01-15 06:34:30,KF-B101,in_use,,45.61,26.63,82.55,67.22,27.55
2024-01-15 06:35:00,KF-B101,in_use,26.21,42.57,27.97,82.29,68.24,28.13
2024-01-15 06:35:30,KF-B101,in_use,38.33,44.74,,82.01,73.32,27.63
2024-01-15 06:36:00,KF-B101,in_use,22.92,49.48,32.12,81.77,70.22,27.82
2024-01-15 06:36:30,KF-B101,in_use,36.21,,33.84,81.43,70.12,26.77
2024-01-15 06:37:00,KF-B101,in_use,41.69,46.67,32.57,81.13,68.42,28.14
2024-01-15 06:37:30,KF-B101,in_use,47.5,47.63,29.09,80.98,65.8,25.66
2024-01-15 06:38:00,KF-B101,in_use,46.48,46.91,22.64,80.75,67.16,25.9
2024-01-15 06:38:30,KF-B101,in_use,28.23,47.97,30.09,80.52,65.73,25.57
2024-01-15 06:39:00,KF-B101,in_use,52.5,46.44,28.43,80.25,63.83,24.6
2024-01-15 06:39:30,KF-B101,in_use,47.15,47.31,26.78,79.97,,26.11
2024-01-15 06:40:00,KF-B101,in_use,33.44,44.48,24.55,79.76,70.48,24.78
2024-01-15 06:40:30,KF-B101,in_use,35.52,47.26,31.43,79.52,67.63,24.0
2024-01-15 06:41:00,KF-B101,in_use,41.86,45.93,20.59,79.3,,29.45
2024-01-15 06:41:30,KF-B101,in_use,40.55,47.36,27.92,79.07,70.25,26.22
2024-01-15 06:42:00,KF-B101,in_use,38.26,42.95,17.75,78.78,,26.52
2024-01-15 06:42:30,KF-B101,in_use,38.97,43.31,31.71,78.52,68.03,25.78
2024-01-15 06:43:00,KF-B101,in_use,39.49,46.78,25.88,78.22,66.28,27.77
2024-01-15 06:43:30,KF-B101,in_use,30.51,47.7,31.7,77.92,66.0,26.19
2024-01-15 06:44:00,KF-B101,in_use,49.51,47.44,24.54,77.66,68.76,25.9
2024-01-15 06:44:30,KF-B101,in_use,52.93,43.64,,77.38,66.8,25.56
2024-01-15 06:45:00,KF-B101,in_use,,,32.19,77.22,69.11,27.61
2024-01-15 06:45:30,KF-B101,in_use,36.54,50.21,30.31,76.87,67.37,27.03
2024-01-15 06:46:00,KF-B101,in_use,13.51,44.43,27.73,76.62,68.21,27.89
2024-01-15 06:46:30,KF-B101,in_use,39.96,45.36,28.6,76.39,68.01,28.99
2024-01-15 06:47:00,KF-B101,in_use,28.05,46.53,28.83,76.14,,29.61
2024-01-15 06:47:30,KF-B101,in_use,36.02,45.54,27.95,75.88,71.23,28.34
2024-01-15 06:48:00,KF-B101,in_use,21.16,44.32,32.59,75.67,64.75,28.58
2024-01-15 06:48:30,KF-B101,in_use,34.9,45.67,32.44,75.42,75.53,27.23
2024-01-15 06:49:00,KF-B101,in_use,20.69,49.46,26.15,75.15,67.01,31.62
2024-01-15 06:49:30,KF-B101,in_use,40.37,47.3,29.44,74.91,67.56,29.42
2024-01-15 06:50:00,KF-B101,in_use,33.6,45.74,28.55,74.59,71.26,25.09
2024-01-15 06:50:30,KF-B101,in_use,34.39,46.67,17.94,74.37,64.07,26.72
2024-01-15 06:51:00,KF-B101,in_use,34.46,47.68,34.42,74.08,63.77,24.95
2024-01-15 06:51:30,KF-B101,in_use,39.85,48.57,27.0,73.87,63.82,25.44
2024-01-15 06:52:00,KF-B101,in_use,28.67,47.2,31.16,73.6,69.0,30.83
2024-01-15 06:52:30,KF-B101,in_use,38.59,46.95,38.59,73.34,74.82,27.65
2024-01-15 06:53:00,KF-B101,in_use,29.25,44.35,30.88,73.09,69.29,28.4
2024-01-15 06:53:30,KF-B101,in_use,24.2,44.65,24.33,72.83,65.1,
2024-01-15 06:54:00,KF-B101,in_use,31.6,43.43,26.6,72.64,68.62,24.7
2024-01-15 06:54:30,KF-B101,in_use,43.66,46.32,29.9,72.4,66.67,25.44
2024-01-15 06:55:00,KF-B101,in_use,31.2,48.99,28.19,72.11,69.91,30.73
2024-01-15 06:55:30,KF-B101,in_use,36.24,48.95,22.08,71.89,67.8,24.91
2024-01-15 06:56:00,KF-B101,in_use,31.52,47.81,28.63,71.6,68.62,26.07
2024-01-15 06:56:30,KF-B101,in_use,31.88,46.94,19.47,71.36,67.25,26.74
2024-01-15 06:57:00,KF-B101,in_use,40.26,47.76,24.27,71.02,67.53,25.99
2024-01-15 06:57:30,KF-B101,in_use,39.13,44.93,29.91,70.8,62.63,26.03
2024-01-15 06:58:00,KF-B101,in_use,13.15,46.72,24.65,70.48,64.13,31.4
2024-01-15 06:58:30,KF-B101,in_use,30.98,45.44,22.92,70.25,,25.96
2024-01-15 06:59:00,KF-B101,in_use,30.21,44.88,25.07,70.02,69.65,29.4
2024-01-15 06:59:30,KF-B101,in_use,44.71,44.21,30.87,69.8,66.62,27.58
2024-01-15 07:00:00,KF-B101,in_use,35.88,49.56,28.67,69.52,71.77,29.38
2024-01-15 07:00:30,KF-B101,in_use,27.67,46.8,21.4,69.21,70.65,29.64
2024-01-15 07:01:00,KF-B101,in_use,40.68,45.33,37.22,68.89,70.98,
2024-01-15 07:01:30,KF-B101,in_use,40.61,45.59,33.75,68.65,69.45,26.04
2024-01-15 07:02:00,KF-B101,in_use,22.32,46.88,33.61,68.35,67.08,27.97
2024-01-15 07:02:30,KF-B101,in_use,,44.63,33.3,68.07,72.17,27.95
2024-01-15 07:03:00,KF-B101,in_use,44.26,46.65,23.93,67.83,68.86,22.87
2024-01-15 07:03:30,KF-B101,in_use,31.19,45.35,23.76,67.54,64.42,29.29
2024-01-15 07:04:00,KF-B101,in_use,22.65,44.88,36.12,,,25.75
2024-01-15 07:04:30,KF-B101,in_use,38.83,44.52,41.59,67.14,65.19,28.59
2024-01-15 07:05:00,KF-B101,in_use,45.01,47.72,29.43,66.95,67.31,25.48
2024-01-15 07:05:30,KF-B101,in_use,34.97,44.7,32.61,66.73,72.15,28.15
2024-01-15 07:06:00,KF-B101,in_use,28.83,49.62,26.81,66.47,69.26,21.18
2024-01-15 07:06:30,KF-B101,in_use,25.33,47.34,35.22,66.16,67.13,25.47
2024-01-15 07:07:00,KF-B101,in_use,21.72,45.94,35.03,65.9,70.69,27.28
2024-01-15 07:07:30,KF-B101,in_use,25.86,42.51,21.07,65.64,65.36,25.91
2024-01-15 07:08:00,KF-B101,in_use,40.5,44.76,22.61,65.4,66.34,23.7
2024-01-15 07:08:30,KF-B101,in_use,21.77,47.53,25.07,65.15,64.96,28.68
2024-01-15 07:09:00,KF-B101,in_use,37.72,47.32,26.72,64.93,66.18,25.55
2024-01-15 07:09:30,KF-B101,in_use,48.83,44.92,30.79,64.69,67.07,27.89
2024-01-15 07:10:00,KF-B101,in_use,35.9,47.06,26.79,64.39,68.63,26.02
2024-01-15 07:10:30,KF-B101,in_use,18.76,44.2,26.54,64.16,70.06,25.56
2024-01-15 07:11:00,KF-B101,in_use,41.05,50.18,26.27,63.83,72.05,26.86
2024-01-15 07:11:30,KF-B101,in_use,49.9,48.19,27.27,63.6,74.54,24.01
2024-01-15 07:12:00,KF-B101,in_use,41.7,47.42,18.62,63.29,69.02,27.66
2024-01-15 07:12:30,KF-B101,in_use,,48.27,35.63,63.05,68.39,26.85
2024-01-15 07:13:00,KF-B101,in_use,24.55,44.73,30.56,62.85,66.99,26.95
2024-01-15 07:13:30,KF-B101,in_use,45.02,46.73,23.23,,,29.26
2024-01-15 07:14:00,KF-B101,in_use,51.69,47.47,26.05,62.36,68.84,28.39
2024-01-15 07:14:30,KF-B101,in_use,49.88,49.88,36.45,62.08,66.07,29.96
2024-01-15 07:15:00,KF-B101,in_use,37.63,50.66,24.24,61.85,64.16,25.36
2024-01-15 07:15:30,KF-B101,in_use,44.32,48.06,28.42,61.59,67.22,28.4
2024-01-15 07:16:00,KF-B101,in_use,38.28,46.76,29.28,61.32,69.57,25.78
2024-01-15 07:16:30,KF-B101,in_use,31.71,45.0,21.7,61.09,70.18,27.61
2024-01-15 07:17:00,KF-B101,in_use,18.33,45.04,23.77,60.83,68.8,25.83
2024-01-15 07:17:30,KF-B101,in_use,36.13,48.02,24.55,60.52,64.67,25.41
2024-01-15 07:18:00,KF-B101,in_use,42.03,43.33,23.83,60.29,63.96,24.28
2024-01-15 07:18:30,KF-B101,in_use,26.84,43.89,29.26,,71.2,24.72
2024-01-15 07:19:00,KF-B101,in_use,31.37,46.94,30.47,59.81,67.05,25.04
2024-01-15 07:19:30,KF-B101,in_use,29.79,47.24,25.99,59.62,70.96,24.93
2024-01-15 07:20:00,KF-B101,in_use,62.61,51.7,27.37,,64.84,26.37
2024-01-15 07:20:30,KF-B101,in_use,36.03,48.65,32.58,59.13,65.17,24.05
2024-01-15 07:21:00,KF-B101,in_use,47.77,46.53,20.45,58.86,69.05,28.0
2024-01-15 07:21:30,KF-B101,in_use,36.32,,23.19,58.6,67.64,25.07
2024-01-15 07:22:00,KF-B101,in_use,32.89,48.79,30.88,58.37,71.71,30.91
2024-01-15 07:22:30,KF-B101,in_use,30.57,48.78,24.78,58.09,63.59,
2024-01-15 07:23:00,KF-B101,in_use,46.93,45.97,32.04,57.87,70.47,30.56
2024-01-15 07:23:30,KF-B101,in_use,27.76,44.29,23.06,57.62,66.36,30.26
2024-01-15 07:24:00,KF-B101,in_use,25.86,45.68,27.79,57.38,70.48,26.48
2024-01-15 07:24:30,KF-B101,in_use,23.47,46.15,37.31,57.07,68.21,29.64
2024-01-15 07:25:00,KF-B101,in_use,39.39,47.43,,56.81,70.71,25.51
2024-01-15 07:25:30,KF-B101,in_use,43.56,45.66,25.03,56.58,66.08,26.48
2024-01-15 07:26:00,KF-B101,in_use,40.08,44.22,21.67,,64.28,25.27
2024-01-15 07:26:30,KF-B101,in_use,36.49,44.92,27.82,,64.99,27.16
2024-01-15 07:27:00,KF-B101,in_use,26.35,48.63,24.57,55.8,65.4,27.68
2024-01-15 07:27:30,KF-B101,in_use,24.28,45.52,32.8,55.49,71.6,33.11
2024-01-15 07:28:00,KF-B101,in_use,29.84,48.31,26.72,55.19,65.87,26.13
2024-01-15 07:28:30,KF-B101,in_use,39.74,47.53,25.55,54.84,67.8,23.67
2024-01-15 07:29:00,KF-B101,in_use,44.15,47.88,29.93,54.6,68.6,26.23
2024-01-15 07:29:30,KF-B101,in_use,37.98,46.93,31.82,54.33,70.32,30.68
2024-01-15 07:30:00,KF-B101,in_use,33.14,44.53,28.4,54.08,70.8,28.44
2024-01-15 07:30:30,KF-B101,in_use,35.7,46.37,16.2,53.79,67.22,23.99
2024-01-15 07:31:00,KF-B101,in_use,25.41,45.83,26.51,53.57,68.78,28.41
2024-01-15 07:31:30,KF-B101,in_use,31.01,47.73,16.49,53.33,65.11,30.6
2024-01-15 07:32:00,KF-B101,in_use,20.57,42.75,27.9,,66.66,23.74
2024-01-15 07:32:30,KF-B101,in_use,43.08,48.35,20.47,52.82,64.99,29.4
2024-01-15 07:33:00,KF-B101,in_use,36.57,45.86,19.98,52.47,69.23,25.2
2024-01-15 07:33:30,KF-B101,in_use,,42.25,,52.23,67.96,28.49
2024-01-15 07:34:00,KF-B101,in_use,42.98,45.22,31.35,51.96,70.88,29.8
2024-01-15 07:34:30,KF-B101,in_use,30.92,45.72,28.4,51.74,65.34,
2024-01-15 07:35:00,KF-B101,in_use,51.97,46.92,22.88,51.54,64.81,25.25
2024-01-15 07:35:30,KF-B101,in_use,35.46,47.69,36.1,51.32,71.18,29.71
2024-01-15 07:36:00,KF-B101,in_use,33.37,48.02,29.22,51.05,65.84,28.31
2024-01-15 07:36:30,KF-B101,in_use,28.88,46.8,30.94,50.83,69.84,25.84
2024-01-15 07:37:00,KF-B101,in_use,35.25,,24.0,50.59,65.2,28.3
2024-01-15 07:37:30,KF-B101,in_use,34.54,46.37,27.97,50.29,72.58,29.14
2024-01-15 07:38:00,KF-B101,in_use,30.92,50.17,23.24,50.05,66.19,26.32
2024-01-15 07:38:30,KF-B101,in_use,45.85,45.27,30.56,49.87,64.3,26.69
2024-01-15 07:39:00,KF-B101,in_use,42.72,46.21,19.72,49.64,66.57,27.16
2024-01-15 07:39:30,KF-B101,in_use,47.37,45.62,26.25,49.48,61.61,26.75
2024-01-15 07:40:00,KF-B101,in_use,25.67,46.14,33.11,49.26,69.23,
2024-01-15 07:40:30,KF-B101,in_use,26.63,44.96,,49.04,66.77,25.11
2024-01-15 07:41:00,KF-B101,in_use,,48.81,22.02,48.81,69.97,28.27
2024-01-15 07:41:30,KF-B101,in_use,27.98,46.53,29.71,48.53,,24.84
2024-01-15 07:42:00,KF-B101,in_use,29.5,48.15,20.31,48.34,69.44,25.5
2024-01-15 07:42:30,KF-B101,in_use,20.92,44.99,32.05,48.09,68.99,25.74
2024-01-15 07:43:00,KF-B101,in_use,33.85,43.83,18.4,47.8,65.16,28.31
2024-01-15 07:43:30,KF-B101,in_use,43.27,43.16,25.76,47.62,66.77,28.69
2024-01-15 07:44:00,KF-B101,in_use,31.34,45.85,16.96,47.35,,29.34
2024-01-15 07:44:30,KF-B101,in_use,30.11,44.12,,,63.41,25.92
2024-01-15 07:45:00,KF-B101,in_use,36.58,45.87,27.09,46.91,69.75,25.71
2024-01-15 07:45:30,KF-B101,in_use,33.07,46.65,27.8,46.65,74.28,28.15
2024-01-15 07:46:00,KF-B101,in_use,49.54,48.0,38.43,46.41,69.96,26.43
2024-01-15 07:46:30,KF-B101,in_use,32.56,44.09,25.71,46.16,66.5,32.56
2024-01-15 07:47:00,KF-B101,in_use,46.31,,29.2,45.97,67.26,24.71
2024-01-15 07:47:30,KF-B101,in_use,40.33,47.57,22.72,,69.56,28.51
2024-01-15 07:48:00,KF-B101,in_use,24.16,46.72,37.98,45.37,63.68,24.74
2024-01-15 07:48:30,KF-B101,in_use,42.9,47.76,21.38,45.14,73.16,22.76
2024-01-15 07:49:00,KF-B101,in_use,37.32,47.08,19.07,44.87,68.42,27.68
2024-01-15 07:49:30,KF-B101,in_use,29.22,44.31,31.17,44.64,64.19,29.17
2024-01-15 07:50:00,KF-B101,in_use,46.35,46.19,18.91,44.38,68.57,26.99
2024-01-15 07:50:30,KF-B101,in_use,35.93,46.14,36.88,44.16,67.87,29.05
2024-01-15 07:51:00,KF-B101,in_use,20.85,47.2,23.27,43.9,65.76,27.16
2024-01-15 07:51:30,KF-B101,in_use,47.02,48.29,26.18,43.64,71.06,28.49
2024-01-15 07:52:00,KF-B101,in_use,27.51,47.53,31.51,43.37,69.0,28.24
2024-01-15 07:52:30,KF-B101,in_use,29.26,48.69,24.08,43.11,65.93,28.05
2024-01-15 07:53:00,KF-B101,in_use,27.6,,17.06,42.86,65.47,24.3
2024-01-15 07:53:30,KF-B101,in_use,42.69,47.26,32.68,42.66,69.72,24.56
2024-01-15 07:54:00,KF-B101,in_use,31.01,45.79,33.07,42.39,65.56,29.42
2024-01-15 07:54:30,KF-B101,in_use,40.71,,,42.12,69.3,28.22
2024-01-15 07:55:00,KF-B101,in_use,33.91,47.0,26.89,41.87,71.5,26.78
2024-01-15 07:55:30,KF-B101,in_use,46.33,46.44,24.48,41.63,65.18,27.42
2024-01-15 07:56:00,KF-B101,in_use,41.02,45.31,26.53,41.35,68.24,26.13
2024-01-15 07:56:30,KF-B101,in_use,35.21,41.02,27.75,41.07,63.28,28.93
2024-01-15 07:57:00,KF-B101,in_use,27.99,46.49,28.13,40.83,72.96,29.85
2024-01-15 07:57:30,KF-B101,in_use,21.5,47.33,,40.55,69.93,28.28
2024-01-15 07:58:00,KF-B101,in_use,36.32,46.79,24.95,40.32,66.03,25.91
2024-01-15 07:58:30,KF-B101,in_use,22.5,43.58,31.23,40.1,71.83,27.46
2024-01-15 07:59:00,KF-B101,in_use,33.75,45.93,30.84,39.79,65.88,23.85
2024-01-15 07:59:30,KF-B101,in_use,34.38,46.75,29.7,39.55,65.48,
2024-01-15 08:00:00,KF-B101,in_use,41.03,44.89,25.8,39.37,72.57,32.44
2024-01-15 08:00:30,KF-B101,in_use,24.4,42.5,21.43,39.06,67.19,25.81
2024-01-15 08:01:00,KF-B101,in_use,42.17,48.93,28.25,38.84,71.78,26.31
2024-01-15 08:01:30,KF-B101,in_use,38.23,47.32,29.48,38.64,63.55,27.26
2024-01-15 08:02:00,KF-B101,in_use,38.67,,27.78,38.43,66.15,24.52
2024-01-15 08:02:30,KF-B101,in_use,50.96,47.48,34.48,38.08,66.64,25.9
2024-01-15 08:03:00,KF-B101,in_use,25.23,48.39,35.3,37.83,68.83,29.68
2024-01-15 08:03:30,KF-B101,in_use,31.31,47.43,34.26,37.61,68.05,27.62
2024-01-15 08:04:00,KF-B101,in_use,26.24,52.63,30.09,37.38,72.55,30.19
2024-01-15 08:04:30,KF-B101,in_use,62.53,47.64,14.74,37.13,71.02,22.69
2024-01-15 08:05:00,KF-B101,in_use,39.7,44.69,26.98,36.83,65.46,25.16
2024-01-15 08:05:30,KF-B101,in_use,38.2,44.84,24.92,36.62,71.13,28.34
2024-01-15 08:06:00,KF-B101,in_use,27.65,46.53,37.05,36.35,66.43,28.18
2024-01-15 08:06:30,KF-B101,in_use,36.15,40.95,24.76,36.11,71.3,26.45
2024-01-15 08:07:00,KF-B101,in_use,23.59,44.29,26.69,35.83,69.09,25.64
2024-01-15 08:07:30,KF-B101,in_use,31.49,47.37,31.75,35.53,71.95,25.19
2024-01-15 08:08:00,KF-B101,in_use,33.79,44.61,36.77,35.31,67.87,24.26
2024-01-15 08:08:30,KF-B101,in_use,19.59,,23.09,,66.86,25.4
2024-01-15 08:09:00,KF-B101,in_use,25.39,,28.75,34.8,66.68,28.34
2024-01-15 08:09:30,KF-B101,in_use,13.59,46.04,22.45,34.53,72.88,30.23
2024-01-15 08:10:00,KF-B101,in_use,42.19,49.27,28.86,34.2,70.22,24.79
2024-01-15 08:10:30,KF-B101,in_use,34.62,,31.14,33.93,66.91,25.3
2024-01-15 08:11:00,KF-B101,in_use,,46.56,22.45,33.61,71.26,27.17
2024-01-15 08:11:30,KF-B101,in_use,,49.06,25.58,33.35,65.82,28.71
2024-01-15 08:12:00,KF-B101,in_use,40.05,42.92,31.91,33.13,69.7,24.96
2024-01-15 08:12:30,KF-B101,in_use,29.13,47.1,27.45,32.85,69.74,26.0
2024-01-15 08:13:00,KF-B101,in_use,39.2,45.92,,32.66,68.2,27.26
2024-01-15 08:13:30,KF-B101,in_use,38.22,48.62,25.39,32.41,58.39,27.9
2024-01-15 08:14:00,KF-B101,in_use,37.15,,29.84,32.17,69.32,26.54
2024-01-15 08:14:30,KF-B101,in_use,39.16,41.77,24.34,31.89,63.23,26.0
2024-01-15 08:15:00,KF-B101,in_use,,43.94,26.33,31.62,64.75,28.2
2024-01-15 08:15:30,KF-B101,in_use,29.91,46.7,26.03,31.32,69.18,
2024-01-15 08:16:00,KF-B101,in_use,34.04,47.21,29.59,31.13,62.2,22.06
2024-01-15 08:16:30,KF-B101,in_use,30.33,47.34,,30.81,62.66,27.2
2024-01-15 08:17:00,KF-B101,in_use,30.91,44.43,34.54,30.45,63.33,27.86
2024-01-15 08:17:30,KF-B101,in_use,27.66,45.99,35.82,30.19,67.04,27.55
2024-01-15 08:18:00,KF-B101,in_use,28.94,47.04,24.43,29.97,72.23,30.92
2024-01-15 08:18:30,KF-B101,in_use,36.33,48.46,28.26,29.67,66.1,27.0
2024-01-15 08:19:00,KF-B101,in_use,33.49,48.91,27.93,29.47,65.76,29.29
2024-01-15 08:19:30,KF-B101,in_use,38.03,48.29,24.64,29.23,71.08,27.36
2024-01-15 08:20:00,KF-B101,in_use,30.29,47.87,25.3,29.0,66.44,25.28
2024-01-15 08:20:30,KF-B101,in_use,36.05,44.71,27.38,28.78,70.26,26.41
2024-01-15 08:21:00,KF-B101,in_use,28.55,48.21,29.34,28.58,68.98,28.39
2024-01-15 08:21:30,KF-B101,in_use,31.13,46.34,25.0,28.29,65.03,28.75
2024-01-15 08:22:00,KF-B101,in_use,29.97,48.47,30.07,28.02,68.34,28.64
2024-01-15 08:22:30,KF-B101,in_use,39.22,47.14,31.24,27.72,68.25,27.28
2024-01-15 08:23:00,KF-B101,in_use,42.76,46.01,22.67,27.5,66.79,31.79
2024-01-15 08:23:30,KF-B101,in_use,40.39,50.41,26.59,27.27,73.07,28.76
2024-01-15 08:24:00,KF-B101,in_use,43.36,43.14,21.56,26.99,67.59,28.07
2024-01-15 08:24:30,KF-B101,in_use,35.8,44.16,31.46,26.68,69.64,28.69
2024-01-15 08:25:00,KF-B101,in_use,15.2,43.48,33.5,26.47,68.65,25.93
2024-01-15 08:25:30,KF-B101,in_use,41.83,48.16,31.53,26.21,64.63,25.17
2024-01-15 08:26:00,KF-B101,in_use,25.38,45.88,23.47,25.98,64.35,30.5
2024-01-15 08:26:30,KF-B101,in_use,31.39,45.68,17.89,25.82,67.72,27.39
2024-01-15 08:27:00,KF-B101,in_use,37.37,43.34,22.59,25.49,67.14,30.21
2024-01-15 08:27:30,KF-B101,in_use,28.86,49.55,34.24,25.27,72.55,28.88
2024-01-15 08:28:00,KF-B101,in_use,30.65,46.7,33.63,25.09,63.87,26.75
2024-01-15 08:28:30,KF-B101,in_use,,48.05,35.39,24.84,68.15,25.55
2024-01-15 08:29:00,KF-B101,in_use,27.93,46.51,31.8,24.58,68.1,26.13
2024-01-15 08:29:30,KF-B101,in_use,,45.45,27.4,24.34,67.68,28.79
2024-01-15 08:30:00,KF-B101,in_use,,46.6,36.34,24.11,65.51,28.7
2024-01-15 08:30:30,KF-B101,in_use,28.24,45.54,32.99,23.79,70.04,25.78
2024-01-15 08:31:00,KF-B101,in_use,44.32,45.74,20.62,23.54,71.71,26.59
2024-01-15 08:31:30,KF-B101,in_use,47.51,45.23,33.22,23.26,72.54,22.4
2024-01-15 08:32:00,KF-B101,in_use,26.13,48.76,28.52,23.06,71.63,25.6
2024-01-15 08:32:30,KF-B101,in_use,40.1,42.85,26.25,22.79,68.84,29.22
2024-01-15 08:33:00,KF-B101,in_use,17.15,47.39,24.04,22.55,67.25,27.78
2024-01-15 08:33:30,KF-B101,in_use,31.62,48.74,29.45,22.31,64.41,26.15
2024-01-15 08:34:00,KF-B101,in_use,39.36,48.03,21.8,,66.61,26.38
2024-01-15 08:34:30,KF-B101,in_use,43.81,46.53,31.59,21.9,68.17,26.62
2024-01-15 08:35:00,KF-B101,in_use,30.41,46.41,28.48,21.69,64.41,23.11
2024-01-15 08:35:30,KF-B101,in_use,37.87,47.09,28.45,21.42,64.83,24.33
2024-01-15 08:36:00,KF-B101,in_use,47.1,51.73,35.94,21.21,63.9,25.0
2024-01-15 08:36:30,KF-B101,in_use,30.22,47.86,32.44,20.96,72.1,27.48
2024-01-15 08:37:00,KF-B101,in_use,23.36,45.25,23.71,20.62,67.92,22.26
2024-01-15 08:37:30,KF-B101,in_use,36.44,46.57,15.11,20.37,68.23,26.9
2024-01-15 08:38:00,KF-B101,in_use,46.22,48.91,29.06,,67.77,25.29
2024-01-15 08:38:30,KF-B101,in_use,34.75,49.22,30.81,,65.96,26.19
2024-01-15 08:39:00,KF-B101,in_use,45.92,46.26,19.4,19.6,72.53,26.05
2024-01-15 08:39:30,KF-B101,in_use,32.08,46.71,25.66,,68.2,25.35
2024-01-15 08:40:00,KF-B101,in_use,31.13,45.76,28.99,19.11,72.17,28.52
2024-01-15 08:40:30,KF-B101,in_use,48.35,43.89,27.02,18.88,66.68,29.52
2024-01-15 08:41:00,KF-B101,in_use,43.21,46.21,30.99,18.63,68.06,24.53
2024-01-15 08:41:30,KF-B101,in_use,39.26,47.45,31.87,18.41,70.81,26.83
2024-01-15 08:42:00,KF-B101,in_use,32.61,46.01,33.25,18.18,72.13,
2024-01-15 08:42:30,KF-B101,in_use,36.12,46.58,25.52,17.9,68.78,26.53
2024-01-15 08:43:00,KF-B101,in_use,34.0,49.34,24.12,17.63,66.61,28.51
2024-01-15 08:43:30,KF-B101,in_use,34.81,50.53,33.06,17.37,65.42,27.25
2024-01-15 08:44:00,KF-B101,in_use,22.98,44.46,31.2,17.14,65.28,30.11
2024-01-15 08:44:30,KF-B101,in_use,34.69,47.72,17.9,17.0,61.64,29.0
2024-01-15 08:45:00,KF-B101,in_use,35.38,45.6,24.7,16.76,65.3,28.71
2024-01-15 08:45:30,KF-B101,in_use,31.85,45.37,26.1,16.48,69.93,27.89
2024-01-15 08:46:00,KF-B101,in_use,26.41,46.35,28.07,16.29,67.22,26.78
2024-01-15 08:46:30,KF-B101,in_use,48.87,47.8,28.2,15.95,,31.97
2024-01-15 08:47:00,KF-B101,in_use,48.72,,31.5,15.77,,27.86
2024-01-15 08:47:30,KF-B101,in_use,,48.18,35.74,15.49,,26.79
2024-01-15 08:48:00,KF-B101,in_use,38.37,47.86,31.04,15.29,73.46,29.33
2024-01-15 08:48:30,KF-B101,in_use,26.48,48.12,28.43,15.11,68.79,27.37
2024-01-15 08:49:00,KF-B101,in_use,32.42,49.06,31.96,14.88,61.1,27.43
2024-01-15 08:49:30,KF-B101,in_use,44.6,47.17,27.75,14.64,71.36,24.8
2024-01-15 08:50:00,KF-B101,in_use,28.45,47.01,29.65,14.44,67.82,31.67
2024-01-15 08:50:30,KF-B101,in_use,29.59,49.16,29.08,14.15,65.07,27.23
2024-01-15 08:51:00,KF-B101,in_use,40.72,45.49,21.36,13.92,64.78,30.53
2024-01-15 08:51:30,KF-B101,in_use,34.47,44.56,22.76,13.7,,25.21
2024-01-15 08:52:00,KF-B101,in_use,33.02,43.16,23.37,13.46,63.14,28.63
2024-01-15 08:52:30,KF-B101,in_use,40.47,50.31,24.25,13.2,70.7,25.81
2024-01-15 08:53:00,KF-B101,in_use,39.48,48.07,25.91,13.04,66.68,24.85
2024-01-15 08:53:30,KF-B101,in_use,40.72,45.7,35.42,12.85,70.92,27.67
2024-01-15 08:54:00,KF-B101,in_use,44.91,47.61,28.54,12.55,69.13,26.27
2024-01-15 08:54:30,KF-B101,in_use,30.85,48.91,33.35,12.3,64.93,29.36
2024-01-15 08:55:00,KF-B101,in_use,,45.82,17.7,12.04,67.43,23.96
2024-01-15 08:55:30,KF-B101,in_use,39.14,43.39,17.79,11.73,67.1,29.26
2024-01-15 08:56:00,KF-B101,in_use,37.35,45.41,27.05,11.38,67.9,26.18
2024-01-15 08:56:30,KF-B101,in_use,44.97,47.29,31.48,11.11,,27.96
2024-01-15 08:57:00,KF-B101,in_use,38.75,43.14,26.98,,,30.06
2024-01-15 08:57:30,KF-B101,in_use,34.39,44.35,24.08,10.54,,27.03
2024-01-15 08:58:00,KF-B101,in_use,51.82,48.04,30.91,10.3,72.62,28.38
2024-01-15 08:58:30,KF-B101,in_use,34.89,44.89,16.65,10.06,68.89,27.74
2024-01-15 08:59:00,KF-B101,in_use,32.21,45.11,24.62,9.79,73.17,28.4
2024-01-15 08:59:30,KF-B101,in_use,48.89,44.97,18.31,9.52,69.79,26.06
2024-01-15 09:00:00,KF-B101,in_use,34.23,47.02,34.59,9.27,68.25,25.85
2024-01-15 09:00:30,KF-B101,in_use,33.32,49.4,28.37,8.98,74.71,29.87
2024-01-15 09:01:00,KF-B101,in_use,40.03,48.86,28.75,8.72,67.77,26.91
2024-01-15 09:01:30,KF-B101,in_use,34.9,47.25,29.64,8.48,64.81,26.78
2024-01-15 09:02:00,KF-B101,in_use,21.34,46.69,25.04,8.2,66.72,25.12
2024-01-15 09:02:30,KF-B101,in_use,27.56,44.65,33.62,7.95,66.27,25.31
2024-01-15 09:03:00,KF-B101,in_use,33.44,45.67,34.68,7.7,68.63,26.93
2024-01-15 09:03:30,KF-B101,in_use,42.44,48.87,30.95,7.47,64.76,24.08
2024-01-15 09:04:00,KF-B101,in_use,41.83,46.65,28.28,7.16,66.65,29.97
2024-01-15 09:04:30,KF-B101,in_use,28.12,43.98,24.51,6.94,66.4,24.3
2024-01-15 09:05:00,KF-B101,in_use,44.06,48.32,26.16,6.72,74.77,24.08
2024-01-15 09:05:30,KF-B101,in_use,34.72,42.07,28.74,6.47,66.09,26.26
2024-01-15 09:06:00,KF-B101,in_use,36.12,45.47,28.63,6.3,74.35,24.58
2024-01-15 09:06:30,KF-B101,in_use,,46.83,31.29,6.03,67.63,27.17
2024-01-15 09:07:00,KF-B101,in_use,34.65,44.55,29.77,5.8,64.99,
2024-01-15 09:07:30,KF-B101,in_use,46.1,46.14,,5.67,71.48,26.95
2024-01-15 09:08:00,KF-B101,in_use,33.93,46.6,28.89,5.4,66.93,29.26
2024-01-15 09:08:30,KF-B101,in_use,32.2,47.9,32.4,5.13,67.41,27.25
2024-01-15 09:09:00,KF-B101,in_use,37.4,43.16,24.63,4.89,68.13,25.62
2024-01-15 09:09:30,KF-B101,in_use,32.51,45.56,30.82,4.63,72.07,29.86
2024-01-15 09:10:00,KF-B101,in_use,41.95,47.69,25.07,4.4,69.06,25.98
2024-01-15 09:10:30,KF-B101,in_use,37.4,42.27,27.75,4.14,68.03,27.19
2024-01-15 09:11:00,KF-B101,in_use,36.03,44.06,38.5,3.94,67.98,26.38
2024-01-15 09:11:30,KF-B101,in_use,27.35,47.49,31.07,3.68,66.67,30.61
2024-01-15 09:12:00,KF-B101,in_use,,42.86,32.61,3.42,66.78,28.07
2024-01-15 09:12:30,KF-B101,in_use,49.44,45.19,34.15,3.14,67.15,26.87
2024-01-15 09:13:00,KF-B101,in_use,42.82,46.11,30.71,2.96,67.24,29.36
2024-01-15 09:13:30,KF-B101,in_use,46.84,47.24,24.64,2.68,68.44,25.85
2024-01-15 09:14:00,KF-B101,in_use,47.71,46.01,29.3,2.4,69.17,27.87
2024-01-15 09:14:30,KF-B101,in_use,38.82,45.36,25.93,2.1,67.28,26.73
2024-01-15 09:15:00,KF-B101,in_use,41.92,45.79,25.85,1.8,68.47,25.83
2024-01-15 09:15:30,KF-B101,in_use,42.37,45.3,27.39,1.56,64.34,27.96
2024-01-15 09:16:00,KF-B101,in_use,20.49,45.82,17.42,1.23,64.82,28.2
2024-01-15 09:16:30,KF-B101,in_use,,47.08,28.08,0.96,,25.4
2024-01-15 09:17:00,KF-B101,in_use,17.73,47.48,32.52,0.78,71.21,24.31
2024-01-15 09:17:30,KF-B101,in_use,21.42,47.47,28.31,0.55,73.23,24.04
2024-01-15 09:18:00,KF-B101,in_use,35.07,,33.99,0.31,68.51,27.49
2024-01-15 09:18:30,KF-B101,in_use,34.71,47.65,33.6,0.07,73.25,28.29
2024-01-15 09:19:00,KF-B101,in_use,36.44,49.34,26.58,0.0,67.21,26.73
2024-01-15 09:19:30,KF-B101,in_use,32.25,47.94,28.04,0.0,69.97,26.11
2024-01-15 09:20:00,KF-B101,in_use,,44.84,30.46,0.0,65.09,24.78
2024-01-15 09:20:30,KF-B101,in_use,42.88,44.88,30.05,0.0,66.52,24.47
2024-01-15 09:21:00,KF-B101,in_use,26.54,46.87,29.46,0.0,62.93,28.66
2024-01-15 09:21:30,KF-B101,in_use,33.89,46.31,26.43,0.0,69.74,
2024-01-15 09:22:00,KF-B101,in_use,31.2,49.14,27.77,0.0,69.43,26.77
2024-01-15 09:22:30,KF-B101,in_use,37.44,,22.78,0.0,,28.81
2024-01-15 09:23:00,KF-B101,in_use,28.08,47.51,26.24,,67.6,29.59
2024-01-15 09:23:30,KF-B101,in_use,30.7,45.4,24.8,0.0,67.64,28.2
2024-01-15 09:24:00,KF-B101,in_use,48.8,45.89,27.1,0.0,62.22,27.04
2024-01-15 09:24:30,KF-B101,in_use,33.57,43.74,34.77,0.0,69.33,29.58
2024-01-15 09:25:00,KF-B101,in_use,50.53,45.07,22.21,0.0,65.07,28.36
2024-01-15 09:25:30,KF-B101,in_use,26.72,47.5,35.41,0.0,71.12,29.92
2024-01-15 09:26:00,KF-B101,in_use,28.7,44.02,32.65,0.0,69.16,27.8
2024-01-15 09:26:30,KF-B101,in_use,25.9,47.31,24.05,0.0,65.11,24.11
2024-01-15 09:27:00,KF-B101,in_use,44.67,46.9,29.09,0.0,65.26,25.26
2024-01-15 09:27:30,KF-B101,in_use,40.73,43.86,20.89,0.0,65.72,28.45
2024-01-15 09:28:00,KF-B101,in_use,36.23,,,0.0,72.6,27.25
2024-01-15 09:28:30,KF-B101,in_use,30.41,47.78,19.49,0.0,68.86,27.24
2024-01-15 09:29:00,KF-B101,in_use,31.36,47.59,26.67,0.0,68.67,26.67
2024-01-15 09:29:30,KF-B101,in_use,54.99,44.65,23.36,0.0,65.44,29.85
2024-01-15 09:30:00,KF-B101,in_use,32.88,42.81,39.4,0.0,68.92,27.88
2024-01-15 09:30:30,KF-B101,in_use,23.2,50.24,36.73,0.0,72.6,30.82
2024-01-15 09:31:00,KF-B101,in_use,36.95,44.52,28.54,0.0,63.91,30.74
2024-01-15 09:31:30,KF-B101,in_use,24.73,46.41,31.69,0.0,74.32,22.84
2024-01-15 09:32:00,KF-B101,in_use,42.76,49.01,35.96,0.0,68.71,28.98
2024-01-15 09:32:30,KF-B101,in_use,37.23,,25.59,0.0,69.76,26.54
2024-01-15 09:33:00,KF-B101,in_use,40.99,50.04,26.96,0.0,65.74,27.41
2024-01-15 09:33:30,KF-B101,in_use,33.18,45.72,,0.0,71.04,29.74
2024-01-15 09:34:00,KF-B101,in_use,28.77,46.42,21.07,0.0,68.4,25.94
2024-01-15 09:34:30,KF-B101,in_use,24.97,45.33,33.89,0.0,73.09,27.08
2024-01-15 09:35:00,KF-B101,in_use,37.42,48.95,26.86,0.0,65.54,24.31
2024-01-15 09:35:30,KF-B101,in_use,48.95,45.36,37.71,0.0,65.74,28.32
2024-01-15 09:36:00,KF-B101,in_use,27.36,47.78,28.75,0.0,68.1,26.01
2024-01-15 09:36:30,KF-B101,in_use,33.3,47.03,36.78,0.0,65.06,28.11
2024-01-15 09:37:00,KF-B101,in_use,34.67,44.84,23.13,0.0,69.51,28.25
2024-01-15 09:37:30,KF-B101,in_use,23.29,48.15,31.25,0.0,72.51,30.56
2024-01-15 09:38:00,KF-B101,in_use,32.21,42.9,29.42,0.0,66.62,26.55
2024-01-15 09:38:30,KF-B101,in_use,36.12,45.19,29.54,0.0,67.15,30.96
2024-01-15 09:39:00,KF-B101,in_use,47.84,44.39,24.7,,66.44,25.39
2024-01-15 09:39:30,KF-B101,in_use,38.51,47.13,24.02,0.0,71.44,26.13
2024-01-15 09:40:00,KF-B101,in_use,40.47,45.43,21.64,0.0,69.01,30.89
2024-01-15 09:40:30,KF-B101,in_use,36.3,46.16,26.99,0.0,67.21,28.59
2024-01-15 09:41:00,KF-B101,in_use,40.49,45.94,31.51,,70.2,29.15
2024-01-15 09:41:30,KF-B101,in_use,23.1,44.97,29.66,0.0,70.96,28.13
2024-01-15 09:42:00,KF-B101,in_use,19.6,45.31,32.56,0.0,64.31,25.36
2024-01-15 09:42:30,KF-B101,in_use,38.29,46.65,19.17,0.0,68.38,29.88
2024-01-15 09:43:00,KF-B101,in_use,45.29,46.85,31.1,0.0,72.98,
2024-01-15 09:43:30,KF-B101,in_use,26.16,48.08,33.97,0.0,71.49,24.93
2024-01-15 09:44:00,KF-B101,in_use,15.72,46.89,,0.0,68.32,26.35
2024-01-15 09:44:30,KF-B101,in_use,40.02,48.77,19.8,0.0,,27.17
2024-01-15 09:45:00,KF-B101,in_use,29.22,42.93,27.73,0.0,68.22,29.42
2024-01-15 09:45:30,KF-B101,in_use,21.4,45.8,24.77,0.0,74.18,
2024-01-15 09:46:00,KF-B101,in_use,,46.78,27.71,0.0,66.41,29.09
2024-01-15 09:46:30,KF-B101,in_use,23.35,45.06,38.91,0.0,,30.1
2024-01-15 09:47:00,KF-B101,in_use,34.41,46.48,19.88,0.0,,24.59
2024-01-15 09:47:30,KF-B101,in_use,32.87,47.79,27.5,0.0,65.74,27.31
2024-01-15 09:48:00,KF-B101,in_use,41.32,48.04,29.86,0.0,64.68,25.7
2024-01-15 09:48:30,KF-B101,in_use,25.67,45.89,23.43,0.0,69.64,26.01
2024-01-15 09:49:00,KF-B101,in_use,35.95,,31.58,0.0,73.01,27.26
2024-01-15 09:49:30,KF-B101,in_use,31.77,41.98,,,68.1,30.83
2024-01-15 09:50:00,KF-B101,in_use,36.51,,24.16,0.0,69.26,24.26
2024-01-15 09:50:30,KF-B101,in_use,22.03,45.95,37.24,0.0,69.88,26.92
2024-01-15 09:51:00,KF-B101,in_use,39.53,50.02,25.71,0.0,,25.44
2024-01-15 09:51:30,KF-B101,in_use,47.98,49.35,33.33,0.0,60.0,28.8
2024-01-15 09:52:00,KF-B101,in_use,38.49,48.44,20.55,0.0,71.25,26.57
2024-01-15 09:52:30,KF-B101,in_use,17.05,46.95,25.66,,65.22,28.56
2024-01-15 09:53:00,KF-B101,in_use,37.79,44.72,29.51,0.0,68.73,29.63
2024-01-15 09:53:30,KF-B101,in_use,49.5,50.43,27.78,0.0,68.79,27.12
2024-01-15 09:54:00,KF-B101,in_use,33.06,48.1,24.61,0.0,67.69,29.35
2024-01-15 09:54:30,KF-B101,in_use,24.54,46.86,27.94,0.0,69.17,26.77
2024-01-15 09:55:00,KF-B101,in_use,37.02,48.43,23.45,0.0,73.35,28.42
2024-01-15 09:55:30,KF-B101,in_use,33.47,47.65,34.33,0.0,62.87,26.17
2024-01-15 09:56:00,KF-B101,in_use,30.18,44.23,,0.0,67.47,25.79
2024-01-15 09:56:30,KF-B101,in_use,36.6,47.43,31.12,0.0,72.69,28.85
2024-01-15 09:57:00,KF-B101,in_use,48.7,47.1,32.17,0.0,71.45,27.45
2024-01-15 09:57:30,KF-B101,in_use,37.45,46.5,31.06,0.0,70.12,30.43
2024-01-15 09:58:00,KF-B101,in_use,31.76,46.65,31.23,0.0,72.96,
2024-01-15 09:58:30,KF-B101,in_use,35.13,47.48,25.92,0.0,65.28,24.69
2024-01-15 09:59:00,KF-B101,in_use,41.41,46.18,23.04,0.0,59.88,25.4
2024-01-15 09:59:30,KF-B101,in_use,32.95,44.8,15.69,0.0,68.27,24.27
2024-01-15 10:00:00,KF-B101,in_use,41.61,47.77,37.49,0.0,67.23,28.48
2024-01-15 10:00:30,KF-B101,in_use,36.29,46.38,,0.0,67.56,26.9
2024-01-15 10:01:00,KF-B101,in_use,37.82,45.31,28.75,0.0,70.73,24.98
2024-01-15 10:01:30,KF-B101,in_use,25.09,44.38,27.15,0.0,70.21,28.34
2024-01-15 10:02:00,KF-B101,in_use,25.45,46.76,32.72,0.0,73.33,30.49
2024-01-15 10:02:30,KF-B101,in_use,29.09,,31.95,0.0,69.8,27.24
2024-01-15 10:03:00,KF-B101,in_use,30.68,44.73,28.43,0.0,66.41,25.66
2024-01-15 10:03:30,KF-B101,in_use,33.57,46.2,30.19,0.0,71.12,28.04
2024-01-15 10:04:00,KF-B101,in_use,37.59,,30.16,0.0,67.67,29.33
2024-01-15 10:04:30,KF-B101,in_use,30.79,43.78,24.21,0.0,61.91,32.93
2024-01-15 10:05:00,KF-B101,in_use,41.18,45.04,20.19,0.0,70.01,23.08
2024-01-15 10:05:30,KF-B101,in_use,34.17,47.18,32.49,0.0,65.22,28.06
2024-01-15 10:06:00,KF-B101,in_use,49.4,,23.24,0.0,70.78,22.99
2024-01-15 10:06:30,KF-B101,in_use,14.29,47.12,27.7,0.0,68.87,28.03
2024-01-15 10:07:00,KF-B101,in_use,29.23,46.14,31.27,0.0,69.15,26.22
2024-01-15 10:07:30,KF-B101,in_use,15.28,46.92,26.73,0.0,69.36,26.91
2024-01-15 10:08:00,KF-B101,in_use,40.14,45.87,26.4,0.0,65.36,24.24
2024-01-15 10:08:30,KF-B101,in_use,39.37,46.22,39.24,0.0,73.69,22.27
2024-01-15 10:09:00,KF-B101,in_use,35.02,,33.03,0.0,72.92,25.45
2024-01-15 10:09:30,KF-B101,in_use,37.4,45.3,37.66,0.0,65.25,28.32
2024-01-15 10:10:00,KF-B101,in_use,40.77,47.81,24.99,0.0,64.82,25.36
2024-01-15 10:10:30,KF-B101,in_use,39.13,,23.57,0.0,67.55,25.33
2024-01-15 10:11:00,KF-B101,in_use,35.75,48.15,,0.0,65.23,29.12
2024-01-15 10:11:30,KF-B101,in_use,13.22,44.86,31.51,0.0,65.78,28.95
2024-01-15 10:12:00,KF-B101,in_use,35.93,45.91,19.72,0.0,69.79,29.14
2024-01-15 10:12:30,KF-B101,in_use,24.48,44.5,32.29,0.0,67.61,30.21
2024-01-15 10:13:00,KF-B101,in_use,23.14,47.7,,0.0,64.01,25.4
2024-01-15 10:13:30,KF-B101,in_use,33.92,45.01,28.05,0.0,68.75,27.71
2024-01-15 10:14:00,KF-B101,in_use,39.74,47.14,28.07,0.0,66.62,29.52
2024-01-15 10:14:30,KF-B101,in_use,31.12,49.0,33.73,0.0,70.61,25.23
2024-01-15 10:15:00,KF-B101,in_use,38.66,45.46,,0.0,70.74,29.11
2024-01-15 10:15:30,KF-B101,in_use,21.62,44.21,33.43,0.0,66.67,28.75
2024-01-15 10:16:00,KF-B101,in_use,31.7,46.89,23.04,0.0,62.88,28.22
2024-01-15 10:16:30,KF-B101,in_use,30.64,46.88,40.83,0.0,64.04,26.4
2024-01-15 10:17:00,KF-B101,in_use,34.33,48.28,,0.0,65.05,29.53
2024-01-15 10:17:30,KF-B101,in_use,39.2,48.76,33.8,0.0,64.12,28.49
2024-01-15 10:18:00,KF-B101,in_use,31.32,44.86,29.01,0.0,71.6,30.04
2024-01-15 10:18:30,KF-B101,in_use,29.06,46.19,32.72,0.0,63.25,27.56
2024-01-15 10:19:00,KF-B101,in_use,26.66,48.08,26.44,0.0,70.58,26.69
2024-01-15 10:19:30,KF-B101,in_use,39.48,48.54,35.6,0.0,69.88,
2024-01-15 10:20:00,KF-B101,in_use,47.82,45.59,30.93,0.0,71.68,24.67
2024-01-15 10:20:30,KF-B101,in_use,25.99,46.49,,0.0,,26.01
2024-01-15 10:21:00,KF-B101,in_use,34.88,47.79,27.21,0.0,62.63,27.51
2024-01-15 10:21:30,KF-B101,in_use,28.5,43.71,33.22,0.0,73.06,27.2
2024-01-15 10:22:00,KF-B101,in_use,36.75,46.53,32.5,0.0,69.17,26.01
2024-01-15 10:22:30,KF-B101,in_use,37.47,48.5,27.3,0.0,70.5,28.22
2024-01-15 10:23:00,KF-B101,in_use,32.98,42.1,37.51,0.0,68.92,24.79
2024-01-15 10:23:30,KF-B101,in_use,33.57,46.4,30.73,0.0,72.72,27.42
2024-01-15 10:24:00,KF-B101,in_use,47.51,47.32,24.72,0.0,63.7,29.15
2024-01-15 10:24:30,KF-B101,in_use,43.55,46.89,19.87,0.0,71.67,23.49
2024-01-15 10:25:00,KF-B101,in_use,23.72,44.37,24.05,0.0,71.67,29.0
2024-01-15 10:25:30,KF-B101,in_use,40.42,,28.15,0.0,,27.49
2024-01-15 10:26:00,KF-B101,in_use,,45.47,25.34,,67.14,26.93
2024-01-15 10:26:30,KF-B101,in_use,28.17,44.38,27.46,0.0,71.1,27.84
2024-01-15 10:27:00,KF-B101,in_use,44.97,45.29,,0.0,61.91,27.06
2024-01-15 10:27:30,KF-B101,in_use,23.04,46.8,32.56,0.0,72.25,25.29
2024-01-15 10:28:00,KF-B101,in_use,45.49,46.91,29.75,0.0,71.78,25.24
2024-01-15 10:28:30,KF-B101,in_use,26.44,45.58,34.1,0.0,,26.25
2024-01-15 10:29:00,KF-B101,in_use,39.12,45.52,33.19,0.0,67.22,30.84
2024-01-15 10:29:30,KF-B101,in_use,31.3,48.14,20.48,0.0,68.01,29.56
2024-01-15 10:30:00,KF-B101,in_use,28.19,47.39,27.63,0.0,69.41,27.63
2024-01-15 10:30:30,KF-B101,in_use,33.07,46.53,38.93,0.0,69.28,26.46
2024-01-15 10:31:00,KF-B101,in_use,40.01,44.44,22.19,0.0,62.85,26.23
2024-01-15 10:31:30,KF-B101,in_use,23.16,45.92,27.46,0.0,69.22,28.97
2024-01-15 10:32:00,KF-B101,in_use,34.4,44.74,29.17,0.0,69.92,23.32
2024-01-15 10:32:30,KF-B101,in_use,29.13,47.41,,0.0,69.03,
2024-01-15 10:33:00,KF-B101,in_use,36.04,45.96,31.61,,67.71,28.07
2024-01-15 10:33:30,KF-B101,in_use,36.43,,33.28,0.0,69.04,26.78
2024-01-15 10:34:00,KF-B101,in_use,35.24,44.72,34.52,0.0,69.11,25.72
2024-01-15 10:34:30,KF-B101,in_use,48.02,44.17,30.16,0.0,65.54,27.0
2024-01-15 10:35:00,KF-B101,in_use,44.64,48.82,39.43,0.0,71.81,
2024-01-15 10:35:30,KF-B101,in_use,31.28,46.49,22.23,0.0,65.94,25.05
2024-01-15 10:36:00,KF-B101,in_use,35.24,44.2,23.11,,63.21,28.67
2024-01-15 10:36:30,KF-B101,in_use,33.63,45.62,33.2,0.0,67.5,27.73
2024-01-15 10:37:00,KF-B101,in_use,,43.8,27.1,0.0,69.74,26.42
2024-01-15 10:37:30,KF-B101,in_use,35.34,44.75,30.03,0.0,60.77,27.52
2024-01-15 10:38:00,KF-B101,in_use,20.3,48.19,27.24,0.0,65.31,27.87
2024-01-15 10:38:30,KF-B101,in_use,16.21,,25.54,0.0,69.48,25.68
2024-01-15 10:39:00,KF-B101,in_use,31.65,46.42,14.09,0.0,69.5,28.22
2024-01-15 10:39:30,KF-B101,in_use,36.79,,26.65,0.0,71.64,25.87
2024-01-15 10:40:00,KF-B101,in_use,24.74,44.75,26.66,0.0,68.71,29.12
2024-01-15 10:40:30,KF-B101,in_use,44.58,43.01,32.19,0.0,68.19,26.93
2024-01-15 10:41:00,KF-B101,in_use,40.55,48.1,22.78,0.0,66.08,24.48
2024-01-15 10:41:30,KF-B101,in_use,27.99,46.43,26.88,0.0,69.19,22.6
2024-01-15 10:42:00,KF-B101,in_use,31.51,46.99,32.55,0.0,68.04,29.84
2024-01-15 10:42:30,KF-B101,in_use,51.66,47.45,24.09,0.0,66.56,25.48
2024-01-15 10:43:00,KF-B101,in_use,29.79,47.14,20.09,0.0,66.81,24.32
2024-01-15 10:43:30,KF-B101,in_use,38.75,48.73,27.52,0.0,65.7,28.08
2024-01-15 10:44:00,KF-B101,in_use,42.65,45.92,30.7,0.0,64.0,
2024-01-15 10:44:30,KF-B101,in_use,40.51,,24.03,0.0,69.23,22.74
2024-01-15 10:45:00,KF-B101,in_use,42.3,,23.82,0.0,65.02,25.15
2024-01-15 10:45:30,KF-B101,in_use,30.81,45.24,35.44,0.0,71.09,26.61
2024-01-15 10:46:00,KF-B101,in_use,45.72,45.87,34.87,0.0,70.46,25.62
2024-01-15 10:46:30,KF-B101,in_use,35.51,44.9,38.49,0.0,66.72,29.23
2024-01-15 10:47:00,KF-B101,in_use,52.17,46.83,31.41,0.0,69.51,28.73
2024-01-15 10:47:30,KF-B101,in_use,27.44,45.56,9.37,0.0,70.17,28.14
2024-01-15 10:48:00,KF-B101,in_use,32.94,46.57,20.8,0.0,68.88,24.6
2024-01-15 10:48:30,KF-B101,in_use,34.2,,18.9,0.0,69.4,29.56
2024-01-15 10:49:00,KF-B101,in_use,22.24,44.76,28.9,0.0,64.47,27.56
2024-01-15 10:49:30,KF-B101,in_use,32.13,48.39,34.07,0.0,69.28,29.98
2024-01-15 10:50:00,KF-B101,in_use,31.15,47.94,27.99,0.0,68.92,24.52
2024-01-15 10:50:30,KF-B101,in_use,34.59,45.96,31.57,0.0,67.77,28.73
2024-01-15 10:51:00,KF-B101,in_use,39.94,44.83,29.29,0.0,69.46,25.95
2024-01-15 10:51:30,KF-B101,in_use,40.02,45.23,28.53,,66.89,24.89
2024-01-15 10:52:00,KF-B101,in_use,56.23,45.39,33.51,0.0,67.05,25.6
2024-01-15 10:52:30,KF-B101,in_use,23.55,48.8,25.68,0.0,66.11,27.64
2024-01-15 10:53:00,KF-B101,in_use,19.89,47.42,22.64,0.0,66.69,25.0
2024-01-15 10:53:30,KF-B101,in_use,31.45,46.0,28.0,0.0,63.15,28.76
2024-01-15 10:54:00,KF-B101,in_use,51.14,,29.6,0.0,63.46,26.79
2024-01-15 10:54:30,KF-B101,in_use,28.15,45.19,23.45,0.0,73.26,
2024-01-15 10:55:00,KF-B101,in_use,24.26,44.93,28.76,,67.49,28.27
2024-01-15 10:55:30,KF-B101,in_use,36.1,47.38,29.44,0.0,62.44,29.95
2024-01-15 10:56:00,KF-B101,in_use,34.34,44.44,22.43,0.0,65.4,29.64
2024-01-15 10:56:30,KF-B101,in_use,27.23,48.58,17.03,0.0,65.61,28.58
2024-01-15 10:57:00,KF-B101,in_use,41.6,44.39,29.73,0.0,70.25,27.72
2024-01-15 10:57:30,KF-B101,in_use,46.43,45.77,26.08,0.0,,29.14
2024-01-15 10:58:00,KF-B101,in_use,35.9,48.69,32.02,0.0,64.79,24.89
2024-01-15 10:58:30,KF-B101,in_use,,50.88,,0.0,68.06,24.0
2024-01-15 10:59:00,KF-B101,in_use,45.88,46.89,33.55,0.0,65.09,29.81
2024-01-15 10:59:30,KF-B101,in_use,32.71,45.78,18.7,0.0,71.17,24.98
2024-01-15 11:00:00,KF-B101,charging,0.0,51.0,-14.3,0.0,67.63,27.41
2024-01-15 11:00:30,KF-B101,charging,0.0,51.46,,,70.27,26.27
2024-01-15 11:01:00,KF-B101,charging,0.0,51.02,-13.72,0.0,67.9,27.4
2024-01-15 11:01:30,KF-B101,charging,0.0,50.4,-11.89,0.0,68.07,27.08
2024-01-15 11:02:00,KF-B101,charging,0.0,51.05,-18.07,0.0,68.65,27.48
2024-01-15 11:02:30,KF-B101,charging,0.0,50.92,-16.62,0.0,64.97,29.98
2024-01-15 11:03:00,KF-B101,charging,0.0,51.38,-13.62,0.0,66.18,31.14
2024-01-15 11:03:30,KF-B101,charging,0.0,51.0,-16.95,,65.61,29.39
2024-01-15 11:04:00,KF-B101,charging,0.0,,-17.74,0.0,68.1,24.43
2024-01-15 11:04:30,KF-B101,charging,0.0,51.32,-14.73,0.0,67.1,
2024-01-15 11:05:00,KF-B101,charging,0.0,50.91,-16.73,0.0,64.27,27.3
2024-01-15 11:05:30,KF-B101,charging,0.0,51.18,-14.38,0.0,68.45,26.77
2024-01-15 11:06:00,KF-B101,charging,0.0,50.9,-14.68,0.0,70.45,25.38
2024-01-15 11:06:30,KF-B101,charging,0.0,50.81,-14.27,0.0,66.59,25.7
2024-01-15 11:07:00,KF-B101,charging,0.0,51.24,,0.0,63.85,23.14
2024-01-15 11:07:30,KF-B101,charging,0.0,50.89,-16.02,0.0,70.62,27.48
2024-01-15 11:08:00,KF-B101,charging,0.0,50.89,-15.41,0.0,70.78,24.22
2024-01-15 11:08:30,KF-B101,charging,0.0,51.02,-16.72,0.0,68.07,30.24
2024-01-15 11:09:00,KF-B101,charging,0.0,51.31,-15.5,0.0,68.23,28.78
2024-01-15 11:09:30,KF-B101,charging,,51.01,-16.49,0.0,65.84,27.28
2024-01-15 11:10:00,KF-B101,charging,0.0,50.5,-15.18,0.0,72.36,26.99
2024-01-15 11:10:30,KF-B101,charging,,51.42,-16.85,0.0,71.23,23.99
2024-01-15 11:11:00,KF-B101,charging,0.0,,,0.0,64.7,28.67
2024-01-15 11:11:30,KF-B101,charging,0.0,51.02,-16.58,0.0,69.15,25.18
2024-01-15 11:12:00,KF-B101,charging,0.0,51.33,-11.06,0.0,73.84,28.67
2024-01-15 11:12:30,KF-B101,charging,0.0,51.54,-14.27,0.0,68.13,26.87
2024-01-15 11:13:00,KF-B101,charging,0.0,51.08,-16.27,0.0,68.44,27.05
2024-01-15 11:13:30,KF-B101,charging,0.0,51.34,-12.04,0.0,71.18,24.4
2024-01-15 11:14:00,KF-B101,charging,0.0,51.14,-11.66,0.0,68.46,28.14
2024-01-15 11:14:30,KF-B101,charging,0.0,,-15.85,0.0,61.68,26.91
2024-01-15 11:15:00,KF-B101,charging,0.0,51.58,-15.16,0.0,68.14,32.02
2024-01-15 11:15:30,KF-B101,charging,0.0,50.68,-14.67,0.0,67.9,25.73
2024-01-15 11:16:00,KF-B101,charging,0.0,51.02,-12.31,,66.91,25.66
2024-01-15 11:16:30,KF-B101,charging,0.0,51.29,-17.46,0.0,67.57,24.31
2024-01-15 11:17:00,KF-B101,charging,0.0,51.6,-15.09,0.0,64.51,24.81
2024-01-15 11:17:30,KF-B101,charging,0.0,50.83,-17.48,0.0,70.65,26.79
2024-01-15 11:18:00,KF-B101,charging,0.0,50.69,-11.83,0.0,71.97,24.08
2024-01-15 11:18:30,KF-B101,charging,0.0,51.26,-17.17,,68.05,26.87
2024-01-15 11:19:00,KF-B101,charging,0.0,50.53,-18.69,0.0,68.55,26.32
2024-01-15 11:19:30,KF-B101,charging,0.0,50.82,-13.28,0.0,69.16,28.54
2024-01-15 11:20:00,KF-B101,charging,0.0,51.35,-12.38,0.0,63.64,29.19
2024-01-15 11:20:30,KF-B101,charging,0.0,50.9,-15.94,0.0,68.57,27.6
2024-01-15 11:21:00,KF-B101,charging,0.0,51.13,-17.39,0.0,67.54,26.46
2024-01-15 11:21:30,KF-B101,charging,0.0,50.75,-14.98,0.0,72.66,28.22
2024-01-15 11:22:00,KF-B101,charging,0.0,50.58,-15.11,0.0,65.85,27.26
2024-01-15 11:22:30,KF-B101,charging,0.0,51.09,-9.65,0.0,63.39,23.41
2024-01-15 11:23:00,KF-B101,charging,0.0,50.73,-13.31,0.0,65.71,26.31
2024-01-15 11:23:30,KF-B101,charging,0.0,51.51,-15.81,0.0,65.81,28.22
2024-01-15 11:24:00,KF-B101,charging,0.0,51.43,-15.14,0.0,65.55,23.23
2024-01-15 11:24:30,KF-B101,charging,0.0,,-14.48,0.0,71.44,25.63
2024-01-15 11:25:00,KF-B101,charging,0.0,51.26,-16.8,0.0,76.66,
2024-01-15 11:25:30,KF-B101,charging,0.0,50.74,-12.73,0.0,67.24,30.96
2024-01-15 11:26:00,KF-B101,charging,,51.43,-14.46,0.0,74.58,27.9
2024-01-15 11:26:30,KF-B101,charging,,51.29,-15.88,0.0,,26.78
2024-01-15 11:27:00,KF-B101,charging,0.0,51.24,-19.06,0.0,72.59,27.37
2024-01-15 11:27:30,KF-B101,charging,0.0,51.05,-15.58,,70.15,24.66
2024-01-15 11:28:00,KF-B101,charging,0.0,51.77,-10.48,0.0,71.33,29.12
2024-01-15 11:28:30,KF-B101,charging,0.0,50.82,-15.24,0.0,69.54,29.0
2024-01-15 11:29:00,KF-B101,charging,0.0,50.79,-12.95,0.0,64.73,27.93
2024-01-15 11:29:30,KF-B101,charging,0.0,50.89,-13.4,0.0,64.61,30.1
2024-01-15 11:30:00,KF-B101,not_in_use,0.0,51.09,0.0,0.0,,29.12
2024-01-15 11:30:30,KF-B101,not_in_use,0.0,50.49,0.0,0.0,67.61,30.35
2024-01-15 11:31:00,KF-B101,not_in_use,0.0,51.23,0.0,0.0,63.99,26.88
2024-01-15 11:31:30,KF-B101,not_in_use,0.0,51.21,0.0,0.0,64.47,28.92
2024-01-15 11:32:00,KF-B101,not_in_use,0.0,50.91,0.0,0.0,70.13,29.08
2024-01-15 11:32:30,KF-B101,not_in_use,0.0,51.24,0.0,0.0,69.41,30.5
2024-01-15 11:33:00,KF-B101,not_in_use,0.0,50.69,0.0,0.0,63.75,23.75
2024-01-15 11:33:30,KF-B101,not_in_use,0.0,51.53,0.0,0.0,68.13,29.85
2024-01-15 11:34:00,KF-B101,not_in_use,0.0,,0.0,0.0,,27.52
2024-01-15 11:34:30,KF-B101,not_in_use,0.0,51.65,,,68.94,25.79
2024-01-15 11:35:00,KF-B101,not_in_use,0.0,50.25,0.0,0.0,68.27,25.73
2024-01-15 11:35:30,KF-B101,not_in_use,0.0,50.37,0.0,0.0,68.8,32.19
2024-01-15 11:36:00,KF-B101,not_in_use,0.0,,0.0,0.0,68.67,28.34
2024-01-15 11:36:30,KF-B101,not_in_use,0.0,50.97,0.0,0.0,66.41,27.58
2024-01-15 11:37:00,KF-B101,not_in_use,0.0,51.36,0.0,0.0,69.4,26.14
2024-01-15 11:37:30,KF-B101,not_in_use,0.0,50.79,0.0,0.0,66.6,26.68
2024-01-15 11:38:00,KF-B101,not_in_use,0.0,50.84,0.0,0.0,73.48,30.64
2024-01-15 11:38:30,KF-B101,not_in_use,0.0,50.58,0.0,0.0,71.24,
2024-01-15 11:39:00,KF-B101,not_in_use,0.0,51.09,0.0,0.0,71.44,23.18
2024-01-15 11:39:30,KF-B101,not_in_use,0.0,51.21,0.0,0.0,68.14,26.12
2024-01-15 11:40:00,KF-B101,not_in_use,0.0,50.53,0.0,0.0,,30.13
2024-01-15 11:40:30,KF-B101,not_in_use,0.0,51.27,0.0,0.0,67.58,30.72
2024-01-15 11:41:00,KF-B101,not_in_use,0.0,51.25,0.0,0.0,68.56,21.41
2024-01-15 11:41:30,KF-B101,not_in_use,0.0,50.89,0.0,0.0,68.41,25.04
2024-01-15 11:42:00,KF-B101,not_in_use,0.0,51.06,0.0,0.0,66.45,27.82
2024-01-15 11:42:30,KF-B101,not_in_use,0.0,51.16,0.0,0.0,71.43,25.44
2024-01-15 11:43:00,KF-B101,not_in_use,0.0,51.48,0.0,0.0,67.59,28.59
2024-01-15 11:43:30,KF-B101,not_in_use,0.0,50.65,0.0,0.0,72.08,25.68
2024-01-15 11:44:00,KF-B101,not_in_use,,50.89,0.0,0.0,66.74,
2024-01-15 11:44:30,KF-B101,not_in_use,0.0,51.16,0.0,0.0,65.54,26.28
2024-01-15 11:45:00,KF-B101,not_in_use,0.0,51.51,0.0,0.0,65.72,
2024-01-15 11:45:30,KF-B101,not_in_use,0.0,50.56,0.0,0.0,66.54,28.55
2024-01-15 11:46:00,KF-B101,not_in_use,0.0,50.94,0.0,0.0,63.86,29.23
2024-01-15 11:46:30,KF-B101,not_in_use,0.0,50.98,0.0,0.0,68.32,27.75
2024-01-15 11:47:00,KF-B101,not_in_use,0.0,51.04,0.0,0.0,68.09,25.57
2024-01-15 11:47:30,KF-B101,not_in_use,0.0,51.04,0.0,0.0,63.56,
2024-01-15 11:48:00,KF-B101,not_in_use,,51.1,0.0,0.0,71.06,30.17
2024-01-15 11:48:30,KF-B101,not_in_use,0.0,51.21,0.0,0.0,70.41,24.99
2024-01-15 11:49:00,KF-B101,not_in_use,,,0.0,0.0,63.22,23.92
2024-01-15 11:49:30,KF-B101,not_in_use,0.0,51.01,0.0,0.0,60.41,27.45
2024-01-15 11:50:00,KF-B101,not_in_use,0.0,50.79,0.0,0.0,,28.28
2024-01-15 11:50:30,KF-B101,not_in_use,0.0,50.85,0.0,0.0,73.03,26.22
2024-01-15 11:51:00,KF-B101,not_in_use,0.0,51.1,0.0,0.0,69.12,25.56
2024-01-15 11:51:30,KF-B101,not_in_use,0.0,51.36,0.0,0.0,65.2,23.96
2024-01-15 11:52:00,KF-B101,not_in_use,0.0,50.81,0.0,0.0,72.02,26.48
2024-01-15 11:52:30,KF-B101,not_in_use,0.0,51.42,0.0,0.0,69.91,23.61
2024-01-15 11:53:00,KF-B101,not_in_use,0.0,50.64,0.0,0.0,65.16,29.13
2024-01-15 11:53:30,KF-B101,not_in_use,0.0,51.53,0.0,0.0,64.02,27.13
2024-01-15 11:54:00,KF-B101,not_in_use,0.0,50.85,0.0,0.0,68.45,31.95
2024-01-15 11:54:30,KF-B101,not_in_use,0.0,51.3,0.0,,73.2,25.2
2024-01-15 11:55:00,KF-B101,not_in_use,0.0,51.03,0.0,0.0,68.54,28.87
2024-01-15 11:55:30,KF-B101,not_in_use,0.0,50.97,0.0,0.0,63.58,25.95
2024-01-15 11:56:00,KF-B101,not_in_use,0.0,51.22,0.0,0.0,66.94,23.53
2024-01-15 11:56:30,KF-B101,not_in_use,0.0,51.39,0.0,0.0,74.1,26.84
2024-01-15 11:57:00,KF-B101,not_in_use,0.0,51.18,0.0,0.0,67.19,25.57
2024-01-15 11:57:30,KF-B101,not_in_use,0.0,50.64,0.0,0.0,69.25,25.18
2024-01-15 11:58:00,KF-B101,not_in_use,0.0,50.58,0.0,,69.95,22.21
2024-01-15 11:58:30,KF-B101,not_in_use,0.0,50.94,0.0,,,27.55
2024-01-15 11:59:00,KF-B101,not_in_use,0.0,50.92,0.0,0.0,71.83,29.19
2024-01-15 11:59:30,KF-B101,not_in_use,0.0,50.79,0.0,0.0,66.83,
2024-01-15 06:00:00,KF-I108,in_use,48.67,46.63,32.1,99.83,69.16,28.03
2024-01-15 06:00:30,KF-I108,in_use,35.22,44.17,34.35,,68.73,26.24
2024-01-15 06:01:00,KF-I108,in_use,46.06,47.04,31.06,99.45,72.83,27.94
2024-01-15 06:01:30,KF-I108,in_use,48.29,47.91,28.84,99.23,71.89,26.55
2024-01-15 06:02:00,KF-I108,in_use,31.64,47.34,26.57,98.96,65.11,27.16
2024-01-15 06:02:30,KF-I108,in_use,23.76,47.33,17.36,98.72,70.96,29.85
2024-01-15 06:03:00,KF-I108,in_use,40.3,43.51,20.48,98.46,73.43,27.31
2024-01-15 06:03:30,KF-I108,in_use,41.28,46.84,31.27,98.16,67.57,29.91
2024-01-15 06:04:00,KF-I108,in_use,41.53,,17.8,97.92,71.25,27.39
2024-01-15 06:04:30,KF-I108,in_use,39.39,47.46,36.01,97.63,69.69,28.02
2024-01-15 06:05:00,KF-I108,in_use,23.75,48.9,,97.41,67.62,25.06
2024-01-15 06:05:30,KF-I108,in_use,38.95,44.01,25.2,97.19,66.63,28.66
2024-01-15 06:06:00,KF-I108,in_use,31.22,47.24,27.28,96.96,64.33,24.39
2024-01-15 06:06:30,KF-I108,in_use,46.07,,30.11,96.67,68.72,27.74
2024-01-15 06:07:00,KF-I108,in_use,43.5,,18.68,96.44,68.2,24.02
2024-01-15 06:07:30,KF-I108,in_use,,46.22,,96.26,,
2024-01-15 06:08:00,KF-I108,in_use,42.49,45.52,27.12,96.07,69.52,28.7
2024-01-15 06:08:30,KF-I108,in_use,38.28,46.54,31.27,95.8,65.42,24.36
2024-01-15 06:09:00,KF-I108,in_use,62.57,48.24,27.11,95.57,66.38,24.34
2024-01-15 06:09:30,KF-I108,in_use,22.88,47.05,26.37,95.23,71.87,26.82
2024-01-15 06:10:00,KF-I108,in_use,26.35,45.97,30.51,94.99,70.41,29.3
2024-01-15 06:10:30,KF-I108,in_use,23.52,48.1,31.42,94.76,65.59,25.2
2024-01-15 06:11:00,KF-I108,in_use,28.5,48.46,23.53,94.51,65.26,27.44
2024-01-15 06:11:30,KF-I108,in_use,31.52,46.65,31.06,94.37,73.85,28.19
2024-01-15 06:12:00,KF-I108,in_use,43.39,46.11,27.66,94.14,70.76,26.14
2024-01-15 06:12:30,KF-I108,in_use,43.83,45.91,35.12,93.89,69.17,24.24
2024-01-15 06:13:00,KF-I108,in_use,33.71,46.53,31.97,93.65,65.95,26.86
2024-01-15 06:13:30,KF-I108,in_use,46.34,47.73,34.35,93.34,67.54,28.14
2024-01-15 06:14:00,KF-I108,in_use,36.98,46.08,31.69,93.06,69.2,29.26
2024-01-15 06:14:30,KF-I108,in_use,24.24,48.23,27.95,92.8,72.07,25.45
2024-01-15 06:15:00,KF-I108,in_use,38.18,44.15,26.67,92.57,72.74,27.38
2024-01-15 06:15:30,KF-I108,in_use,32.91,44.79,28.03,92.29,63.42,26.77
2024-01-15 06:16:00,KF-I108,in_use,42.93,43.9,37.36,92.06,67.82,27.98
2024-01-15 06:16:30,KF-I108,in_use,31.54,47.43,,91.85,66.5,28.28
2024-01-15 06:17:00,KF-I108,in_use,41.7,47.64,25.26,91.61,75.18,28.23
2024-01-15 06:17:30,KF-I108,in_use,24.54,47.84,29.67,91.35,69.87,29.98
2024-01-15 06:18:00,KF-I108,in_use,45.39,44.82,32.13,91.11,68.42,27.38
2024-01-15 06:18:30,KF-I108,in_use,44.75,45.76,27.66,90.9,67.54,28.39
2024-01-15 06:19:00,KF-I108,in_use,35.28,51.04,32.78,,,28.27
2024-01-15 06:19:30,KF-I108,in_use,30.77,44.44,21.52,90.39,69.97,26.29
2024-01-15 06:20:00,KF-I108,in_use,36.66,46.15,26.2,90.15,69.48,23.91
2024-01-15 06:20:30,KF-I108,in_use,36.44,,33.03,89.95,63.92,26.78
2024-01-15 06:21:00,KF-I108,in_use,30.08,45.53,28.12,89.71,68.47,27.46
2024-01-15 06:21:30,KF-I108,in_use,30.1,48.83,32.21,89.43,73.72,28.51
2024-01-15 06:22:00,KF-I108,in_use,27.61,47.17,22.85,89.25,70.01,28.45
2024-01-15 06:22:30,KF-I108,in_use,,47.38,,88.97,69.42,26.37
2024-01-15 06:23:00,KF-I108,in_use,15.82,43.21,19.74,88.75,71.21,25.91
2024-01-15 06:23:30,KF-I108,in_use,31.01,47.4,21.79,88.48,70.76,29.71
2024-01-15 06:24:00,KF-I108,in_use,32.44,44.38,23.45,88.24,67.78,29.75
2024-01-15 06:24:30,KF-I108,in_use,29.94,47.4,20.14,88.01,66.06,24.71
2024-01-15 06:25:00,KF-I108,in_use,34.14,45.26,27.89,87.82,,27.69
2024-01-15 06:25:30,KF-I108,in_use,31.55,52.2,22.74,87.6,67.95,27.96
2024-01-15 06:26:00,KF-I108,in_use,,47.92,33.52,87.4,66.24,26.85
2024-01-15 06:26:30,KF-I108,in_use,47.8,48.1,29.35,87.1,66.12,25.97
2024-01-15 06:27:00,KF-I108,in_use,47.03,46.99,28.26,86.83,67.05,
2024-01-15 06:27:30,KF-I108,in_use,25.65,48.71,33.91,86.61,65.49,28.74
2024-01-15 06:28:00,KF-I108,in_use,20.7,,26.13,86.39,62.84,27.7
2024-01-15 06:28:30,KF-I108,in_use,33.23,46.63,28.29,86.11,67.75,27.44
2024-01-15 06:29:00,KF-I108,in_use,25.96,47.84,33.16,85.85,69.71,26.62
2024-01-15 06:29:30,KF-I108,in_use,41.18,48.5,27.65,85.56,65.38,23.29
2024-01-15 06:30:00,KF-I108,in_use,42.03,43.56,,85.33,67.83,27.17
2024-01-15 06:30:30,KF-I108,in_use,26.04,46.87,33.11,85.07,68.34,25.09
2024-01-15 06:31:00,KF-I108,in_use,24.55,46.51,31.86,84.83,70.7,27.05
2024-01-15 06:31:30,KF-I108,in_use,39.56,45.31,24.09,84.56,65.6,25.54
2024-01-15 06:32:00,KF-I108,in_use,36.69,45.16,29.72,84.35,66.85,27.18
2024-01-15 06:32:30,KF-I108,in_use,32.07,49.75,,84.09,69.47,25.68
2024-01-15 06:33:00,KF-I108,in_use,42.65,48.16,29.07,83.81,65.81,28.6
2024-01-15 06:33:30,KF-I108,in_use,29.47,45.46,27.92,83.55,67.56,29.05
2024-01-15 06:34:00,KF-I108,in_use,27.99,,27.81,83.29,68.32,24.18
2024-01-15 06:34:30,KF-I108,in_use,37.06,43.9,27.56,83.0,,25.07
2024-01-15 06:35:00,KF-I108,in_use,28.97,47.19,28.48,82.77,,26.54
2024-01-15 06:35:30,KF-I108,in_use,,47.36,23.0,82.49,71.06,27.28
2024-01-15 06:36:00,KF-I108,in_use,26.79,46.2,31.43,82.24,67.55,23.36
2024-01-15 06:36:30,KF-I108,in_use,51.72,47.79,26.47,82.0,67.32,
2024-01-15 06:37:00,KF-I108,in_use,38.0,48.89,26.9,81.75,67.17,27.08
2024-01-15 06:37:30,KF-I108,in_use,18.99,48.71,35.67,81.45,70.39,25.1
2024-01-15 06:38:00,KF-I108,in_use,32.39,45.64,23.46,81.19,62.56,28.86
2024-01-15 06:38:30,KF-I108,in_use,37.29,48.23,26.12,80.88,71.16,23.53
2024-01-15 06:39:00,KF-I108,in_use,35.01,45.06,22.14,80.62,69.84,26.87
2024-01-15 06:39:30,KF-I108,in_use,36.59,45.11,26.55,80.41,68.63,29.76
2024-01-15 06:40:00,KF-I108,in_use,48.44,48.66,22.84,80.19,69.92,29.23
2024-01-15 06:40:30,KF-I108,in_use,47.04,46.4,,79.94,66.06,25.54
2024-01-15 06:41:00,KF-I108,in_use,28.77,46.53,28.32,79.66,67.99,24.91
2024-01-15 06:41:30,KF-I108,in_use,44.11,48.29,25.75,79.41,71.44,23.77
2024-01-15 06:42:00,KF-I108,in_use,39.01,46.61,31.02,79.12,69.34,27.11
2024-01-15 06:42:30,KF-I108,in_use,31.43,44.38,28.38,78.86,,25.97
2024-01-15 06:43:00,KF-I108,in_use,26.27,46.22,24.33,78.58,69.35,24.79
2024-01-15 06:43:30,KF-I108,in_use,32.89,46.43,22.25,78.28,68.07,22.76
2024-01-15 06:44:00,KF-I108,in_use,51.46,47.78,23.06,78.06,71.96,29.53
2024-01-15 06:44:30,KF-I108,in_use,20.51,47.84,24.49,77.79,69.51,27.88
2024-01-15 06:45:00,KF-I108,in_use,33.21,45.85,22.39,77.6,68.79,28.8
2024-01-15 06:45:30,KF-I108,in_use,39.99,46.69,26.26,77.34,68.0,28.43
2024-01-15 06:46:00,KF-I108,in_use,34.13,47.03,29.64,,65.43,29.93
2024-01-15 06:46:30,KF-I108,in_use,37.96,45.87,30.36,76.7,70.98,27.66
2024-01-15 06:47:00,KF-I108,in_use,30.03,46.57,28.12,76.53,67.06,25.76
2024-01-15 06:47:30,KF-I108,in_use,56.68,47.05,32.01,76.29,70.07,28.81
2024-01-15 06:48:00,KF-I108,in_use,,45.22,30.17,76.02,69.86,23.21
2024-01-15 06:48:30,KF-I108,in_use,40.23,48.5,25.54,75.73,64.89,27.83
2024-01-15 06:49:00,KF-I108,in_use,45.18,44.86,40.44,75.51,68.17,26.49
2024-01-15 06:49:30,KF-I108,in_use,,46.44,23.97,75.27,71.82,28.45
2024-01-15 06:50:00,KF-I108,in_use,29.42,42.5,31.22,74.97,74.78,24.9
2024-01-15 06:50:30,KF-I108,in_use,35.25,46.41,29.58,74.73,68.72,27.01
2024-01-15 06:51:00,KF-I108,in_use,34.99,46.63,26.61,74.51,61.8,29.0
2024-01-15 06:51:30,KF-I108,in_use,25.7,47.72,29.23,74.28,67.95,27.88
2024-01-15 06:52:00,KF-I108,in_use,31.99,47.95,36.49,74.01,64.48,25.36
2024-01-15 06:52:30,KF-I108,in_use,,46.22,,73.69,68.44,30.29
2024-01-15 06:53:00,KF-I108,in_use,45.16,48.3,,73.41,66.37,29.12
2024-01-15 06:53:30,KF-I108,in_use,31.73,48.51,31.37,73.1,72.14,24.65
2024-01-15 06:54:00,KF-I108,in_use,33.73,46.43,24.9,72.85,72.44,24.53
2024-01-15 06:54:30,KF-I108,in_use,,46.28,21.69,72.63,66.59,28.2
2024-01-15 06:55:00,KF-I108,in_use,,47.97,27.88,72.41,67.82,28.18
2024-01-15 06:55:30,KF-I108,in_use,27.25,45.53,27.97,72.15,69.95,27.54
2024-01-15 06:56:00,KF-I108,in_use,28.09,43.99,22.66,,64.15,24.58
2024-01-15 06:56:30,KF-I108,in_use,30.11,45.42,33.64,71.72,66.82,26.96
2024-01-15 06:57:00,KF-I108,in_use,33.3,46.0,30.6,71.44,67.59,25.56
2024-01-15 06:57:30,KF-I108,in_use,26.42,47.06,34.81,71.13,64.72,26.49
2024-01-15 06:58:00,KF-I108,in_use,29.62,46.59,23.86,70.88,72.39,25.41
2024-01-15 06:58:30,KF-I108,in_use,36.8,49.88,28.14,70.61,70.53,26.11
2024-01-15 06:59:00,KF-I108,in_use,34.55,48.08,20.96,70.35,68.73,24.34
2024-01-15 06:59:30,KF-I108,in_use,46.23,45.73,26.65,70.08,64.87,29.93
2024-01-15 07:00:00,KF-I108,in_use,29.1,48.39,26.32,69.82,65.62,28.9
2024-01-15 07:00:30,KF-I108,in_use,25.05,44.54,21.84,69.58,65.72,28.75
2024-01-15 07:01:00,KF-I108,in_use,49.87,48.54,28.6,69.29,68.69,25.16
2024-01-15 07:01:30,KF-I108,in_use,33.4,45.2,28.9,68.99,67.43,26.41
2024-01-15 07:02:00,KF-I108,in_use,35.93,46.11,29.91,68.8,65.82,27.08
2024-01-15 07:02:30,KF-I108,in_use,27.65,46.41,34.53,68.62,66.18,27.63
2024-01-15 07:03:00,KF-I108,in_use,32.92,44.8,32.95,68.41,69.01,27.58
2024-01-15 07:03:30,KF-I108,in_use,29.92,47.97,29.72,68.12,61.47,29.56
2024-01-15 07:04:00,KF-I108,in_use,40.6,48.28,35.12,67.9,64.18,
2024-01-15 07:04:30,KF-I108,in_use,37.94,43.36,26.45,67.58,58.77,28.01
2024-01-15 07:05:00,KF-I108,in_use,38.83,45.81,30.09,67.23,66.23,27.35
2024-01-15 07:05:30,KF-I108,in_use,25.39,47.85,21.72,66.94,68.53,25.15
2024-01-15 07:06:00,KF-I108,in_use,32.83,45.11,,66.67,67.95,26.05
2024-01-15 07:06:30,KF-I108,in_use,36.33,43.83,22.62,66.41,63.06,29.41
2024-01-15 07:07:00,KF-I108,in_use,34.52,45.34,23.98,66.15,66.74,26.5
2024-01-15 07:07:30,KF-I108,in_use,40.1,46.15,29.91,65.91,70.47,27.91
2024-01-15 07:08:00,KF-I108,in_use,19.85,48.05,24.29,65.66,66.47,28.92
2024-01-15 07:08:30,KF-I108,in_use,27.34,46.26,27.27,65.38,63.86,27.95
2024-01-15 07:09:00,KF-I108,in_use,31.93,45.06,29.72,65.22,70.65,25.79
2024-01-15 07:09:30,KF-I108,in_use,40.69,45.43,30.26,64.99,,27.91
2024-01-15 07:10:00,KF-I108,in_use,31.87,44.31,28.76,64.77,68.11,26.76
2024-01-15 07:10:30,KF-I108,in_use,29.16,47.65,25.94,64.5,71.15,27.4
2024-01-15 07:11:00,KF-I108,in_use,39.21,42.91,35.39,64.27,69.26,27.04
2024-01-15 07:11:30,KF-I108,in_use,37.91,47.55,21.45,64.06,69.33,26.06
2024-01-15 07:12:00,KF-I108,in_use,46.81,49.63,21.84,,67.24,22.5
2024-01-15 07:12:30,KF-I108,in_use,31.89,45.49,33.4,63.58,66.59,23.21
2024-01-15 07:13:00,KF-I108,in_use,34.74,44.44,20.68,63.35,70.65,26.4
2024-01-15 07:13:30,KF-I108,in_use,31.7,46.11,22.09,63.06,69.41,29.44
2024-01-15 07:14:00,KF-I108,in_use,36.7,43.56,21.44,62.75,67.02,24.29
2024-01-15 07:14:30,KF-I108,in_use,39.27,46.97,,62.55,70.67,
2024-01-15 07:15:00,KF-I108,in_use,38.14,46.54,30.56,62.32,66.63,25.23
2024-01-15 07:15:30,KF-I108,in_use,42.0,45.08,24.02,62.07,65.43,26.01
2024-01-15 07:16:00,KF-I108,in_use,27.42,45.89,22.85,61.81,72.96,27.98
2024-01-15 07:16:30,KF-I108,in_use,32.69,50.51,35.38,61.55,66.67,27.61
2024-01-15 07:17:00,KF-I108,in_use,43.85,46.08,41.19,61.35,69.7,28.26
2024-01-15 07:17:30,KF-I108,in_use,37.33,44.19,27.94,61.14,66.89,27.46
2024-01-15 07:18:00,KF-I108,in_use,35.95,47.38,29.47,60.86,70.05,25.08
2024-01-15 07:18:30,KF-I108,in_use,19.67,46.23,31.47,60.58,70.99,29.82
2024-01-15 07:19:00,KF-I108,in_use,40.76,46.08,25.89,60.38,69.08,28.43
2024-01-15 07:19:30,KF-I108,in_use,26.19,46.74,31.8,,,22.9
2024-01-15 07:20:00,KF-I108,in_use,44.61,51.81,34.35,,67.25,23.83
2024-01-15 07:20:30,KF-I108,in_use,37.54,44.93,21.06,59.52,70.49,
2024-01-15 07:21:00,KF-I108,in_use,29.91,50.08,30.54,59.29,66.49,25.61
2024-01-15 07:21:30,KF-I108,in_use,38.17,44.19,31.68,59.02,67.29,25.55
2024-01-15 07:22:00,KF-I108,in_use,35.73,47.58,27.95,58.75,,26.03
2024-01-15 07:22:30,KF-I108,in_use,38.18,45.2,29.18,58.52,63.76,24.86
2024-01-15 07:23:00,KF-I108,in_use,25.63,48.94,25.69,58.31,68.21,28.18
2024-01-15 07:23:30,KF-I108,in_use,40.35,47.96,27.8,58.12,63.59,29.26
2024-01-15 07:24:00,KF-I108,in_use,49.79,,30.16,57.86,67.35,25.26
2024-01-15 07:24:30,KF-I108,in_use,39.11,46.78,18.2,57.54,68.15,26.81
2024-01-15 07:25:00,KF-I108,in_use,28.51,46.14,27.17,57.29,66.67,26.22
2024-01-15 07:25:30,KF-I108,in_use,35.58,45.36,35.01,57.02,65.24,26.67
2024-01-15 07:26:00,KF-I108,in_use,37.12,48.51,24.98,56.77,72.4,26.23
2024-01-15 07:26:30,KF-I108,in_use,35.86,47.28,30.03,56.52,65.42,
2024-01-15 07:27:00,KF-I108,in_use,43.63,47.26,27.56,56.2,64.81,28.59
2024-01-15 07:27:30,KF-I108,in_use,34.17,49.07,23.91,55.94,69.31,24.95
2024-01-15 07:28:00,KF-I108,in_use,53.87,46.81,29.52,55.68,63.91,24.41
2024-01-15 07:28:30,KF-I108,in_use,22.86,47.55,31.57,55.43,71.14,29.4
2024-01-15 07:29:00,KF-I108,in_use,29.4,46.03,33.07,,68.16,29.13
2024-01-15 07:29:30,KF-I108,in_use,43.45,44.82,36.97,54.9,66.01,
2024-01-15 07:30:00,KF-I108,in_use,41.56,46.51,24.38,54.57,71.7,25.77
2024-01-15 07:30:30,KF-I108,in_use,,45.8,,54.34,66.6,
2024-01-15 07:31:00,KF-I108,in_use,,46.92,24.12,54.09,65.85,
2024-01-15 07:31:30,KF-I108,in_use,35.2,45.33,30.6,53.85,67.96,25.5
2024-01-15 07:32:00,KF-I108,in_use,46.39,47.28,28.72,53.58,66.85,27.9
2024-01-15 07:32:30,KF-I108,in_use,33.73,45.3,24.78,53.31,64.95,29.89
2024-01-15 07:33:00,KF-I108,in_use,23.51,48.94,32.7,53.09,64.94,27.42
2024-01-15 07:33:30,KF-I108,in_use,40.9,47.21,30.86,52.79,64.41,
2024-01-15 07:34:00,KF-I108,in_use,28.55,43.42,26.41,52.55,,23.61
2024-01-15 07:34:30,KF-I108,in_use,29.7,49.61,29.28,52.35,60.86,26.14
2024-01-15 07:35:00,KF-I108,in_use,41.83,46.92,30.44,52.12,,22.81
2024-01-15 07:35:30,KF-I108,in_use,46.37,45.2,22.48,51.91,75.07,25.0
2024-01-15 07:36:00,KF-I108,in_use,37.29,50.58,18.83,51.67,65.17,26.38
2024-01-15 07:36:30,KF-I108,in_use,26.4,46.02,,51.42,71.48,25.63
2024-01-15 07:37:00,KF-I108,in_use,36.28,47.83,36.0,51.22,68.42,29.7
2024-01-15 07:37:30,KF-I108,in_use,31.65,43.69,24.95,50.95,68.51,28.34
2024-01-15 07:38:00,KF-I108,in_use,43.3,49.04,17.09,50.75,65.73,28.75
2024-01-15 07:38:30,KF-I108,in_use,29.69,46.75,28.26,50.56,67.26,26.79
2024-01-15 07:39:00,KF-I108,in_use,30.43,44.38,35.4,50.27,72.69,24.97
2024-01-15 07:39:30,KF-I108,in_use,32.79,48.15,27.84,50.06,65.88,25.97
2024-01-15 07:40:00,KF-I108,in_use,38.4,48.68,27.34,49.82,68.36,26.95
2024-01-15 07:40:30,KF-I108,in_use,,46.09,33.04,49.57,68.74,31.92
2024-01-15 07:41:00,KF-I108,in_use,32.36,46.21,35.37,49.33,66.65,25.84
2024-01-15 07:41:30,KF-I108,in_use,30.55,48.68,22.31,49.06,68.52,28.29
2024-01-15 07:42:00,KF-I108,in_use,28.71,48.23,31.97,48.78,67.9,24.85
2024-01-15 07:42:30,KF-I108,in_use,45.16,48.62,29.51,48.49,65.21,28.17
2024-01-15 07:43:00,KF-I108,in_use,25.78,,25.04,48.23,64.8,28.01
2024-01-15 07:43:30,KF-I108,in_use,47.12,44.88,,47.98,67.79,26.6
2024-01-15 07:44:00,KF-I108,in_use,40.1,46.51,,47.73,71.14,29.59
2024-01-15 07:44:30,KF-I108,in_use,44.08,45.94,30.59,47.51,67.03,26.24
2024-01-15 07:45:00,KF-I108,in_use,29.42,46.96,33.25,47.21,64.13,
2024-01-15 07:45:30,KF-I108,in_use,38.24,47.13,26.62,47.04,72.24,27.54
2024-01-15 07:46:00,KF-I108,in_use,40.93,49.75,27.5,46.73,69.51,26.39
2024-01-15 07:46:30,KF-I108,in_use,40.38,,37.06,46.47,65.62,23.25
2024-01-15 07:47:00,KF-I108,in_use,26.48,48.96,29.59,46.27,69.06,27.53
2024-01-15 07:47:30,KF-I108,in_use,42.42,47.52,20.88,46.02,70.99,26.52
2024-01-15 07:48:00,KF-I108,in_use,47.76,46.62,22.67,45.74,68.12,26.85
2024-01-15 07:48:30,KF-I108,in_use,42.36,48.24,21.62,45.48,69.42,24.44
2024-01-15 07:49:00,KF-I108,in_use,25.74,49.78,28.53,45.21,64.42,23.45
2024-01-15 07:49:30,KF-I108,in_use,32.91,47.01,32.99,44.99,66.92,27.52
2024-01-15 07:50:00,KF-I108,in_use,38.46,45.44,28.24,44.73,70.78,25.28
2024-01-15 07:50:30,KF-I108,in_use,44.52,46.45,30.36,44.52,75.14,26.29
2024-01-15 07:51:00,KF-I108,in_use,38.75,45.41,33.24,44.28,68.79,22.63
2024-01-15 07:51:30,KF-I108,in_use,42.36,,24.6,44.04,71.31,26.64
2024-01-15 07:52:00,KF-I108,in_use,33.62,47.61,34.1,43.78,65.76,26.6
2024-01-15 07:52:30,KF-I108,in_use,39.27,47.69,29.26,43.57,64.76,25.8
2024-01-15 07:53:00,KF-I108,in_use,48.43,43.31,30.09,43.33,68.87,27.39
2024-01-15 07:53:30,KF-I108,in_use,42.08,43.86,32.01,,66.25,27.55
2024-01-15 07:54:00,KF-I108,in_use,29.63,49.29,17.67,42.8,63.86,25.45
2024-01-15 07:54:30,KF-I108,in_use,37.54,45.31,22.75,42.58,66.13,28.32
2024-01-15 07:55:00,KF-I108,in_use,22.07,44.4,25.12,42.3,66.62,26.94
2024-01-15 07:55:30,KF-I108,in_use,33.52,44.94,35.21,42.09,63.87,24.55
2024-01-15 07:56:00,KF-I108,in_use,25.24,44.7,39.12,41.86,73.95,29.33
2024-01-15 07:56:30,KF-I108,in_use,28.41,47.54,35.27,41.52,73.44,23.46
2024-01-15 07:57:00,KF-I108,in_use,39.88,46.0,29.58,41.25,68.93,28.93
2024-01-15 07:57:30,KF-I108,in_use,35.22,47.58,,41.04,67.93,29.2
2024-01-15 07:58:00,KF-I108,in_use,27.4,47.28,34.56,,64.14,
2024-01-15 07:58:30,KF-I108,in_use,29.53,47.72,25.28,40.48,64.87,28.54
2024-01-15 07:59:00,KF-I108,in_use,44.84,45.89,24.19,40.19,74.05,25.97
2024-01-15 07:59:30,KF-I108,in_use,49.57,43.61,34.01,39.93,69.4,29.46
2024-01-15 08:00:00,KF-I108,in_use,42.87,44.45,28.13,39.72,74.01,28.12
2024-01-15 08:00:30,KF-I108,in_use,37.83,,35.11,39.42,73.49,28.74
2024-01-15 08:01:00,KF-I108,in_use,,44.6,27.69,39.22,70.11,29.01
2024-01-15 08:01:30,KF-I108,in_use,37.41,48.33,20.92,38.91,70.66,29.76
2024-01-15 08:02:00,KF-I108,in_use,33.11,46.74,20.11,,63.13,27.54
2024-01-15 08:02:30,KF-I108,in_use,27.67,46.21,20.91,38.43,65.27,28.4
2024-01-15 08:03:00,KF-I108,in_use,33.2,44.86,27.29,38.19,69.18,28.43
2024-01-15 08:03:30,KF-I108,in_use,35.91,46.09,23.81,37.94,66.8,27.61
2024-01-15 08:04:00,KF-I108,in_use,24.79,47.77,34.36,37.69,67.04,28.25
2024-01-15 08:04:30,KF-I108,in_use,44.26,47.1,29.34,,65.59,25.42
2024-01-15 08:05:00,KF-I108,in_use,32.2,42.9,30.2,37.25,70.33,21.77
2024-01-15 08:05:30,KF-I108,in_use,26.98,50.65,26.32,36.96,66.75,25.1
2024-01-15 08:06:00,KF-I108,in_use,27.25,45.4,25.11,36.73,65.63,25.57
2024-01-15 08:06:30,KF-I108,in_use,37.61,49.27,35.04,36.46,63.24,23.0
2024-01-15 08:07:00,KF-I108,in_use,26.64,46.99,24.31,36.13,65.34,27.39
2024-01-15 08:07:30,KF-I108,in_use,41.61,46.96,33.59,35.91,69.89,24.58
2024-01-15 08:08:00,KF-I108,in_use,49.24,45.99,34.48,35.61,67.62,26.82
2024-01-15 08:08:30,KF-I108,in_use,23.1,47.42,29.5,,68.87,27.82
2024-01-15 08:09:00,KF-I108,in_use,24.87,46.77,30.27,35.09,71.41,26.93
2024-01-15 08:09:30,KF-I108,in_use,,45.67,28.45,,67.53,
2024-01-15 08:10:00,KF-I108,in_use,27.87,48.91,32.82,34.56,62.4,28.52
2024-01-15 08:10:30,KF-I108,in_use,27.26,48.19,36.11,34.34,66.72,30.03
2024-01-15 08:11:00,KF-I108,in_use,33.44,45.82,23.04,34.09,69.88,26.88
2024-01-15 08:11:30,KF-I108,in_use,31.03,49.48,16.48,33.88,,27.94
2024-01-15 08:12:00,KF-I108,in_use,36.04,49.55,25.12,33.64,69.67,28.83
2024-01-15 08:12:30,KF-I108,in_use,35.1,46.43,26.14,33.4,68.36,25.37
2024-01-15 08:13:00,KF-I108,in_use,31.98,,25.41,33.11,72.86,27.36
2024-01-15 08:13:30,KF-I108,in_use,,44.75,24.17,32.89,69.89,30.29
2024-01-15 08:14:00,KF-I108,in_use,,47.44,32.37,32.61,62.86,26.0
2024-01-15 08:14:30,KF-I108,in_use,34.39,46.71,39.89,32.31,67.88,28.61
2024-01-15 08:15:00,KF-I108,in_use,39.15,46.9,33.71,32.07,68.34,25.77
2024-01-15 08:15:30,KF-I108,in_use,34.78,47.88,28.45,31.86,74.42,25.8
2024-01-15 08:16:00,KF-I108,in_use,32.83,45.98,24.32,31.59,63.16,25.77
2024-01-15 08:16:30,KF-I108,in_use,37.19,44.11,35.3,31.28,70.24,27.15
2024-01-15 08:17:00,KF-I108,in_use,51.07,47.35,26.59,30.99,66.27,28.09
2024-01-15 08:17:30,KF-I108,in_use,38.34,,19.9,30.7,70.29,27.06
2024-01-15 08:18:00,KF-I108,in_use,22.75,46.45,39.26,30.44,62.13,28.84
2024-01-15 08:18:30,KF-I108,in_use,36.16,45.94,,30.05,74.0,27.69
2024-01-15 08:19:00,KF-I108,in_use,23.38,42.25,26.18,,66.5,28.21
2024-01-15 08:19:30,KF-I108,in_use,26.12,46.54,27.73,29.68,71.81,25.26
2024-01-15 08:20:00,KF-I108,in_use,28.64,46.33,30.74,29.43,70.74,24.44
2024-01-15 08:20:30,KF-I108,in_use,43.61,44.72,19.61,29.16,,25.59
2024-01-15 08:21:00,KF-I108,in_use,44.56,48.26,26.75,28.89,,29.08
2024-01-15 08:21:30,KF-I108,in_use,38.39,45.12,26.64,28.67,70.23,27.69
2024-01-15 08:22:00,KF-I108,in_use,33.78,,33.83,28.43,75.13,25.97
2024-01-15 08:22:30,KF-I108,in_use,36.49,43.16,16.69,28.17,66.9,28.32
2024-01-15 08:23:00,KF-I108,in_use,14.69,,24.39,27.88,66.27,25.45
2024-01-15 08:23:30,KF-I108,in_use,54.71,47.22,26.73,27.62,73.2,28.72
2024-01-15 08:24:00,KF-I108,in_use,37.87,49.05,32.83,27.4,62.03,24.75
2024-01-15 08:24:30,KF-I108,in_use,33.03,47.01,43.75,27.16,63.46,23.24
2024-01-15 08:25:00,KF-I108,in_use,32.64,46.25,27.25,26.92,65.58,26.49
2024-01-15 08:25:30,KF-I108,in_use,36.85,46.79,28.53,26.73,69.64,26.67
2024-01-15 08:26:00,KF-I108,in_use,29.22,48.99,22.11,26.48,62.9,28.66
2024-01-15 08:26:30,KF-I108,in_use,28.77,43.14,15.73,26.26,68.71,24.36
2024-01-15 08:27:00,KF-I108,in_use,,43.1,27.32,25.93,72.42,27.62
2024-01-15 08:27:30,KF-I108,in_use,35.6,48.1,34.4,25.65,68.88,27.68
2024-01-15 08:28:00,KF-I108,in_use,43.4,48.49,31.97,25.42,61.38,28.61
2024-01-15 08:28:30,KF-I108,in_use,33.65,46.5,32.64,25.1,67.93,26.77
2024-01-15 08:29:00,KF-I108,in_use,34.34,44.42,35.39,24.89,71.36,26.29
2024-01-15 08:29:30,KF-I108,in_use,31.3,45.37,34.6,24.62,66.41,24.96
2024-01-15 08:30:00,KF-I108,in_use,27.74,45.42,26.97,24.36,68.13,28.47
2024-01-15 08:30:30,KF-I108,in_use,42.97,46.89,26.79,24.11,71.15,30.29
2024-01-15 08:31:00,KF-I108,in_use,36.37,44.45,26.87,23.86,67.77,24.85
2024-01-15 08:31:30,KF-I108,in_use,37.41,46.67,24.3,23.6,69.66,27.57
2024-01-15 08:32:00,KF-I108,in_use,42.69,44.09,27.65,23.4,65.7,26.24
2024-01-15 08:32:30,KF-I108,in_use,,47.32,24.7,23.19,71.11,27.08
2024-01-15 08:33:00,KF-I108,in_use,31.09,43.89,,22.92,62.94,26.85
2024-01-15 08:33:30,KF-I108,in_use,30.03,,25.96,,66.05,
2024-01-15 08:34:00,KF-I108,in_use,35.05,44.36,34.75,22.48,71.26,27.67
2024-01-15 08:34:30,KF-I108,in_use,24.36,47.38,29.84,22.25,69.58,24.03
2024-01-15 08:35:00,KF-I108,in_use,27.39,45.82,20.87,22.03,67.06,25.22
2024-01-15 08:35:30,KF-I108,in_use,48.39,46.17,23.81,21.8,67.55,28.47
2024-01-15 08:36:00,KF-I108,in_use,43.1,43.46,28.4,21.56,64.52,25.79
2024-01-15 08:36:30,KF-I108,in_use,36.18,46.43,31.2,21.31,71.08,26.53
2024-01-15 08:37:00,KF-I108,in_use,38.98,45.06,27.24,21.08,66.25,26.51
2024-01-15 08:37:30,KF-I108,in_use,30.3,47.66,35.65,20.82,69.18,26.21
2024-01-15 08:38:00,KF-I108,in_use,40.84,45.59,29.07,20.62,67.16,27.18
2024-01-15 08:38:30,KF-I108,in_use,30.72,44.32,28.2,20.37,68.57,27.07
2024-01-15 08:39:00,KF-I108,in_use,33.82,45.38,35.28,20.15,66.93,32.53
2024-01-15 08:39:30,KF-I108,in_use,22.26,46.85,22.88,19.95,71.63,26.55
2024-01-15 08:40:00,KF-I108,in_use,40.4,45.42,20.23,19.66,69.66,29.49
2024-01-15 08:40:30,KF-I108,in_use,33.84,45.93,31.5,19.45,61.79,24.9
2024-01-15 08:41:00,KF-I108,in_use,35.46,45.23,27.53,19.15,66.7,28.35
2024-01-15 08:41:30,KF-I108,in_use,29.41,44.06,31.84,18.82,71.86,29.35
2024-01-15 08:42:00,KF-I108,in_use,32.81,44.26,26.5,18.6,73.55,26.44
2024-01-15 08:42:30,KF-I108,in_use,25.87,44.86,21.87,18.34,69.87,30.65
2024-01-15 08:43:00,KF-I108,in_use,28.62,45.75,22.25,18.09,67.38,25.73
2024-01-15 08:43:30,KF-I108,in_use,31.03,46.26,28.83,17.85,69.08,26.1
2024-01-15 08:44:00,KF-I108,in_use,29.58,48.34,27.44,17.57,67.7,26.92
2024-01-15 08:44:30,KF-I108,in_use,28.96,48.91,31.52,17.36,66.85,27.43
2024-01-15 08:45:00,KF-I108,in_use,19.63,45.69,34.68,17.06,73.76,30.71
2024-01-15 08:45:30,KF-I108,in_use,40.99,,29.79,16.76,66.63,27.94
2024-01-15 08:46:00,KF-I108,in_use,31.74,45.3,20.16,16.52,65.42,27.11
2024-01-15 08:46:30,KF-I108,in_use,29.27,44.92,,,69.93,24.37
2024-01-15 08:47:00,KF-I108,in_use,45.46,45.0,25.91,16.01,69.9,28.68
2024-01-15 08:47:30,KF-I108,in_use,,46.71,21.69,15.75,68.37,24.91
2024-01-15 08:48:00,KF-I108,in_use,38.75,48.83,25.79,15.47,67.57,26.29
2024-01-15 08:48:30,KF-I108,in_use,41.78,44.01,22.07,15.21,72.51,29.01
2024-01-15 08:49:00,KF-I108,in_use,27.66,43.31,13.78,14.96,,26.24
2024-01-15 08:49:30,KF-I108,in_use,25.75,44.29,37.32,14.69,68.15,25.29
2024-01-15 08:50:00,KF-I108,in_use,41.23,48.98,24.56,14.31,73.32,28.16
2024-01-15 08:50:30,KF-I108,in_use,31.47,46.37,33.54,14.1,69.74,25.45
2024-01-15 08:51:00,KF-I108,in_use,25.59,45.24,36.14,13.84,74.75,
2024-01-15 08:51:30,KF-I108,in_use,31.44,43.38,32.89,13.61,64.24,28.66
2024-01-15 08:52:00,KF-I108,in_use,41.96,46.44,22.11,13.36,69.91,26.84
2024-01-15 08:52:30,KF-I108,in_use,38.21,46.64,25.97,13.16,69.52,28.16
2024-01-15 08:53:00,KF-I108,in_use,,45.73,25.88,12.92,67.49,25.14
2024-01-15 08:53:30,KF-I108,in_use,33.95,47.1,25.97,12.69,65.66,26.32
2024-01-15 08:54:00,KF-I108,in_use,37.6,43.96,29.75,12.51,67.48,23.29
2024-01-15 08:54:30,KF-I108,in_use,36.17,49.79,35.04,12.26,72.57,27.66
2024-01-15 08:55:00,KF-I108,in_use,23.92,44.59,,12.02,67.27,25.38
2024-01-15 08:55:30,KF-I108,in_use,17.57,43.7,23.56,11.77,68.96,26.52
2024-01-15 08:56:00,KF-I108,in_use,40.12,43.59,31.93,11.46,65.06,27.89
2024-01-15 08:56:30,KF-I108,in_use,36.35,45.83,30.34,11.22,63.82,20.85
2024-01-15 08:57:00,KF-I108,in_use,27.67,48.67,37.1,11.03,67.84,26.69
2024-01-15 08:57:30,KF-I108,in_use,49.22,45.32,28.4,10.75,70.82,24.9
2024-01-15 08:58:00,KF-I108,in_use,43.9,43.26,30.28,10.49,65.07,27.11
2024-01-15 08:58:30,KF-I108,in_use,39.13,42.86,34.25,10.22,66.32,25.55
2024-01-15 08:59:00,KF-I108,in_use,34.86,48.34,27.39,9.99,74.27,25.31
2024-01-15 08:59:30,KF-I108,in_use,27.62,44.17,32.86,9.79,,28.04
2024-01-15 09:00:00,KF-I108,in_use,37.61,47.15,28.66,9.49,65.22,28.8
2024-01-15 09:00:30,KF-I108,in_use,,47.21,30.94,9.29,64.78,27.02
2024-01-15 09:01:00,KF-I108,in_use,37.06,,32.0,9.06,70.35,28.82
2024-01-15 09:01:30,KF-I108,in_use,,46.07,29.06,8.8,,30.17
2024-01-15 09:02:00,KF-I108,in_use,38.55,46.58,26.44,8.5,70.67,30.48
2024-01-15 09:02:30,KF-I108,in_use,45.19,42.23,28.07,,66.63,25.58
2024-01-15 09:03:00,KF-I108,in_use,32.68,42.86,28.64,7.95,71.17,25.88
2024-01-15 09:03:30,KF-I108,in_use,29.18,47.77,26.84,7.74,66.44,25.79
2024-01-15 09:04:00,KF-I108,in_use,26.8,47.02,30.75,7.51,72.4,25.33
2024-01-15 09:04:30,KF-I108,in_use,25.2,46.78,26.41,7.23,63.82,27.74
2024-01-15 09:05:00,KF-I108,in_use,30.66,46.39,23.74,6.97,66.76,25.25
2024-01-15 09:05:30,KF-I108,in_use,,46.04,20.09,6.59,74.31,27.7
2024-01-15 09:06:00,KF-I108,in_use,39.69,46.09,30.51,6.3,74.29,25.32
2024-01-15 09:06:30,KF-I108,in_use,36.05,47.14,29.16,6.14,65.42,23.6
2024-01-15 09:07:00,KF-I108,in_use,33.79,46.87,20.31,5.87,66.31,26.54
2024-01-15 09:07:30,KF-I108,in_use,30.72,44.3,30.67,5.57,67.55,
2024-01-15 09:08:00,KF-I108,in_use,20.23,44.64,,,67.62,27.86
2024-01-15 09:08:30,KF-I108,in_use,36.11,48.07,25.05,5.08,69.3,27.1
2024-01-15 09:09:00,KF-I108,in_use,34.59,46.96,23.91,4.83,67.69,26.98
2024-01-15 09:09:30,KF-I108,in_use,28.54,45.39,23.6,4.56,73.73,26.17
2024-01-15 09:10:00,KF-I108,in_use,43.5,47.02,27.69,4.33,,27.2
2024-01-15 09:10:30,KF-I108,in_use,35.2,50.7,31.03,4.1,68.01,26.32
2024-01-15 09:11:00,KF-I108,in_use,36.28,,38.21,3.87,67.73,27.69
2024-01-15 09:11:30,KF-I108,in_use,32.14,47.12,26.98,,68.71,25.58
2024-01-15 09:12:00,KF-I108,in_use,38.42,47.54,,3.34,64.89,25.5
2024-01-15 09:12:30,KF-I108,in_use,24.4,46.88,27.15,3.12,68.54,23.89
2024-01-15 09:13:00,KF-I108,in_use,37.22,45.54,24.72,2.82,67.64,26.46
2024-01-15 09:13:30,KF-I108,in_use,41.2,42.11,19.48,2.58,68.26,26.42
2024-01-15 09:14:00,KF-I108,in_use,23.91,45.77,,2.39,74.57,28.87
2024-01-15 09:14:30,KF-I108,in_use,49.71,47.71,27.39,,66.84,28.01
2024-01-15 09:15:00,KF-I108,in_use,26.1,47.34,23.68,1.87,66.59,
2024-01-15 09:15:30,KF-I108,in_use,17.99,45.16,28.49,1.63,72.88,27.88
2024-01-15 09:16:00,KF-I108,in_use,34.78,47.74,29.26,1.37,66.29,31.66
2024-01-15 09:16:30,KF-I108,in_use,33.06,46.04,,1.2,68.8,26.94
2024-01-15 09:17:00,KF-I108,in_use,39.05,46.63,25.48,0.99,66.07,27.95
2024-01-15 09:17:30,KF-I108,in_use,20.93,45.96,19.06,,66.02,28.02
2024-01-15 09:18:00,KF-I108,in_use,34.77,46.66,28.3,0.45,68.01,27.19
2024-01-15 09:18:30,KF-I108,in_use,,49.87,35.3,0.18,72.88,24.7
2024-01-15 09:19:00,KF-I108,in_use,44.55,45.39,28.29,0.0,,24.31
2024-01-15 09:19:30,KF-I108,in_use,28.38,44.57,18.86,0.0,66.27,28.04
2024-01-15 09:20:00,KF-I108,in_use,36.26,47.31,,0.0,72.06,27.86
2024-01-15 09:20:30,KF-I108,in_use,30.97,45.14,35.63,0.0,67.38,29.08
2024-01-15 09:21:00,KF-I108,in_use,34.96,46.66,25.14,0.0,66.28,26.18
2024-01-15 09:21:30,KF-I108,in_use,23.17,43.99,16.71,0.0,70.19,28.37
2024-01-15 09:22:00,KF-I108,in_use,38.17,47.04,38.9,0.0,,24.23
2024-01-15 09:22:30,KF-I108,in_use,32.2,46.28,24.39,,70.57,
2024-01-15 09:23:00,KF-I108,in_use,,46.19,27.13,0.0,66.24,24.29
2024-01-15 09:23:30,KF-I108,in_use,34.72,44.3,33.82,0.0,74.18,25.6
2024-01-15 09:24:00,KF-I108,in_use,34.59,48.74,27.14,0.0,71.32,29.3
2024-01-15 09:24:30,KF-I108,in_use,34.34,46.99,38.31,0.0,67.93,28.53
2024-01-15 09:25:00,KF-I108,in_use,47.68,45.11,22.37,0.0,64.89,27.09
2024-01-15 09:25:30,KF-I108,in_use,39.51,45.91,20.43,0.0,72.54,25.66
2024-01-15 09:26:00,KF-I108,in_use,37.45,48.51,33.02,0.0,68.44,25.16
2024-01-15 09:26:30,KF-I108,in_use,32.43,48.59,28.94,0.0,71.29,30.3
2024-01-15 09:27:00,KF-I108,in_use,28.67,46.9,35.26,,68.96,27.35
2024-01-15 09:27:30,KF-I108,in_use,42.06,46.12,22.26,0.0,67.1,22.62
2024-01-15 09:28:00,KF-I108,in_use,42.75,42.97,24.49,0.0,65.28,30.06
2024-01-15 09:28:30,KF-I108,in_use,21.98,46.72,29.11,0.0,,25.7
2024-01-15 09:29:00,KF-I108,in_use,20.32,47.1,23.55,0.0,67.02,
2024-01-15 09:29:30,KF-I108,in_use,,45.85,29.06,0.0,67.46,
2024-01-15 09:30:00,KF-I108,in_use,42.05,44.41,20.43,0.0,68.51,25.58
2024-01-15 09:30:30,KF-I108,in_use,33.66,48.13,37.29,0.0,68.0,29.47
2024-01-15 09:31:00,KF-I108,in_use,24.73,45.34,28.1,0.0,67.24,26.18
2024-01-15 09:31:30,KF-I108,in_use,42.61,45.83,28.79,0.0,70.05,29.3
2024-01-15 09:32:00,KF-I108,in_use,35.26,43.04,29.03,0.0,65.27,28.74
2024-01-15 09:32:30,KF-I108,in_use,13.64,44.68,31.84,0.0,,28.42
2024-01-15 09:33:00,KF-I108,in_use,27.73,50.61,25.89,0.0,69.46,27.46
2024-01-15 09:33:30,KF-I108,in_use,41.34,49.08,28.05,0.0,71.23,27.69
2024-01-15 09:34:00,KF-I108,in_use,39.08,44.01,28.11,0.0,65.64,28.78
2024-01-15 09:34:30,KF-I108,in_use,26.91,47.01,29.25,0.0,72.1,24.63
2024-01-15 09:35:00,KF-I108,in_use,52.84,44.32,32.54,0.0,,27.91
2024-01-15 09:35:30,KF-I108,in_use,34.93,49.63,24.26,0.0,67.58,26.13
2024-01-15 09:36:00,KF-I108,in_use,42.01,45.06,30.81,0.0,67.18,29.91
2024-01-15 09:36:30,KF-I108,in_use,29.44,,21.61,0.0,66.76,26.94
2024-01-15 09:37:00,KF-I108,in_use,38.63,47.8,34.9,,67.55,28.23
2024-01-15 09:37:30,KF-I108,in_use,28.02,45.83,13.44,0.0,65.81,22.74
2024-01-15 09:38:00,KF-I108,in_use,57.6,46.48,23.68,0.0,62.29,27.53
2024-01-15 09:38:30,KF-I108,in_use,25.11,49.79,26.76,0.0,64.53,28.57
2024-01-15 09:39:00,KF-I108,in_use,46.09,47.62,29.21,0.0,65.64,26.3
2024-01-15 09:39:30,KF-I108,in_use,30.95,,30.57,0.0,66.9,26.79
2024-01-15 09:40:00,KF-I108,in_use,33.22,50.11,22.21,0.0,66.4,29.3
2024-01-15 09:40:30,KF-I108,in_use,38.16,47.18,33.89,0.0,66.84,25.99
2024-01-15 09:41:00,KF-I108,in_use,45.76,48.0,,0.0,69.4,23.89
2024-01-15 09:41:30,KF-I108,in_use,40.4,51.16,33.47,0.0,61.14,29.1
2024-01-15 09:42:00,KF-I108,in_use,42.42,46.47,29.27,0.0,66.34,23.32
2024-01-15 09:42:30,KF-I108,in_use,47.13,43.92,35.41,0.0,,26.31
2024-01-15 09:43:00,KF-I108,in_use,25.11,48.17,32.51,0.0,67.47,26.67
2024-01-15 09:43:30,KF-I108,in_use,38.48,46.84,29.07,0.0,71.5,27.98
2024-01-15 09:44:00,KF-I108,in_use,37.76,43.97,25.39,0.0,66.41,28.11
2024-01-15 09:44:30,KF-I108,in_use,33.51,43.51,,0.0,69.55,25.7
2024-01-15 09:45:00,KF-I108,in_use,33.17,46.08,24.78,0.0,72.03,27.4
2024-01-15 09:45:30,KF-I108,in_use,33.41,43.95,28.38,0.0,68.05,27.83
2024-01-15 09:46:00,KF-I108,in_use,29.92,45.54,26.04,0.0,64.12,28.52
2024-01-15 09:46:30,KF-I108,in_use,25.75,44.88,,0.0,69.18,23.85
2024-01-15 09:47:00,KF-I108,in_use,33.17,42.52,,0.0,70.38,30.36
2024-01-15 09:47:30,KF-I108,in_use,32.89,44.64,26.8,0.0,68.82,27.93
2024-01-15 09:48:00,KF-I108,in_use,37.06,45.47,,0.0,65.14,28.4
2024-01-15 09:48:30,KF-I108,in_use,32.64,43.78,25.26,0.0,65.22,25.86
2024-01-15 09:49:00,KF-I108,in_use,,46.96,16.39,0.0,68.24,29.95
2024-01-15 09:49:30,KF-I108,in_use,45.83,48.66,34.88,0.0,62.87,27.05
2024-01-15 09:50:00,KF-I108,in_use,34.55,46.66,40.34,0.0,70.99,26.96
2024-01-15 09:50:30,KF-I108,in_use,42.86,47.66,,0.0,65.75,26.34
2024-01-15 09:51:00,KF-I108,in_use,42.64,45.32,30.45,0.0,70.3,26.52
2024-01-15 09:51:30,KF-I108,in_use,,42.94,32.11,0.0,67.91,30.63
2024-01-15 09:52:00,KF-I108,in_use,47.89,42.83,25.97,0.0,68.11,24.9
2024-01-15 09:52:30,KF-I108,in_use,25.26,47.2,30.11,,70.0,28.61
2024-01-15 09:53:00,KF-I108,in_use,45.86,45.99,24.68,0.0,74.86,25.19
2024-01-15 09:53:30,KF-I108,in_use,17.69,47.68,24.68,0.0,75.82,27.57
2024-01-15 09:54:00,KF-I108,in_use,28.91,47.51,26.11,0.0,69.86,24.48
2024-01-15 09:54:30,KF-I108,in_use,40.86,46.06,21.6,0.0,68.97,25.63
2024-01-15 09:55:00,KF-I108,in_use,33.94,43.62,24.19,0.0,68.67,24.23
2024-01-15 09:55:30,KF-I108,in_use,33.54,41.98,,0.0,68.93,28.15
2024-01-15 09:56:00,KF-I108,in_use,42.92,48.19,26.55,0.0,67.5,28.39
2024-01-15 09:56:30,KF-I108,in_use,32.35,47.28,35.61,0.0,,29.7
2024-01-15 09:57:00,KF-I108,in_use,37.11,46.89,29.85,0.0,68.11,24.07
2024-01-15 09:57:30,KF-I108,in_use,30.6,49.12,28.73,0.0,67.67,25.96
2024-01-15 09:58:00,KF-I108,in_use,28.5,46.34,27.89,0.0,,25.02
2024-01-15 09:58:30,KF-I108,in_use,44.94,48.06,27.85,0.0,60.8,28.33
2024-01-15 09:59:00,KF-I108,in_use,33.83,47.31,41.68,0.0,69.45,27.36
2024-01-15 09:59:30,KF-I108,in_use,,45.26,25.46,0.0,69.47,25.59
2024-01-15 10:00:00,KF-I108,in_use,41.2,47.6,22.42,0.0,72.07,28.13
2024-01-15 10:00:30,KF-I108,in_use,40.77,47.36,26.14,0.0,68.51,25.84
2024-01-15 10:01:00,KF-I108,in_use,23.7,47.68,23.78,0.0,65.03,26.41
2024-01-15 10:01:30,KF-I108,in_use,,45.87,36.65,0.0,70.26,23.54
2024-01-15 10:02:00,KF-I108,in_use,,44.32,35.34,0.0,68.8,
2024-01-15 10:02:30,KF-I108,in_use,42.93,43.84,22.66,0.0,71.42,29.07
2024-01-15 10:03:00,KF-I108,in_use,34.38,45.24,26.94,,68.93,26.77
2024-01-15 10:03:30,KF-I108,in_use,37.59,47.29,28.17,0.0,65.78,26.29
2024-01-15 10:04:00,KF-I108,in_use,28.15,45.49,27.55,0.0,70.84,26.37
2024-01-15 10:04:30,KF-I108,in_use,40.0,48.06,26.61,0.0,64.19,25.73
2024-01-15 10:05:00,KF-I108,in_use,31.14,47.71,30.85,0.0,61.25,26.29
2024-01-15 10:05:30,KF-I108,in_use,38.22,,22.58,0.0,,25.61
2024-01-15 10:06:00,KF-I108,in_use,36.8,45.36,26.05,0.0,71.21,26.17
2024-01-15 10:06:30,KF-I108,in_use,31.19,45.49,31.68,0.0,66.06,28.73
2024-01-15 10:07:00,KF-I108,in_use,28.54,48.27,24.34,0.0,62.1,28.13
2024-01-15 10:07:30,KF-I108,in_use,33.42,46.13,36.36,0.0,68.13,28.92
2024-01-15 10:08:00,KF-I108,in_use,36.19,46.72,26.61,0.0,75.03,29.4
2024-01-15 10:08:30,KF-I108,in_use,41.01,48.09,30.89,0.0,68.4,24.86
2024-01-15 10:09:00,KF-I108,in_use,32.1,50.53,27.88,0.0,,29.25
2024-01-15 10:09:30,KF-I108,in_use,36.63,47.03,32.33,0.0,73.09,28.85
2024-01-15 10:10:00,KF-I108,in_use,35.44,45.15,41.17,0.0,70.36,26.44
2024-01-15 10:10:30,KF-I108,in_use,39.31,49.43,39.06,0.0,69.23,23.18
2024-01-15 10:11:00,KF-I108,in_use,25.51,47.41,24.05,0.0,69.99,26.16
2024-01-15 10:11:30,KF-I108,in_use,33.67,44.22,,0.0,66.94,28.3
2024-01-15 10:12:00,KF-I108,in_use,27.03,46.36,26.95,0.0,72.24,30.77
2024-01-15 10:12:30,KF-I108,in_use,38.72,,34.77,0.0,69.04,27.89
2024-01-15 10:13:00,KF-I108,in_use,43.59,47.8,31.18,0.0,68.42,27.42
2024-01-15 10:13:30,KF-I108,in_use,36.19,46.1,24.11,0.0,69.81,29.69
2024-01-15 10:14:00,KF-I108,in_use,31.56,45.99,33.74,0.0,68.66,24.75
2024-01-15 10:14:30,KF-I108,in_use,,47.95,,0.0,71.62,27.57
2024-01-15 10:15:00,KF-I108,in_use,30.89,45.57,29.11,0.0,71.74,27.31
2024-01-15 10:15:30,KF-I108,in_use,28.03,48.13,36.6,0.0,68.53,26.6
2024-01-15 10:16:00,KF-I108,in_use,39.0,49.37,34.68,0.0,67.11,26.79
2024-01-15 10:16:30,KF-I108,in_use,37.83,43.95,33.06,0.0,67.4,24.68
2024-01-15 10:17:00,KF-I108,in_use,32.6,44.64,39.85,0.0,68.99,26.18
2024-01-15 10:17:30,KF-I108,in_use,34.12,50.96,40.01,0.0,69.33,27.05
2024-01-15 10:18:00,KF-I108,in_use,42.31,,32.85,0.0,70.08,24.77
2024-01-15 10:18:30,KF-I108,in_use,34.71,48.12,28.73,0.0,,25.49
2024-01-15 10:19:00,KF-I108,in_use,45.22,46.94,35.17,0.0,68.69,24.23
2024-01-15 10:19:30,KF-I108,in_use,38.81,45.59,29.94,0.0,70.58,29.71
2024-01-15 10:20:00,KF-I108,in_use,44.51,49.43,25.8,0.0,65.76,26.87
2024-01-15 10:20:30,KF-I108,in_use,39.76,46.93,29.09,0.0,67.38,27.36
2024-01-15 10:21:00,KF-I108,in_use,31.22,44.17,30.04,0.0,68.27,27.63
2024-01-15 10:21:30,KF-I108,in_use,16.51,47.58,23.62,0.0,67.3,26.16
2024-01-15 10:22:00,KF-I108,in_use,35.6,45.08,25.96,,69.18,29.37
2024-01-15 10:22:30,KF-I108,in_use,36.49,47.53,28.24,0.0,68.19,25.28
2024-01-15 10:23:00,KF-I108,in_use,36.92,51.15,29.94,0.0,72.71,29.97
2024-01-15 10:23:30,KF-I108,in_use,41.72,,26.96,0.0,68.99,27.05
2024-01-15 10:24:00,KF-I108,in_use,26.53,46.74,,,70.27,30.44
2024-01-15 10:24:30,KF-I108,in_use,18.68,46.2,25.65,0.0,68.8,24.89
2024-01-15 10:25:00,KF-I108,in_use,41.63,45.58,32.4,0.0,67.2,28.23
2024-01-15 10:25:30,KF-I108,in_use,34.84,44.78,,0.0,68.95,
2024-01-15 10:26:00,KF-I108,in_use,31.44,48.19,33.3,0.0,65.64,24.69
2024-01-15 10:26:30,KF-I108,in_use,20.74,46.68,29.09,0.0,71.38,30.26
2024-01-15 10:27:00,KF-I108,in_use,46.08,48.49,28.62,0.0,70.35,25.26
2024-01-15 10:27:30,KF-I108,in_use,20.87,45.36,31.46,0.0,66.51,24.82
2024-01-15 10:28:00,KF-I108,in_use,25.65,46.1,27.32,0.0,63.36,26.19
2024-01-15 10:28:30,KF-I108,in_use,31.56,48.25,22.89,0.0,68.88,28.31
2024-01-15 10:29:00,KF-I108,in_use,36.13,46.75,23.77,0.0,68.09,26.19
2024-01-15 10:29:30,KF-I108,in_use,26.9,46.01,25.78,0.0,63.25,24.74
2024-01-15 10:30:00,KF-I108,in_use,,46.38,38.18,0.0,66.48,25.34
2024-01-15 10:30:30,KF-I108,in_use,33.48,46.08,28.66,0.0,69.76,26.22
2024-01-15 10:31:00,KF-I108,in_use,29.84,48.06,35.06,0.0,64.82,25.35
2024-01-15 10:31:30,KF-I108,in_use,35.47,45.66,21.89,0.0,71.18,27.31
2024-01-15 10:32:00,KF-I108,in_use,38.73,48.98,22.99,,67.12,26.86
2024-01-15 10:32:30,KF-I108,in_use,41.93,47.43,,0.0,67.33,29.93
2024-01-15 10:33:00,KF-I108,in_use,44.27,48.2,28.89,0.0,74.12,26.47
2024-01-15 10:33:30,KF-I108,in_use,35.21,45.36,26.04,0.0,66.54,28.86
2024-01-15 10:34:00,KF-I108,in_use,,45.7,24.11,0.0,66.29,26.78
2024-01-15 10:34:30,KF-I108,in_use,19.42,44.36,25.96,0.0,67.89,26.48
2024-01-15 10:35:00,KF-I108,in_use,27.78,44.08,29.16,0.0,72.13,25.81
2024-01-15 10:35:30,KF-I108,in_use,45.26,49.9,18.64,0.0,72.57,26.22
2024-01-15 10:36:00,KF-I108,in_use,57.11,45.79,35.1,0.0,63.27,27.49
2024-01-15 10:36:30,KF-I108,in_use,25.02,,38.2,0.0,64.91,28.46
2024-01-15 10:37:00,KF-I108,in_use,38.67,42.91,26.26,0.0,65.7,26.44
2024-01-15 10:37:30,KF-I108,in_use,35.99,48.12,23.76,0.0,74.55,24.06
2024-01-15 10:38:00,KF-I108,in_use,36.65,48.45,31.21,0.0,,26.97
2024-01-15 10:38:30,KF-I108,in_use,28.08,48.46,32.57,0.0,70.12,21.99
2024-01-15 10:39:00,KF-I108,in_use,38.77,48.61,29.4,0.0,66.44,28.12
2024-01-15 10:39:30,KF-I108,in_use,27.48,48.81,33.6,0.0,66.12,26.82
2024-01-15 10:40:00,KF-I108,in_use,48.24,47.71,29.09,0.0,66.47,28.61
2024-01-15 10:40:30,KF-I108,in_use,40.24,49.54,29.14,0.0,65.99,27.62
2024-01-15 10:41:00,KF-I108,in_use,37.78,42.92,24.43,0.0,67.18,28.23
2024-01-15 10:41:30,KF-I108,in_use,24.1,47.89,23.63,0.0,73.4,26.01
2024-01-15 10:42:00,KF-I108,in_use,45.91,46.82,20.47,0.0,69.08,26.19
2024-01-15 10:42:30,KF-I108,in_use,45.09,45.34,34.63,0.0,,26.34
2024-01-15 10:43:00,KF-I108,in_use,54.77,49.58,28.46,0.0,64.18,28.01
2024-01-15 10:43:30,KF-I108,in_use,39.68,,22.26,0.0,69.8,25.3
2024-01-15 10:44:00,KF-I108,in_use,41.02,49.07,27.28,0.0,64.32,24.74
2024-01-15 10:44:30,KF-I108,in_use,48.5,47.12,32.13,0.0,71.78,28.08
2024-01-15 10:45:00,KF-I108,in_use,25.81,48.37,26.83,0.0,70.23,28.2
2024-01-15 10:45:30,KF-I108,in_use,47.26,44.92,24.75,0.0,64.27,28.26
2024-01-15 10:46:00,KF-I108,in_use,35.85,46.71,35.5,0.0,68.56,28.18
2024-01-15 10:46:30,KF-I108,in_use,18.69,48.0,23.26,0.0,71.07,25.38
2024-01-15 10:47:00,KF-I108,in_use,48.46,45.65,27.77,0.0,71.31,25.42
2024-01-15 10:47:30,KF-I108,in_use,27.29,48.88,26.67,0.0,,26.55
2024-01-15 10:48:00,KF-I108,in_use,24.32,46.29,33.64,0.0,69.44,28.03
2024-01-15 10:48:30,KF-I108,in_use,29.03,48.8,32.76,0.0,67.77,27.91
2024-01-15 10:49:00,KF-I108,in_use,29.43,43.39,20.24,0.0,67.42,27.91
2024-01-15 10:49:30,KF-I108,in_use,39.15,48.22,30.35,0.0,73.19,23.64
2024-01-15 10:50:00,KF-I108,in_use,36.86,49.3,29.46,0.0,67.37,25.44
2024-01-15 10:50:30,KF-I108,in_use,52.89,49.59,26.97,0.0,,27.21
2024-01-15 10:51:00,KF-I108,in_use,32.22,47.8,28.61,0.0,65.97,
2024-01-15 10:51:30,KF-I108,in_use,32.75,47.13,27.43,0.0,75.95,31.69
2024-01-15 10:52:00,KF-I108,in_use,,45.73,37.32,0.0,71.51,28.29
2024-01-15 10:52:30,KF-I108,in_use,44.98,49.21,23.26,0.0,70.97,21.96
2024-01-15 10:53:00,KF-I108,in_use,27.99,46.27,22.23,0.0,63.97,25.3
2024-01-15 10:53:30,KF-I108,in_use,33.86,47.0,19.27,0.0,66.14,26.91
2024-01-15 10:54:00,KF-I108,in_use,41.61,47.49,25.62,0.0,73.49,26.04
2024-01-15 10:54:30,KF-I108,in_use,24.41,,28.38,0.0,64.82,26.37
2024-01-15 10:55:00,KF-I108,in_use,29.89,44.64,26.43,0.0,64.35,28.49
2024-01-15 10:55:30,KF-I108,in_use,31.34,45.47,25.73,0.0,64.63,25.51
2024-01-15 10:56:00,KF-I108,in_use,32.62,46.78,37.16,0.0,67.43,25.82
2024-01-15 10:56:30,KF-I108,in_use,42.22,45.84,20.16,0.0,73.91,22.48
2024-01-15 10:57:00,KF-I108,in_use,,49.22,28.51,0.0,71.48,24.83
2024-01-15 10:57:30,KF-I108,in_use,38.09,45.62,22.71,0.0,70.15,26.31
2024-01-15 10:58:00,KF-I108,in_use,31.68,47.41,21.92,0.0,67.26,26.66
2024-01-15 10:58:30,KF-I108,in_use,51.26,45.41,29.36,0.0,69.09,27.31
2024-01-15 10:59:00,KF-I108,in_use,39.8,43.67,27.1,0.0,64.36,27.03
2024-01-15 10:59:30,KF-I108,in_use,42.14,50.09,30.91,0.0,65.38,29.02
2024-01-15 11:00:00,KF-I108,charging,0.0,51.14,-16.96,0.0,69.1,28.73
2024-01-15 11:00:30,KF-I108,charging,0.0,50.82,-14.54,0.0,65.67,27.62
2024-01-15 11:01:00,KF-I108,charging,0.0,50.77,-17.74,0.0,66.25,28.11
2024-01-15 11:01:30,KF-I108,charging,0.0,51.0,-16.8,0.0,65.97,29.11
2024-01-15 11:02:00,KF-I108,charging,0.0,50.61,-14.57,0.0,66.2,29.36
2024-01-15 11:02:30,KF-I108,charging,0.0,51.09,-12.98,0.0,66.53,26.11
2024-01-15 11:03:00,KF-I108,charging,0.0,51.42,-15.88,0.0,71.39,22.75
2024-01-15 11:03:30,KF-I108,charging,0.0,50.82,-12.23,0.0,68.04,26.33
2024-01-15 11:04:00,KF-I108,charging,0.0,50.54,-15.87,0.0,64.48,24.31
2024-01-15 11:04:30,KF-I108,charging,,51.19,-16.9,0.0,70.26,23.62
2024-01-15 11:05:00,KF-I108,charging,0.0,50.89,,0.0,64.04,27.91
2024-01-15 11:05:30,KF-I108,charging,0.0,50.92,-15.95,0.0,65.31,27.89
2024-01-15 11:06:00,KF-I108,charging,0.0,51.58,,0.0,71.26,28.67
2024-01-15 11:06:30,KF-I108,charging,0.0,51.36,-14.95,0.0,70.82,28.65
2024-01-15 11:07:00,KF-I108,charging,0.0,51.13,-15.43,0.0,,27.84
2024-01-15 11:07:30,KF-I108,charging,0.0,50.84,-11.72,0.0,66.55,27.48
2024-01-15 11:08:00,KF-I108,charging,0.0,51.17,-13.41,0.0,66.67,27.38
2024-01-15 11:08:30,KF-I108,charging,0.0,50.93,-12.79,0.0,67.0,25.24
2024-01-15 11:09:00,KF-I108,charging,0.0,50.95,-14.61,0.0,68.74,29.75
2024-01-15 11:09:30,KF-I108,charging,0.0,51.43,-14.09,0.0,,27.84
2024-01-15 11:10:00,KF-I108,charging,0.0,50.94,-13.53,0.0,,27.9
2024-01-15 11:10:30,KF-I108,charging,0.0,50.94,-14.66,0.0,70.76,25.35
2024-01-15 11:11:00,KF-I108,charging,0.0,50.87,-11.53,0.0,63.98,28.7
2024-01-15 11:11:30,KF-I108,charging,0.0,51.41,-15.59,0.0,68.35,26.66
2024-01-15 11:12:00,KF-I108,charging,0.0,50.88,-15.73,0.0,66.56,27.14
2024-01-15 11:12:30,KF-I108,charging,0.0,51.44,-15.93,0.0,68.81,27.14
2024-01-15 11:13:00,KF-I108,charging,0.0,51.11,-15.11,0.0,67.43,26.19
2024-01-15 11:13:30,KF-I108,charging,0.0,51.49,-13.51,0.0,72.11,25.25
2024-01-15 11:14:00,KF-I108,charging,0.0,51.53,-16.14,0.0,68.34,28.06
2024-01-15 11:14:30,KF-I108,charging,0.0,50.94,-18.21,0.0,68.79,24.57
2024-01-15 11:15:00,KF-I108,charging,0.0,51.41,-14.55,0.0,70.19,
2024-01-15 11:15:30,KF-I108,charging,0.0,50.68,-13.82,0.0,,26.24
2024-01-15 11:16:00,KF-I108,charging,0.0,51.0,-14.86,0.0,67.37,28.95
2024-01-15 11:16:30,KF-I108,charging,0.0,51.04,-12.67,0.0,67.71,27.96
2024-01-15 11:17:00,KF-I108,charging,0.0,51.52,-15.05,0.0,64.6,25.83
2024-01-15 11:17:30,KF-I108,charging,0.0,50.79,-16.54,0.0,70.62,24.67
2024-01-15 11:18:00,KF-I108,charging,0.0,50.68,-15.53,0.0,66.37,23.38
2024-01-15 11:18:30,KF-I108,charging,0.0,51.25,-16.4,0.0,68.18,24.64
2024-01-15 11:19:00,KF-I108,charging,0.0,50.87,-16.77,0.0,72.83,27.78
2024-01-15 11:19:30,KF-I108,charging,0.0,50.57,-15.4,0.0,66.15,26.13
2024-01-15 11:20:00,KF-I108,charging,0.0,50.87,-12.44,0.0,66.52,27.12
2024-01-15 11:20:30,KF-I108,charging,0.0,50.79,-12.28,0.0,67.76,25.32
2024-01-15 11:21:00,KF-I108,charging,0.0,50.53,-13.43,0.0,69.93,27.74
2024-01-15 11:21:30,KF-I108,charging,0.0,51.28,-18.89,0.0,68.83,28.87
2024-01-15 11:22:00,KF-I108,charging,0.0,51.24,-17.6,0.0,68.81,22.75
2024-01-15 11:22:30,KF-I108,charging,,50.57,-14.42,0.0,63.65,29.57
2024-01-15 11:23:00,KF-I108,charging,0.0,51.24,-19.0,0.0,65.34,
2024-01-15 11:23:30,KF-I108,charging,0.0,50.65,-13.92,0.0,,27.43
2024-01-15 11:24:00,KF-I108,charging,0.0,51.35,-11.6,0.0,69.72,27.37
2024-01-15 11:24:30,KF-I108,charging,0.0,50.93,-16.44,0.0,68.33,27.06
2024-01-15 11:25:00,KF-I108,charging,0.0,51.39,-16.33,0.0,69.7,30.4
2024-01-15 11:25:30,KF-I108,charging,0.0,51.08,-16.93,0.0,70.93,24.24
2024-01-15 11:26:00,KF-I108,charging,0.0,51.07,-11.76,0.0,70.38,24.78
2024-01-15 11:26:30,KF-I108,charging,0.0,50.72,-14.36,,65.64,26.44
2024-01-15 11:27:00,KF-I108,charging,0.0,50.67,-12.27,0.0,71.69,28.46
2024-01-15 11:27:30,KF-I108,charging,0.0,50.7,-15.62,0.0,66.96,
2024-01-15 11:28:00,KF-I108,charging,0.0,50.63,-14.83,0.0,69.4,25.2
2024-01-15 11:28:30,KF-I108,charging,0.0,51.15,-13.38,0.0,67.77,30.94
2024-01-15 11:29:00,KF-I108,charging,0.0,51.0,-14.39,0.0,66.12,26.49
2024-01-15 11:29:30,KF-I108,charging,,51.31,-16.45,0.0,69.34,26.08
2024-01-15 11:30:00,KF-I108,not_in_use,,51.43,0.0,0.0,64.98,28.62
2024-01-15 11:30:30,KF-I108,not_in_use,0.0,50.55,0.0,0.0,71.55,28.16
2024-01-15 11:31:00,KF-I108,not_in_use,,51.32,0.0,0.0,69.56,26.7
2024-01-15 11:31:30,KF-I108,not_in_use,0.0,51.0,0.0,0.0,69.19,30.32
2024-01-15 11:32:00,KF-I108,not_in_use,0.0,51.14,0.0,0.0,68.19,23.54
2024-01-15 11:32:30,KF-I108,not_in_use,0.0,50.88,0.0,0.0,68.33,25.03
2024-01-15 11:33:00,KF-I108,not_in_use,0.0,51.33,0.0,0.0,65.24,26.69
2024-01-15 11:33:30,KF-I108,not_in_use,0.0,50.95,0.0,0.0,68.75,24.92
2024-01-15 11:34:00,KF-I108,not_in_use,0.0,50.91,0.0,0.0,65.08,28.69
2024-01-15 11:34:30,KF-I108,not_in_use,0.0,50.69,0.0,0.0,66.85,27.95
2024-01-15 11:35:00,KF-I108,not_in_use,0.0,51.21,0.0,0.0,71.1,29.79
2024-01-15 11:35:30,KF-I108,not_in_use,0.0,51.3,0.0,0.0,65.71,28.92
2024-01-15 11:36:00,KF-I108,not_in_use,0.0,51.08,0.0,0.0,65.25,26.65
2024-01-15 11:36:30,KF-I108,not_in_use,0.0,50.58,0.0,0.0,66.04,27.67
2024-01-15 11:37:00,KF-I108,not_in_use,0.0,50.52,0.0,0.0,69.74,24.55
2024-01-15 11:37:30,KF-I108,not_in_use,0.0,50.82,,0.0,67.6,26.9
2024-01-15 11:38:00,KF-I108,not_in_use,0.0,,0.0,0.0,70.82,24.05
2024-01-15 11:38:30,KF-I108,not_in_use,0.0,50.86,0.0,,65.46,25.98
2024-01-15 11:39:00,KF-I108,not_in_use,0.0,50.75,0.0,0.0,64.19,26.85
2024-01-15 11:39:30,KF-I108,not_in_use,0.0,50.92,0.0,0.0,65.04,24.9
2024-01-15 11:40:00,KF-I108,not_in_use,0.0,,0.0,0.0,65.86,26.47
2024-01-15 11:40:30,KF-I108,not_in_use,0.0,50.72,0.0,0.0,68.98,23.13
2024-01-15 11:41:00,KF-I108,not_in_use,0.0,50.6,0.0,0.0,67.33,25.34
2024-01-15 11:41:30,KF-I108,not_in_use,0.0,50.5,0.0,0.0,,30.11
2024-01-15 11:42:00,KF-I108,not_in_use,0.0,50.72,0.0,0.0,,25.3
2024-01-15 11:42:30,KF-I108,not_in_use,0.0,50.22,0.0,0.0,66.21,27.34
2024-01-15 11:43:00,KF-I108,not_in_use,0.0,51.51,0.0,0.0,66.51,25.27
2024-01-15 11:43:30,KF-I108,not_in_use,0.0,51.03,0.0,0.0,66.83,27.58
2024-01-15 11:44:00,KF-I108,not_in_use,0.0,51.16,0.0,0.0,67.13,25.68
2024-01-15 11:44:30,KF-I108,not_in_use,0.0,51.04,0.0,0.0,69.67,29.32
2024-01-15 11:45:00,KF-I108,not_in_use,0.0,50.72,0.0,0.0,67.93,26.57
2024-01-15 11:45:30,KF-I108,not_in_use,0.0,51.33,0.0,0.0,68.39,27.62
2024-01-15 11:46:00,KF-I108,not_in_use,0.0,51.41,0.0,0.0,66.29,26.16
2024-01-15 11:46:30,KF-I108,not_in_use,0.0,51.15,0.0,0.0,66.64,27.72
2024-01-15 11:47:00,KF-I108,not_in_use,0.0,50.86,0.0,0.0,71.23,26.31
2024-01-15 11:47:30,KF-I108,not_in_use,0.0,50.75,0.0,0.0,72.77,28.28
2024-01-15 11:48:00,KF-I108,not_in_use,0.0,50.96,0.0,0.0,66.2,26.49
2024-01-15 11:48:30,KF-I108,not_in_use,0.0,50.87,0.0,0.0,69.11,25.54
2024-01-15 11:49:00,KF-I108,not_in_use,0.0,50.81,0.0,0.0,66.59,29.4
2024-01-15 11:49:30,KF-I108,not_in_use,0.0,,0.0,0.0,65.85,31.38
2024-01-15 11:50:00,KF-I108,not_in_use,0.0,51.36,0.0,0.0,66.19,29.68
2024-01-15 11:50:30,KF-I108,not_in_use,0.0,50.76,0.0,0.0,62.72,29.23
2024-01-15 11:51:00,KF-I108,not_in_use,0.0,51.13,0.0,0.0,,26.5
2024-01-15 11:51:30,KF-I108,not_in_use,0.0,51.2,0.0,0.0,74.17,27.87
2024-01-15 11:52:00,KF-I108,not_in_use,0.0,50.72,0.0,0.0,71.21,24.16
2024-01-15 11:52:30,KF-I108,not_in_use,0.0,50.47,0.0,0.0,72.15,23.93
2024-01-15 11:53:00,KF-I108,not_in_use,0.0,,0.0,0.0,65.3,27.34
2024-01-15 11:53:30,KF-I108,not_in_use,0.0,51.65,0.0,0.0,71.5,
2024-01-15 11:54:00,KF-I108,not_in_use,0.0,51.21,0.0,0.0,68.82,24.55
2024-01-15 11:54:30,KF-I108,not_in_use,0.0,51.02,0.0,0.0,67.81,27.95
2024-01-15 11:55:00,KF-I108,not_in_use,0.0,51.54,0.0,0.0,67.02,27.16
2024-01-15 11:55:30,KF-I108,not_in_use,0.0,50.94,0.0,0.0,67.14,28.55
2024-01-15 11:56:00,KF-I108,not_in_use,,51.42,0.0,0.0,66.4,25.3
2024-01-15 11:56:30,KF-I108,not_in_use,0.0,50.84,0.0,0.0,65.89,29.04
2024-01-15 11:57:00,KF-I108,not_in_use,0.0,50.43,0.0,0.0,71.51,
2024-01-15 11:57:30,KF-I108,not_in_use,0.0,50.88,0.0,0.0,66.42,28.5
2024-01-15 11:58:00,KF-I108,not_in_use,0.0,50.35,0.0,,66.65,26.53
2024-01-15 11:58:30,KF-I108,not_in_use,0.0,50.39,0.0,0.0,71.0,24.53
2024-01-15 11:59:00,KF-I108,not_in_use,0.0,50.89,0.0,0.0,64.48,26.92
2024-01-15 11:59:30,KF-I108,not_in_use,0.0,50.28,0.0,0.0,65.99,29.56
2024-01-15 06:00:00,KF-J109,in_use,36.31,50.52,19.89,99.75,65.69,26.07
2024-01-15 06:00:30,KF-J109,in_use,45.68,45.68,29.02,99.48,64.35,29.12
2024-01-15 06:01:00,KF-J109,in_use,44.32,50.36,34.84,99.23,69.58,26.21
2024-01-15 06:01:30,KF-J109,in_use,27.5,42.9,29.89,98.96,70.62,29.88
2024-01-15 06:02:00,KF-J109,in_use,26.53,43.95,31.64,98.71,65.68,26.86
2024-01-15 06:02:30,KF-J109,in_use,36.22,47.44,25.5,98.42,69.43,26.26
2024-01-15 06:03:00,KF-J109,in_use,33.42,46.83,,98.16,70.85,27.62
2024-01-15 06:03:30,KF-J109,in_use,48.47,45.31,24.41,97.91,70.94,25.84
2024-01-15 06:04:00,KF-J109,in_use,41.62,47.16,27.5,97.7,65.35,26.11
2024-01-15 06:04:30,KF-J109,in_use,29.64,,26.92,97.43,67.68,25.45
2024-01-15 06:05:00,KF-J109,in_use,22.95,45.89,31.29,97.14,,25.85
2024-01-15 06:05:30,KF-J109,in_use,27.21,47.51,22.66,96.89,66.01,28.99
2024-01-15 06:06:00,KF-J109,in_use,16.26,46.95,20.35,96.6,67.33,23.15
2024-01-15 06:06:30,KF-J109,in_use,41.62,45.55,,96.45,63.12,25.46
2024-01-15 06:07:00,KF-J109,in_use,35.27,44.52,28.52,96.23,67.76,
2024-01-15 06:07:30,KF-J109,in_use,34.9,48.54,27.25,95.99,66.8,24.66
2024-01-15 06:08:00,KF-J109,in_use,31.66,48.32,33.25,95.8,69.75,27.19
2024-01-15 06:08:30,KF-J109,in_use,47.27,47.37,26.71,,66.66,31.94
2024-01-15 06:09:00,KF-J109,in_use,35.39,48.22,30.9,95.4,63.24,26.54
2024-01-15 06:09:30,KF-J109,in_use,30.13,45.01,35.61,95.2,74.1,25.38
2024-01-15 06:10:00,KF-J109,in_use,42.58,45.93,24.77,94.99,73.88,28.99
2024-01-15 06:10:30,KF-J109,in_use,45.51,47.36,23.2,94.87,,32.46
2024-01-15 06:11:00,KF-J109,in_use,35.54,45.07,29.17,94.65,69.87,27.27
2024-01-15 06:11:30,KF-J109,in_use,36.61,46.4,28.54,94.39,71.89,28.55
2024-01-15 06:12:00,KF-J109,in_use,32.54,,22.36,94.19,68.85,30.65
2024-01-15 06:12:30,KF-J109,in_use,35.65,49.05,23.27,93.93,67.57,30.01
2024-01-15 06:13:00,KF-J109,in_use,34.69,45.76,29.99,93.67,67.55,29.54
2024-01-15 06:13:30,KF-J109,in_use,35.25,45.2,31.5,93.44,66.59,26.4
2024-01-15 06:14:00,KF-J109,in_use,38.16,46.15,22.54,93.12,60.42,30.87
2024-01-15 06:14:30,KF-J109,in_use,29.04,47.13,28.35,92.86,67.84,29.6
2024-01-15 06:15:00,KF-J109,in_use,35.56,47.48,29.87,92.59,70.78,29.88
2024-01-15 06:15:30,KF-J109,in_use,34.95,48.21,25.32,,64.61,26.31
2024-01-15 06:16:00,KF-J109,in_use,20.07,47.55,27.92,92.15,74.15,25.81
2024-01-15 06:16:30,KF-J109,in_use,34.57,47.73,24.53,91.9,60.7,26.31
2024-01-15 06:17:00,KF-J109,in_use,26.38,45.49,37.18,,69.92,
2024-01-15 06:17:30,KF-J109,in_use,33.83,42.9,,91.43,66.32,28.81
2024-01-15 06:18:00,KF-J109,in_use,32.13,49.43,37.3,91.21,67.14,24.71
2024-01-15 06:18:30,KF-J109,in_use,38.16,47.64,29.46,90.91,68.75,23.04
2024-01-15 06:19:00,KF-J109,in_use,23.12,45.36,28.05,90.69,66.06,24.52
2024-01-15 06:19:30,KF-J109,in_use,32.01,44.23,30.13,90.47,64.16,28.33
2024-01-15 06:20:00,KF-J109,in_use,37.5,41.97,22.76,90.24,65.17,28.0
2024-01-15 06:20:30,KF-J109,in_use,30.92,,24.26,90.07,70.36,28.2
2024-01-15 06:21:00,KF-J109,in_use,37.25,45.31,20.48,89.81,72.88,25.93
2024-01-15 06:21:30,KF-J109,in_use,44.73,46.74,25.47,89.55,67.4,30.57
2024-01-15 06:22:00,KF-J109,in_use,34.39,45.04,16.5,89.33,72.9,21.74
2024-01-15 06:22:30,KF-J109,in_use,30.32,42.38,29.76,89.06,70.61,
2024-01-15 06:23:00,KF-J109,in_use,,44.06,24.53,88.86,71.09,28.62
2024-01-15 06:23:30,KF-J109,in_use,23.17,47.8,22.7,88.62,69.22,23.42
2024-01-15 06:24:00,KF-J109,in_use,,42.94,30.88,88.35,69.24,26.15
2024-01-15 06:24:30,KF-J109,in_use,42.78,45.54,21.52,88.14,,29.72
2024-01-15 06:25:00,KF-J109,in_use,36.53,44.49,33.27,87.91,73.45,28.0
2024-01-15 06:25:30,KF-J109,in_use,26.76,46.41,22.52,87.64,67.8,26.28
2024-01-15 06:26:00,KF-J109,in_use,,44.4,22.59,87.33,,29.54
2024-01-15 06:26:30,KF-J109,in_use,38.6,46.85,26.39,87.08,71.97,26.91
2024-01-15 06:27:00,KF-J109,in_use,31.51,48.63,23.24,86.83,64.63,24.21
2024-01-15 06:27:30,KF-J109,in_use,,44.07,33.28,86.59,73.38,27.88
2024-01-15 06:28:00,KF-J109,in_use,36.35,45.86,38.31,86.28,66.65,25.68
2024-01-15 06:28:30,KF-J109,in_use,26.99,47.15,24.11,86.04,71.21,26.79
2024-01-15 06:29:00,KF-J109,in_use,37.17,48.02,21.82,85.8,68.85,25.03
2024-01-15 06:29:30,KF-J109,in_use,35.35,49.25,30.31,85.59,69.38,25.64
2024-01-15 06:30:00,KF-J109,in_use,41.33,44.4,26.54,85.31,74.58,26.98
2024-01-15 06:30:30,KF-J109,in_use,21.52,46.88,,85.05,67.2,27.79
2024-01-15 06:31:00,KF-J109,in_use,37.48,45.93,25.36,84.85,67.91,26.36
2024-01-15 06:31:30,KF-J109,in_use,41.44,48.04,31.93,84.58,64.15,29.99
2024-01-15 06:32:00,KF-J109,in_use,35.19,49.1,23.21,84.26,69.37,30.65
2024-01-15 06:32:30,KF-J109,in_use,33.8,48.4,32.92,84.03,65.77,27.23
2024-01-15 06:33:00,KF-J109,in_use,38.88,45.22,30.13,83.76,68.01,
2024-01-15 06:33:30,KF-J109,in_use,26.79,50.4,40.09,83.53,62.43,27.11
2024-01-15 06:34:00,KF-J109,in_use,,47.44,21.92,83.22,66.11,28.55
2024-01-15 06:34:30,KF-J109,in_use,30.86,46.78,31.84,82.97,65.53,30.23
2024-01-15 06:35:00,KF-J109,in_use,41.63,45.19,25.47,82.7,66.99,26.52
2024-01-15 06:35:30,KF-J109,in_use,46.11,48.18,28.71,82.46,71.07,29.46
2024-01-15 06:36:00,KF-J109,in_use,25.89,48.87,33.48,82.15,66.38,26.25
2024-01-15 06:36:30,KF-J109,in_use,37.32,49.3,24.5,81.87,67.49,27.27
2024-01-15 06:37:00,KF-J109,in_use,30.15,,26.04,81.67,66.36,27.03
2024-01-15 06:37:30,KF-J109,in_use,39.87,43.92,33.23,81.37,68.9,25.93
2024-01-15 06:38:00,KF-J109,in_use,41.87,45.07,35.02,81.13,,27.09
2024-01-15 06:38:30,KF-J109,in_use,24.46,47.16,33.24,80.88,65.69,25.43
2024-01-15 06:39:00,KF-J109,in_use,21.83,49.01,24.99,80.68,66.4,26.1
2024-01-15 06:39:30,KF-J109,in_use,35.26,45.97,23.5,80.37,,25.48
2024-01-15 06:40:00,KF-J109,in_use,46.41,48.32,27.14,80.11,65.36,28.24
2024-01-15 06:40:30,KF-J109,in_use,44.68,45.15,24.73,79.78,68.21,28.74
2024-01-15 06:41:00,KF-J109,in_use,24.09,46.68,35.63,79.5,70.47,26.2
2024-01-15 06:41:30,KF-J109,in_use,28.19,45.19,27.74,79.3,68.92,25.95
2024-01-15 06:42:00,KF-J109,in_use,27.71,47.44,23.56,79.05,66.12,
2024-01-15 06:42:30,KF-J109,in_use,28.27,46.55,34.33,78.76,71.83,27.03
2024-01-15 06:43:00,KF-J109,in_use,37.79,44.38,31.13,78.52,67.41,27.62
2024-01-15 06:43:30,KF-J109,in_use,39.97,45.69,25.29,78.3,64.72,26.42
2024-01-15 06:44:00,KF-J109,in_use,31.47,46.48,19.79,78.03,59.64,28.13
2024-01-15 06:44:30,KF-J109,in_use,33.93,,23.16,77.77,67.44,
2024-01-15 06:45:00,KF-J109,in_use,24.55,45.3,26.91,77.5,68.15,28.81
2024-01-15 06:45:30,KF-J109,in_use,27.18,46.73,26.83,77.26,,27.54
2024-01-15 06:46:00,KF-J109,in_use,,41.07,24.21,76.91,66.55,28.84
2024-01-15 06:46:30,KF-J109,in_use,38.16,47.77,26.76,76.69,73.48,29.7
2024-01-15 06:47:00,KF-J109,in_use,38.59,48.1,24.11,76.42,,31.49
2024-01-15 06:47:30,KF-J109,in_use,25.74,46.68,30.72,76.09,,28.89
2024-01-15 06:48:00,KF-J109,in_use,34.06,45.88,24.64,75.82,69.05,25.14
2024-01-15 06:48:30,KF-J109,in_use,45.83,47.6,21.55,75.55,65.75,27.4
2024-01-15 06:49:00,KF-J109,in_use,37.99,47.58,22.4,75.33,69.78,
2024-01-15 06:49:30,KF-J109,in_use,25.64,46.89,24.84,75.07,65.99,28.74
2024-01-15 06:50:00,KF-J109,in_use,34.45,49.26,29.75,74.8,73.88,28.46
2024-01-15 06:50:30,KF-J109,in_use,40.9,45.63,28.67,74.54,63.55,26.67
2024-01-15 06:51:00,KF-J109,in_use,44.61,44.59,29.28,74.25,68.98,26.59
2024-01-15 06:51:30,KF-J109,in_use,30.81,47.25,25.02,73.98,70.69,28.05
2024-01-15 06:52:00,KF-J109,in_use,18.58,45.59,28.1,73.72,67.29,22.6
2024-01-15 06:52:30,KF-J109,in_use,38.69,49.06,19.84,73.56,67.96,25.34
2024-01-15 06:53:00,KF-J109,in_use,39.0,49.49,21.14,73.35,60.11,29.73
2024-01-15 06:53:30,KF-J109,in_use,35.24,47.77,23.53,,70.2,26.93
2024-01-15 06:54:00,KF-J109,in_use,45.44,45.36,36.79,72.74,67.48,28.13
2024-01-15 06:54:30,KF-J109,in_use,14.05,45.48,18.54,72.51,70.31,26.23
2024-01-15 06:55:00,KF-J109,in_use,25.2,49.58,,72.3,64.18,25.77
2024-01-15 06:55:30,KF-J109,in_use,35.03,46.15,28.51,72.04,67.1,25.29
2024-01-15 06:56:00,KF-J109,in_use,,47.99,29.71,71.77,66.32,27.19
2024-01-15 06:56:30,KF-J109,in_use,36.65,44.26,21.71,71.54,70.63,24.19
2024-01-15 06:57:00,KF-J109,in_use,25.55,44.54,31.82,71.31,71.55,27.5
2024-01-15 06:57:30,KF-J109,in_use,29.62,44.76,21.41,71.04,,25.3
2024-01-15 06:58:00,KF-J109,in_use,35.48,47.44,22.74,70.79,69.51,24.74
2024-01-15 06:58:30,KF-J109,in_use,23.72,43.94,31.99,70.58,69.71,26.13
2024-01-15 06:59:00,KF-J109,in_use,,50.24,26.97,70.33,61.97,26.54
2024-01-15 06:59:30,KF-J109,in_use,47.51,46.74,24.53,70.04,73.78,28.46
2024-01-15 07:00:00,KF-J109,in_use,28.26,48.99,24.66,69.8,67.24,21.52
2024-01-15 07:00:30,KF-J109,in_use,32.4,46.73,,69.57,72.01,25.88
2024-01-15 07:01:00,KF-J109,in_use,42.19,47.41,24.63,69.41,71.47,28.86
2024-01-15 07:01:30,KF-J109,in_use,44.35,48.98,29.77,69.24,68.4,25.36
2024-01-15 07:02:00,KF-J109,in_use,18.38,46.28,20.87,68.93,65.11,25.84
2024-01-15 07:02:30,KF-J109,in_use,32.85,46.02,33.81,68.67,72.13,26.73
2024-01-15 07:03:00,KF-J109,in_use,38.77,45.71,29.29,68.44,66.33,28.85
2024-01-15 07:03:30,KF-J109,in_use,13.91,49.61,,68.15,63.26,26.56
2024-01-15 07:04:00,KF-J109,in_use,30.38,46.24,24.25,67.89,62.71,28.46
2024-01-15 07:04:30,KF-J109,in_use,,46.84,31.55,67.62,69.29,
2024-01-15 07:05:00,KF-J109,in_use,36.41,43.63,19.2,67.41,70.84,25.88
2024-01-15 07:05:30,KF-J109,in_use,35.15,44.9,22.41,67.17,74.15,26.4
2024-01-15 07:06:00,KF-J109,in_use,41.98,45.53,30.15,66.92,66.35,29.75
2024-01-15 07:06:30,KF-J109,in_use,,48.46,22.39,,66.22,28.07
2024-01-15 07:07:00,KF-J109,in_use,33.78,,27.22,66.41,63.08,25.83
2024-01-15 07:07:30,KF-J109,in_use,24.4,38.47,24.9,66.12,67.02,25.12
2024-01-15 07:08:00,KF-J109,in_use,21.07,47.68,23.06,65.85,66.38,30.71
2024-01-15 07:08:30,KF-J109,in_use,18.74,48.01,19.45,65.59,64.1,28.59
2024-01-15 07:09:00,KF-J109,in_use,25.08,,21.1,65.32,74.2,30.66
2024-01-15 07:09:30,KF-J109,in_use,33.59,42.28,26.45,65.1,71.91,27.55
2024-01-15 07:10:00,KF-J109,in_use,42.36,45.31,39.08,64.91,70.1,27.49
2024-01-15 07:10:30,KF-J109,in_use,44.38,44.47,35.87,64.62,64.55,30.33
2024-01-15 07:11:00,KF-J109,in_use,35.23,48.65,31.56,64.35,68.13,27.95
2024-01-15 07:11:30,KF-J109,in_use,54.55,46.91,29.42,64.05,67.56,27.22
2024-01-15 07:12:00,KF-J109,in_use,25.28,47.12,23.41,63.78,67.03,27.61
2024-01-15 07:12:30,KF-J109,in_use,43.6,48.86,28.63,63.41,67.89,25.13
2024-01-15 07:13:00,KF-J109,in_use,37.0,47.2,25.63,63.18,67.14,27.86
2024-01-15 07:13:30,KF-J109,in_use,43.34,45.85,32.33,62.91,69.31,29.71
2024-01-15 07:14:00,KF-J109,in_use,34.16,47.05,29.94,62.71,63.93,27.75
2024-01-15 07:14:30,KF-J109,in_use,43.7,45.73,40.56,62.47,68.66,26.23
2024-01-15 07:15:00,KF-J109,in_use,35.73,45.94,33.46,62.18,67.58,23.29
2024-01-15 07:15:30,KF-J109,in_use,33.77,46.45,37.09,61.85,69.81,22.24
2024-01-15 07:16:00,KF-J109,in_use,45.27,47.9,26.18,61.67,70.11,27.53
2024-01-15 07:16:30,KF-J109,in_use,25.93,48.07,29.65,61.4,67.34,26.26
2024-01-15 07:17:00,KF-J109,in_use,24.47,45.49,33.29,61.16,73.12,24.65
2024-01-15 07:17:30,KF-J109,in_use,28.88,45.85,27.24,60.93,66.47,28.61
2024-01-15 07:18:00,KF-J109,in_use,36.59,46.4,34.85,60.64,61.99,24.37
2024-01-15 07:18:30,KF-J109,in_use,,47.39,31.66,60.35,66.26,28.05
2024-01-15 07:19:00,KF-J109,in_use,33.92,46.0,29.41,60.04,,24.52
2024-01-15 07:19:30,KF-J109,in_use,34.06,48.01,39.23,59.76,66.06,26.53
2024-01-15 07:20:00,KF-J109,in_use,29.44,47.2,30.34,59.5,67.87,29.26
2024-01-15 07:20:30,KF-J109,in_use,28.37,47.32,34.1,59.23,,26.33
2024-01-15 07:21:00,KF-J109,in_use,38.83,45.82,37.29,58.94,62.51,24.61
2024-01-15 07:21:30,KF-J109,in_use,26.72,47.94,,58.66,68.12,28.94
2024-01-15 07:22:00,KF-J109,in_use,26.21,46.57,18.56,,67.28,29.27
2024-01-15 07:22:30,KF-J109,in_use,33.22,45.84,33.59,58.07,68.04,24.59
2024-01-15 07:23:00,KF-J109,in_use,40.91,45.05,32.02,57.88,67.53,23.58
2024-01-15 07:23:30,KF-J109,in_use,28.97,46.46,,57.58,66.05,25.65
2024-01-15 07:24:00,KF-J109,in_use,55.36,47.71,28.28,57.35,62.52,24.31
2024-01-15 07:24:30,KF-J109,in_use,17.24,47.59,24.16,57.16,70.08,26.11
2024-01-15 07:25:00,KF-J109,in_use,26.63,45.23,30.32,56.94,70.57,30.68
2024-01-15 07:25:30,KF-J109,in_use,36.39,46.2,25.14,56.69,66.51,29.12
2024-01-15 07:26:00,KF-J109,in_use,34.81,48.01,21.32,56.5,65.76,26.83
2024-01-15 07:26:30,KF-J109,in_use,39.03,43.27,32.88,56.24,69.61,26.55
2024-01-15 07:27:00,KF-J109,in_use,19.62,49.38,18.49,55.96,65.15,28.13
2024-01-15 07:27:30,KF-J109,in_use,24.39,46.44,30.74,55.69,71.5,30.23
2024-01-15 07:28:00,KF-J109,in_use,48.82,48.05,33.62,55.31,62.81,23.42
2024-01-15 07:28:30,KF-J109,in_use,37.44,45.52,27.03,55.09,69.16,23.67
2024-01-15 07:29:00,KF-J109,in_use,40.35,47.27,,54.8,71.73,29.0
2024-01-15 07:29:30,KF-J109,in_use,44.62,47.36,28.4,54.56,64.39,26.42
2024-01-15 07:30:00,KF-J109,in_use,19.08,47.66,24.22,54.36,65.74,27.14
2024-01-15 07:30:30,KF-J109,in_use,30.56,46.66,28.09,54.08,,
2024-01-15 07:31:00,KF-J109,in_use,34.07,48.92,26.68,53.85,69.06,27.56
2024-01-15 07:31:30,KF-J109,in_use,30.97,46.87,34.73,53.62,75.21,29.28
2024-01-15 07:32:00,KF-J109,in_use,37.12,45.25,29.9,53.43,65.63,28.3
2024-01-15 07:32:30,KF-J109,in_use,20.51,45.05,29.55,53.24,65.66,28.46
2024-01-15 07:33:00,KF-J109,in_use,38.17,44.28,24.53,,66.04,27.62
2024-01-15 07:33:30,KF-J109,in_use,40.84,49.69,38.97,52.67,70.39,26.48
2024-01-15 07:34:00,KF-J109,in_use,39.27,50.46,18.95,52.38,71.9,27.28
2024-01-15 07:34:30,KF-J109,in_use,43.29,46.73,28.62,52.07,69.87,29.33
2024-01-15 07:35:00,KF-J109,in_use,31.81,45.36,22.83,51.83,64.39,25.28
2024-01-15 07:35:30,KF-J109,in_use,38.58,44.99,38.76,51.59,66.68,
2024-01-15 07:36:00,KF-J109,in_use,32.22,47.05,15.52,51.33,69.94,30.75
2024-01-15 07:36:30,KF-J109,in_use,36.38,47.98,22.13,51.05,64.55,24.42
2024-01-15 07:37:00,KF-J109,in_use,48.3,45.26,28.61,50.81,71.43,25.82
2024-01-15 07:37:30,KF-J109,in_use,7.2,47.93,20.74,50.58,65.9,26.01
2024-01-15 07:38:00,KF-J109,in_use,43.21,48.77,21.62,,71.93,29.18
2024-01-15 07:38:30,KF-J109,in_use,35.53,48.19,,50.11,64.63,26.92
2024-01-15 07:39:00,KF-J109,in_use,35.96,46.14,25.59,49.91,65.61,27.85
2024-01-15 07:39:30,KF-J109,in_use,36.63,47.3,29.42,49.63,64.35,26.74
2024-01-15 07:40:00,KF-J109,in_use,25.57,48.25,33.81,49.27,65.99,28.45
2024-01-15 07:40:30,KF-J109,in_use,18.9,48.76,40.28,49.03,71.95,29.13
2024-01-15 07:41:00,KF-J109,in_use,40.03,47.19,20.73,48.83,70.48,27.67
2024-01-15 07:41:30,KF-J109,in_use,39.27,,33.16,48.58,65.78,25.35
2024-01-15 07:42:00,KF-J109,in_use,34.66,45.33,24.14,48.33,70.03,27.08
2024-01-15 07:42:30,KF-J109,in_use,19.93,48.94,31.56,48.07,65.35,32.59
2024-01-15 07:43:00,KF-J109,in_use,21.41,45.54,23.63,47.85,74.9,26.63
2024-01-15 07:43:30,KF-J109,in_use,29.99,46.63,23.46,47.63,70.81,29.15
2024-01-15 07:44:00,KF-J109,in_use,44.36,46.31,39.44,47.37,69.08,25.31
2024-01-15 07:44:30,KF-J109,in_use,35.21,,26.61,47.09,63.98,26.69
2024-01-15 07:45:00,KF-J109,in_use,36.74,,41.21,46.79,68.97,25.21
2024-01-15 07:45:30,KF-J109,in_use,40.57,45.26,29.63,46.55,69.59,24.49
2024-01-15 07:46:00,KF-J109,in_use,35.82,44.81,29.84,46.31,,
2024-01-15 07:46:30,KF-J109,in_use,42.47,45.8,21.61,46.1,60.99,27.28
2024-01-15 07:47:00,KF-J109,in_use,35.97,44.85,31.67,45.91,66.42,25.7
2024-01-15 07:47:30,KF-J109,in_use,50.52,,25.81,45.64,,23.99
2024-01-15 07:48:00,KF-J109,in_use,31.83,47.76,22.23,45.39,67.74,26.35
2024-01-15 07:48:30,KF-J109,in_use,42.53,49.1,35.57,45.2,66.49,27.41
2024-01-15 07:49:00,KF-J109,in_use,21.49,48.55,30.01,44.96,70.5,25.63
2024-01-15 07:49:30,KF-J109,in_use,,44.06,31.79,44.75,71.02,30.94
2024-01-15 07:50:00,KF-J109,in_use,28.01,,37.53,44.5,,26.54
2024-01-15 07:50:30,KF-J109,in_use,36.1,45.26,,44.27,66.78,26.35
2024-01-15 07:51:00,KF-J109,in_use,14.42,45.97,36.48,44.09,74.86,26.52
2024-01-15 07:51:30,KF-J109,in_use,30.54,47.78,34.51,43.86,66.65,28.45
2024-01-15 07:52:00,KF-J109,in_use,46.73,,28.85,43.61,68.03,
2024-01-15 07:52:30,KF-J109,in_use,34.59,49.23,31.62,43.36,64.87,27.56
2024-01-15 07:53:00,KF-J109,in_use,30.46,48.68,26.59,43.17,67.2,28.76
2024-01-15 07:53:30,KF-J109,in_use,27.46,46.58,32.85,42.86,,27.84
2024-01-15 07:54:00,KF-J109,in_use,40.03,45.77,22.02,42.57,,26.57
2024-01-15 07:54:30,KF-J109,in_use,31.63,44.16,29.82,42.38,71.69,26.45
2024-01-15 07:55:00,KF-J109,in_use,38.91,42.62,28.69,42.15,70.1,25.89
2024-01-15 07:55:30,KF-J109,in_use,40.23,45.47,,41.91,70.28,
2024-01-15 07:56:00,KF-J109,in_use,33.76,45.0,31.69,41.69,70.49,21.71
2024-01-15 07:56:30,KF-J109,in_use,50.32,47.61,32.87,41.5,69.75,30.07
2024-01-15 07:57:00,KF-J109,in_use,43.3,45.87,31.16,41.21,67.18,24.33
2024-01-15 07:57:30,KF-J109,in_use,27.83,47.22,30.0,40.99,66.87,23.84
2024-01-15 07:58:00,KF-J109,in_use,31.93,48.26,21.27,40.73,67.33,26.67
2024-01-15 07:58:30,KF-J109,in_use,36.04,45.43,23.59,40.45,69.54,27.46
2024-01-15 07:59:00,KF-J109,in_use,28.18,47.36,21.55,40.28,63.97,26.48
2024-01-15 07:59:30,KF-J109,in_use,23.26,45.89,20.43,,72.37,25.58
2024-01-15 08:00:00,KF-J109,in_use,23.97,,32.13,39.67,65.63,24.79
2024-01-15 08:00:30,KF-J109,in_use,24.97,47.67,30.19,39.39,72.94,
2024-01-15 08:01:00,KF-J109,in_use,26.54,44.44,27.35,39.05,67.22,29.15
2024-01-15 08:01:30,KF-J109,in_use,33.41,48.48,24.55,38.79,71.3,30.82
2024-01-15 08:02:00,KF-J109,in_use,31.33,45.91,33.48,38.45,67.08,27.92
2024-01-15 08:02:30,KF-J109,in_use,39.75,45.14,,38.18,68.06,25.28
2024-01-15 08:03:00,KF-J109,in_use,36.67,46.19,27.51,,68.98,29.94
2024-01-15 08:03:30,KF-J109,in_use,42.37,44.24,26.97,,66.59,29.52
2024-01-15 08:04:00,KF-J109,in_use,29.04,46.75,25.03,37.48,63.87,24.99
2024-01-15 08:04:30,KF-J109,in_use,37.83,47.83,31.39,37.2,69.07,27.29
2024-01-15 08:05:00,KF-J109,in_use,44.51,46.85,33.89,36.91,70.18,26.12
2024-01-15 08:05:30,KF-J109,in_use,32.04,46.61,32.57,36.69,65.56,27.19
2024-01-15 08:06:00,KF-J109,in_use,49.45,46.59,30.64,,67.05,25.67
2024-01-15 08:06:30,KF-J109,in_use,41.92,47.78,,36.18,64.0,29.95
2024-01-15 08:07:00,KF-J109,in_use,31.06,46.51,21.56,35.94,69.73,26.28
2024-01-15 08:07:30,KF-J109,in_use,29.47,47.82,,35.68,69.81,24.88
2024-01-15 08:08:00,KF-J109,in_use,34.86,,22.87,35.36,65.25,30.76
2024-01-15 08:08:30,KF-J109,in_use,25.93,44.71,27.65,35.12,70.45,30.49
2024-01-15 08:09:00,KF-J109,in_use,30.26,43.16,31.89,34.89,,23.66
2024-01-15 08:09:30,KF-J109,in_use,31.87,45.17,25.83,34.65,65.84,24.92
2024-01-15 08:10:00,KF-J109,in_use,23.39,46.4,26.15,34.48,66.35,26.59
2024-01-15 08:10:30,KF-J109,in_use,36.2,46.12,28.72,34.18,63.91,22.61
2024-01-15 08:11:00,KF-J109,in_use,27.44,46.75,31.19,33.96,67.1,24.9
2024-01-15 08:11:30,KF-J109,in_use,28.12,45.81,37.48,33.78,66.08,32.07
2024-01-15 08:12:00,KF-J109,in_use,29.25,45.66,33.51,33.52,66.39,
2024-01-15 08:12:30,KF-J109,in_use,37.14,44.13,18.45,33.21,63.37,26.94
2024-01-15 08:13:00,KF-J109,in_use,21.34,47.46,33.74,32.91,61.88,24.28
2024-01-15 08:13:30,KF-J109,in_use,26.68,43.68,23.67,32.63,70.21,24.17
2024-01-15 08:14:00,KF-J109,in_use,30.31,,21.04,32.41,62.71,22.75
2024-01-15 08:14:30,KF-J109,in_use,39.03,45.07,27.35,32.14,72.16,25.75
2024-01-15 08:15:00,KF-J109,in_use,29.2,47.71,30.62,31.93,68.7,27.58
2024-01-15 08:15:30,KF-J109,in_use,46.81,48.7,21.53,31.64,70.15,26.93
2024-01-15 08:16:00,KF-J109,in_use,22.42,41.44,37.73,31.38,66.14,23.4
2024-01-15 08:16:30,KF-J109,in_use,34.29,41.74,29.59,31.09,72.94,25.37
2024-01-15 08:17:00,KF-J109,in_use,39.94,45.19,29.34,30.87,70.6,27.68
2024-01-15 08:17:30,KF-J109,in_use,19.36,46.47,25.35,30.62,61.87,27.96
2024-01-15 08:18:00,KF-J109,in_use,28.87,47.54,17.88,30.38,67.3,
2024-01-15 08:18:30,KF-J109,in_use,24.35,43.19,35.82,30.1,69.04,28.36
2024-01-15 08:19:00,KF-J109,in_use,29.28,46.53,28.02,29.86,69.73,25.5
2024-01-15 08:19:30,KF-J109,in_use,46.84,44.91,32.14,29.6,73.82,26.19
2024-01-15 08:20:00,KF-J109,in_use,49.51,45.31,32.04,29.28,64.55,27.15
2024-01-15 08:20:30,KF-J109,in_use,34.3,46.99,26.67,29.1,67.73,26.04
2024-01-15 08:21:00,KF-J109,in_use,33.9,46.09,33.71,28.84,68.16,27.56
2024-01-15 08:21:30,KF-J109,in_use,29.78,48.07,26.17,28.66,68.43,27.52
2024-01-15 08:22:00,KF-J109,in_use,33.07,46.05,29.06,28.38,70.42,24.0
2024-01-15 08:22:30,KF-J109,in_use,42.91,49.01,24.81,28.14,67.61,31.69
2024-01-15 08:23:00,KF-J109,in_use,37.39,48.63,35.5,27.88,71.87,26.05
2024-01-15 08:23:30,KF-J109,in_use,29.43,46.96,25.22,27.63,67.95,26.85
2024-01-15 08:24:00,KF-J109,in_use,29.41,46.03,30.38,27.33,64.35,29.38
2024-01-15 08:24:30,KF-J109,in_use,53.19,43.92,,27.09,69.2,24.51
2024-01-15 08:25:00,KF-J109,in_use,23.38,45.34,28.12,26.88,65.27,26.27
2024-01-15 08:25:30,KF-J109,in_use,25.25,45.43,32.32,26.69,67.56,20.63
2024-01-15 08:26:00,KF-J109,in_use,32.55,44.45,31.26,26.44,72.85,25.55
2024-01-15 08:26:30,KF-J109,in_use,24.09,,22.75,26.13,69.01,25.34
2024-01-15 08:27:00,KF-J109,in_use,24.94,46.13,28.64,25.92,63.67,25.84
2024-01-15 08:27:30,KF-J109,in_use,39.78,48.27,30.39,25.67,68.94,26.44
2024-01-15 08:28:00,KF-J109,in_use,19.46,47.95,19.86,25.47,70.21,29.45
2024-01-15 08:28:30,KF-J109,in_use,41.59,46.33,24.89,25.28,66.67,29.68
2024-01-15 08:29:00,KF-J109,in_use,24.2,45.79,31.38,25.04,62.43,25.34
2024-01-15 08:29:30,KF-J109,in_use,23.36,48.03,23.01,24.78,70.9,25.81
2024-01-15 08:30:00,KF-J109,in_use,37.87,48.3,26.47,24.57,71.75,26.9
2024-01-15 08:30:30,KF-J109,in_use,25.25,47.91,26.34,,67.38,24.84
2024-01-15 08:31:00,KF-J109,in_use,38.59,43.78,31.65,24.15,68.36,30.5
2024-01-15 08:31:30,KF-J109,in_use,30.71,44.05,21.02,23.91,71.36,28.88
2024-01-15 08:32:00,KF-J109,in_use,42.55,46.93,22.41,23.62,71.27,23.4
2024-01-15 08:32:30,KF-J109,in_use,43.53,46.56,36.69,23.36,72.31,26.83
2024-01-15 08:33:00,KF-J109,in_use,37.97,47.19,27.97,23.12,61.61,29.01
2024-01-15 08:33:30,KF-J109,in_use,,46.9,26.5,22.87,65.42,28.37
2024-01-15 08:34:00,KF-J109,in_use,31.9,47.55,23.56,22.64,66.65,28.19
2024-01-15 08:34:30,KF-J109,in_use,25.36,50.31,28.02,22.36,69.31,27.53
2024-01-15 08:35:00,KF-J109,in_use,36.98,47.27,25.45,22.06,,27.62
2024-01-15 08:35:30,KF-J109,in_use,31.47,46.38,28.39,21.86,65.79,26.82
2024-01-15 08:36:00,KF-J109,in_use,32.57,50.26,36.97,21.64,70.51,28.12
2024-01-15 08:36:30,KF-J109,in_use,36.13,43.76,34.83,21.41,62.56,31.31
2024-01-15 08:37:00,KF-J109,in_use,30.17,,28.99,21.12,62.87,27.48
2024-01-15 08:37:30,KF-J109,in_use,33.08,45.46,29.13,20.8,67.12,26.7
2024-01-15 08:38:00,KF-J109,in_use,37.72,44.25,30.54,20.5,71.75,25.74
2024-01-15 08:38:30,KF-J109,in_use,19.96,45.24,18.99,20.27,66.24,29.37
2024-01-15 08:39:00,KF-J109,in_use,28.66,47.55,29.4,20.01,73.24,26.59
2024-01-15 08:39:30,KF-J109,in_use,27.63,46.25,23.22,19.76,71.2,26.73
2024-01-15 08:40:00,KF-J109,in_use,32.57,47.35,,19.6,64.9,28.13
2024-01-15 08:40:30,KF-J109,in_use,43.93,45.95,31.23,19.31,73.93,25.69
2024-01-15 08:41:00,KF-J109,in_use,42.74,46.77,26.4,19.14,73.03,27.45
2024-01-15 08:41:30,KF-J109,in_use,44.12,49.21,34.45,18.83,67.15,25.04
2024-01-15 08:42:00,KF-J109,in_use,32.44,46.04,34.45,,68.68,28.25
2024-01-15 08:42:30,KF-J109,in_use,26.41,46.72,34.59,18.37,67.03,26.35
2024-01-15 08:43:00,KF-J109,in_use,38.9,48.2,24.8,18.09,65.4,23.63
2024-01-15 08:43:30,KF-J109,in_use,35.62,50.32,25.09,17.84,68.24,26.64
2024-01-15 08:44:00,KF-J109,in_use,43.74,45.94,26.93,17.6,65.91,29.6
2024-01-15 08:44:30,KF-J109,in_use,15.65,47.27,28.54,17.32,67.3,29.7
2024-01-15 08:45:00,KF-J109,in_use,37.27,48.31,34.36,17.12,70.29,24.52
2024-01-15 08:45:30,KF-J109,in_use,44.03,48.06,25.92,16.85,64.58,25.86
2024-01-15 08:46:00,KF-J109,in_use,41.9,46.82,19.07,16.68,64.75,28.66
2024-01-15 08:46:30,KF-J109,in_use,21.52,46.52,31.76,,70.79,24.25
2024-01-15 08:47:00,KF-J109,in_use,32.17,46.78,34.84,16.24,,24.05
2024-01-15 08:47:30,KF-J109,in_use,37.13,,22.6,16.03,68.52,24.37
2024-01-15 08:48:00,KF-J109,in_use,16.93,45.01,30.95,15.77,68.09,29.18
2024-01-15 08:48:30,KF-J109,in_use,35.92,47.6,31.32,15.48,,28.76
2024-01-15 08:49:00,KF-J109,in_use,35.83,43.84,30.26,15.2,66.17,24.47
2024-01-15 08:49:30,KF-J109,in_use,,46.35,43.83,14.91,71.5,26.05
2024-01-15 08:50:00,KF-J109,in_use,31.56,46.89,23.42,14.67,68.63,25.99
2024-01-15 08:50:30,KF-J109,in_use,16.97,46.17,,14.42,69.99,23.05
2024-01-15 08:51:00,KF-J109,in_use,31.76,46.01,23.44,14.17,68.16,22.71
2024-01-15 08:51:30,KF-J109,in_use,38.09,46.76,20.16,13.9,62.1,26.52
2024-01-15 08:52:00,KF-J109,in_use,26.75,46.57,33.42,13.69,,25.7
2024-01-15 08:52:30,KF-J109,in_use,38.08,50.12,33.64,13.44,68.37,28.45
2024-01-15 08:53:00,KF-J109,in_use,30.8,45.28,34.53,13.22,73.5,29.62
2024-01-15 08:53:30,KF-J109,in_use,31.02,48.28,29.93,12.98,71.66,28.63
2024-01-15 08:54:00,KF-J109,in_use,30.06,,25.53,12.72,63.7,27.09
2024-01-15 08:54:30,KF-J109,in_use,30.88,45.71,20.01,12.51,67.13,27.25
2024-01-15 08:55:00,KF-J109,in_use,37.13,49.49,20.24,12.23,66.85,25.47
2024-01-15 08:55:30,KF-J109,in_use,35.1,45.68,21.18,11.96,70.69,
2024-01-15 08:56:00,KF-J109,in_use,37.04,43.37,27.65,11.75,67.46,29.18
2024-01-15 08:56:30,KF-J109,in_use,35.03,45.61,30.09,11.45,67.6,21.6
2024-01-15 08:57:00,KF-J109,in_use,40.27,44.72,27.13,11.19,67.91,27.37
2024-01-15 08:57:30,KF-J109,in_use,35.61,48.75,28.63,10.91,71.15,24.4
2024-01-15 08:58:00,KF-J109,in_use,45.32,49.46,36.23,10.68,68.68,
2024-01-15 08:58:30,KF-J109,in_use,39.96,48.07,29.15,10.46,63.21,24.64
2024-01-15 08:59:00,KF-J109,in_use,47.72,44.14,29.97,10.14,70.38,26.76
2024-01-15 08:59:30,KF-J109,in_use,41.37,48.43,24.89,,69.3,26.54
2024-01-15 09:00:00,KF-J109,in_use,21.88,47.93,21.04,9.65,64.49,25.08
2024-01-15 09:00:30,KF-J109,in_use,43.31,45.49,30.09,9.44,67.04,27.38
2024-01-15 09:01:00,KF-J109,in_use,47.76,48.87,33.11,9.18,71.69,26.55
2024-01-15 09:01:30,KF-J109,in_use,30.79,44.08,35.35,8.92,58.62,26.66
2024-01-15 09:02:00,KF-J109,in_use,27.75,44.79,20.68,8.62,65.11,27.38
2024-01-15 09:02:30,KF-J109,in_use,37.4,45.73,28.77,8.34,71.57,27.01
2024-01-15 09:03:00,KF-J109,in_use,39.06,48.23,21.48,8.04,,26.85
2024-01-15 09:03:30,KF-J109,in_use,34.42,44.67,40.4,7.82,61.64,24.52
2024-01-15 09:04:00,KF-J109,in_use,46.96,46.81,27.73,7.6,65.36,27.21
2024-01-15 09:04:30,KF-J109,in_use,26.94,45.67,21.24,7.41,65.87,24.64
2024-01-15 09:05:00,KF-J109,in_use,34.01,45.9,21.45,7.22,69.8,26.13
2024-01-15 09:05:30,KF-J109,in_use,,50.44,23.33,6.96,61.5,27.97
2024-01-15 09:06:00,KF-J109,in_use,32.71,46.96,27.12,6.69,70.21,28.99
2024-01-15 09:06:30,KF-J109,in_use,40.77,46.9,25.31,6.41,65.03,24.23
2024-01-15 09:07:00,KF-J109,in_use,26.79,47.31,33.13,6.17,66.9,27.96
2024-01-15 09:07:30,KF-J109,in_use,35.22,46.71,30.86,5.93,62.96,25.91
2024-01-15 09:08:00,KF-J109,in_use,37.67,46.83,30.14,5.73,66.92,24.43
2024-01-15 09:08:30,KF-J109,in_use,24.97,43.21,22.21,5.48,68.34,27.41
2024-01-15 09:09:00,KF-J109,in_use,39.94,47.61,30.8,5.26,64.29,26.53
2024-01-15 09:09:30,KF-J109,in_use,36.92,46.77,25.93,5.01,70.72,25.3
2024-01-15 09:10:00,KF-J109,in_use,36.89,48.1,35.12,4.71,68.26,29.25
2024-01-15 09:10:30,KF-J109,in_use,,46.99,24.08,4.45,69.02,27.7
2024-01-15 09:11:00,KF-J109,in_use,40.81,48.18,,4.19,71.38,28.78
2024-01-15 09:11:30,KF-J109,in_use,31.68,46.23,22.64,3.93,68.27,25.0
2024-01-15 09:12:00,KF-J109,in_use,29.1,49.62,29.67,3.69,71.23,23.78
2024-01-15 09:12:30,KF-J109,in_use,28.96,47.15,32.45,3.45,71.12,28.27
2024-01-15 09:13:00,KF-J109,in_use,26.36,47.71,35.95,3.25,68.31,30.66
2024-01-15 09:13:30,KF-J109,in_use,29.9,48.81,29.52,2.97,69.3,
2024-01-15 09:14:00,KF-J109,in_use,20.77,45.09,27.01,2.7,,23.77
2024-01-15 09:14:30,KF-J109,in_use,43.9,45.22,21.15,,66.38,28.74
2024-01-15 09:15:00,KF-J109,in_use,33.57,44.05,14.87,2.18,66.81,29.01
2024-01-15 09:15:30,KF-J109,in_use,,45.68,41.96,1.93,67.64,27.6
2024-01-15 09:16:00,KF-J109,in_use,49.43,45.46,27.17,1.64,71.08,27.55
2024-01-15 09:16:30,KF-J109,in_use,45.14,45.5,32.14,1.41,65.31,27.17
2024-01-15 09:17:00,KF-J109,in_use,33.95,46.65,26.68,1.24,69.72,28.3
2024-01-15 09:17:30,KF-J109,in_use,30.23,46.97,34.93,0.95,66.94,25.37
2024-01-15 09:18:00,KF-J109,in_use,43.79,46.24,,0.69,67.97,24.88
2024-01-15 09:18:30,KF-J109,in_use,25.13,44.11,24.92,0.43,64.49,27.28
2024-01-15 09:19:00,KF-J109,in_use,25.2,49.67,27.02,0.16,63.06,28.85
2024-01-15 09:19:30,KF-J109,in_use,34.59,47.14,26.71,0.0,66.45,25.12
2024-01-15 09:20:00,KF-J109,in_use,47.95,,29.26,0.0,70.56,22.02
2024-01-15 09:20:30,KF-J109,in_use,25.76,46.69,27.78,0.0,62.85,24.19
2024-01-15 09:21:00,KF-J109,in_use,38.29,45.2,28.89,0.0,66.82,25.88
2024-01-15 09:21:30,KF-J109,in_use,43.41,45.5,,0.0,66.8,27.56
2024-01-15 09:22:00,KF-J109,in_use,35.54,46.96,20.26,0.0,71.04,23.99
2024-01-15 09:22:30,KF-J109,in_use,27.91,44.16,25.05,0.0,71.93,26.51
2024-01-15 09:23:00,KF-J109,in_use,36.97,48.16,36.23,0.0,68.09,28.06
2024-01-15 09:23:30,KF-J109,in_use,41.23,44.19,35.38,0.0,,
2024-01-15 09:24:00,KF-J109,in_use,43.0,47.85,32.07,0.0,66.66,26.64
2024-01-15 09:24:30,KF-J109,in_use,32.09,47.26,32.15,0.0,66.99,27.26
2024-01-15 09:25:00,KF-J109,in_use,14.52,43.48,31.45,0.0,70.5,22.43
2024-01-15 09:25:30,KF-J109,in_use,38.81,47.74,30.17,0.0,,27.85
2024-01-15 09:26:00,KF-J109,in_use,26.22,45.5,28.31,0.0,67.6,29.58
2024-01-15 09:26:30,KF-J109,in_use,27.82,47.26,20.05,,75.78,23.37
2024-01-15 09:27:00,KF-J109,in_use,30.06,47.22,15.48,0.0,63.35,28.7
2024-01-15 09:27:30,KF-J109,in_use,27.16,49.51,27.08,0.0,68.97,25.09
2024-01-15 09:28:00,KF-J109,in_use,38.06,42.9,28.34,0.0,68.9,29.81
2024-01-15 09:28:30,KF-J109,in_use,37.23,,27.85,0.0,68.18,29.84
2024-01-15 09:29:00,KF-J109,in_use,36.64,45.99,25.79,0.0,71.91,26.15
2024-01-15 09:29:30,KF-J109,in_use,34.72,46.32,30.57,0.0,62.03,25.7
2024-01-15 09:30:00,KF-J109,in_use,44.11,45.91,32.67,0.0,71.59,25.22
2024-01-15 09:30:30,KF-J109,in_use,35.25,44.64,22.99,0.0,66.82,27.59
2024-01-15 09:31:00,KF-J109,in_use,15.32,48.02,40.62,0.0,67.7,22.6
2024-01-15 09:31:30,KF-J109,in_use,32.09,47.32,23.57,0.0,61.63,28.42
2024-01-15 09:32:00,KF-J109,in_use,34.14,44.33,25.06,0.0,69.44,30.91
2024-01-15 09:32:30,KF-J109,in_use,34.14,42.63,24.39,,70.11,28.44
2024-01-15 09:33:00,KF-J109,in_use,34.43,48.19,31.52,0.0,72.65,29.22
2024-01-15 09:33:30,KF-J109,in_use,32.81,50.16,26.0,0.0,68.52,26.99
2024-01-15 09:34:00,KF-J109,in_use,49.86,46.95,28.03,0.0,65.67,27.14
2024-01-15 09:34:30,KF-J109,in_use,27.7,,33.97,0.0,69.49,27.14
2024-01-15 09:35:00,KF-J109,in_use,43.36,47.34,24.36,0.0,67.8,25.31
2024-01-15 09:35:30,KF-J109,in_use,37.54,45.83,21.33,0.0,70.69,27.57
2024-01-15 09:36:00,KF-J109,in_use,36.9,47.08,31.67,0.0,63.66,25.02
2024-01-15 09:36:30,KF-J109,in_use,36.96,47.68,22.51,0.0,67.97,25.1
2024-01-15 09:37:00,KF-J109,in_use,36.3,,27.14,0.0,63.39,27.4
2024-01-15 09:37:30,KF-J109,in_use,38.05,46.18,26.47,0.0,64.96,26.17
2024-01-15 09:38:00,KF-J109,in_use,46.34,49.57,34.82,0.0,67.73,30.98
2024-01-15 09:38:30,KF-J109,in_use,37.01,46.33,20.23,0.0,66.24,28.59
2024-01-15 09:39:00,KF-J109,in_use,30.06,46.58,24.67,0.0,72.9,26.18
2024-01-15 09:39:30,KF-J109,in_use,25.05,47.16,35.67,0.0,67.39,27.16
2024-01-15 09:40:00,KF-J109,in_use,38.11,46.54,24.9,0.0,71.13,29.53
2024-01-15 09:40:30,KF-J109,in_use,44.2,44.85,22.39,0.0,65.38,25.08
2024-01-15 09:41:00,KF-J109,in_use,63.84,46.95,24.12,0.0,66.71,27.28
2024-01-15 09:41:30,KF-J109,in_use,32.79,50.62,30.85,0.0,71.35,25.23
2024-01-15 09:42:00,KF-J109,in_use,47.14,48.56,26.35,0.0,68.59,28.36
2024-01-15 09:42:30,KF-J109,in_use,36.02,47.14,23.98,0.0,,27.17
2024-01-15 09:43:00,KF-J109,in_use,21.17,49.36,24.37,0.0,63.93,25.94
2024-01-15 09:43:30,KF-J109,in_use,35.01,49.67,28.88,0.0,65.63,28.51
2024-01-15 09:44:00,KF-J109,in_use,25.89,46.38,27.71,0.0,64.97,28.49
2024-01-15 09:44:30,KF-J109,in_use,23.86,46.17,32.48,0.0,,28.0
2024-01-15 09:45:00,KF-J109,in_use,35.25,46.75,27.01,0.0,65.08,24.41
2024-01-15 09:45:30,KF-J109,in_use,33.63,43.44,32.44,0.0,69.28,24.53
2024-01-15 09:46:00,KF-J109,in_use,26.24,46.61,33.55,0.0,70.29,27.12
2024-01-15 09:46:30,KF-J109,in_use,24.9,47.85,24.97,0.0,61.05,25.99
2024-01-15 09:47:00,KF-J109,in_use,30.96,47.95,30.89,0.0,65.13,26.27
2024-01-15 09:47:30,KF-J109,in_use,29.52,46.98,28.35,0.0,65.05,29.42
2024-01-15 09:48:00,KF-J109,in_use,30.42,49.72,22.16,0.0,70.57,25.8
2024-01-15 09:48:30,KF-J109,in_use,37.4,46.13,27.45,0.0,71.29,26.95
2024-01-15 09:49:00,KF-J109,in_use,36.99,46.53,29.42,0.0,65.24,27.71
2024-01-15 09:49:30,KF-J109,in_use,36.99,46.51,31.02,0.0,61.26,26.78
2024-01-15 09:50:00,KF-J109,in_use,40.92,48.8,17.63,0.0,,27.51
2024-01-15 09:50:30,KF-J109,in_use,43.18,47.57,29.63,,61.61,29.19
2024-01-15 09:51:00,KF-J109,in_use,43.1,42.97,19.48,0.0,67.57,24.85
2024-01-15 09:51:30,KF-J109,in_use,54.55,45.31,30.62,,70.09,28.24
2024-01-15 09:52:00,KF-J109,in_use,27.94,46.15,21.49,,60.58,28.77
2024-01-15 09:52:30,KF-J109,in_use,11.82,43.19,23.83,0.0,67.19,32.11
2024-01-15 09:53:00,KF-J109,in_use,38.64,47.04,36.03,0.0,65.92,26.26
2024-01-15 09:53:30,KF-J109,in_use,36.93,45.95,,0.0,69.1,22.78
2024-01-15 09:54:00,KF-J109,in_use,28.7,47.84,25.57,0.0,69.81,28.45
2024-01-15 09:54:30,KF-J109,in_use,34.16,46.91,28.09,0.0,,25.83
2024-01-15 09:55:00,KF-J109,in_use,31.11,46.39,29.27,0.0,65.91,28.55
2024-01-15 09:55:30,KF-J109,in_use,43.29,45.88,23.08,0.0,73.08,25.94
2024-01-15 09:56:00,KF-J109,in_use,33.27,45.68,34.21,0.0,68.75,25.53
2024-01-15 09:56:30,KF-J109,in_use,43.71,43.28,27.31,0.0,67.1,25.25
2024-01-15 09:57:00,KF-J109,in_use,38.06,43.51,,0.0,64.21,28.77
2024-01-15 09:57:30,KF-J109,in_use,26.42,47.09,17.18,0.0,68.59,25.88
2024-01-15 09:58:00,KF-J109,in_use,29.93,46.9,30.6,0.0,67.99,26.41
2024-01-15 09:58:30,KF-J109,in_use,25.39,44.68,33.71,0.0,62.9,26.5
2024-01-15 09:59:00,KF-J109,in_use,39.43,46.49,26.82,0.0,65.11,
2024-01-15 09:59:30,KF-J109,in_use,14.87,,32.56,0.0,69.9,27.32
2024-01-15 10:00:00,KF-J109,in_use,39.43,46.56,24.97,0.0,67.52,24.81
2024-01-15 10:00:30,KF-J109,in_use,36.08,,24.42,0.0,63.55,27.39
2024-01-15 10:01:00,KF-J109,in_use,47.48,47.54,27.4,0.0,63.15,28.95
2024-01-15 10:01:30,KF-J109,in_use,37.15,48.75,29.17,0.0,69.06,27.02
2024-01-15 10:02:00,KF-J109,in_use,37.42,49.15,30.65,0.0,62.79,26.17
2024-01-15 10:02:30,KF-J109,in_use,32.95,45.44,39.28,0.0,66.9,25.68
2024-01-15 10:03:00,KF-J109,in_use,37.5,47.6,32.46,,64.77,25.45
2024-01-15 10:03:30,KF-J109,in_use,23.55,44.72,34.75,0.0,71.5,24.77
2024-01-15 10:04:00,KF-J109,in_use,34.7,49.53,27.32,0.0,,31.38
2024-01-15 10:04:30,KF-J109,in_use,29.52,49.76,32.7,0.0,67.92,28.87
2024-01-15 10:05:00,KF-J109,in_use,27.88,44.76,37.14,0.0,62.67,26.93
2024-01-15 10:05:30,KF-J109,in_use,42.63,44.06,,0.0,67.06,23.42
2024-01-15 10:06:00,KF-J109,in_use,27.78,45.25,19.71,0.0,66.16,24.34
2024-01-15 10:06:30,KF-J109,in_use,39.36,45.2,33.01,0.0,68.42,31.11
2024-01-15 10:07:00,KF-J109,in_use,51.04,48.51,32.77,0.0,65.95,27.66
2024-01-15 10:07:30,KF-J109,in_use,27.55,47.56,29.87,0.0,69.3,29.64
2024-01-15 10:08:00,KF-J109,in_use,33.32,47.65,18.82,0.0,65.78,25.74
2024-01-15 10:08:30,KF-J109,in_use,34.61,43.07,28.57,0.0,66.64,27.54
2024-01-15 10:09:00,KF-J109,in_use,49.91,48.16,26.23,0.0,68.64,24.6
2024-01-15 10:09:30,KF-J109,in_use,,47.03,36.53,0.0,70.71,30.62
2024-01-15 10:10:00,KF-J109,in_use,27.62,45.65,32.16,0.0,63.92,26.78
2024-01-15 10:10:30,KF-J109,in_use,38.28,46.53,31.77,0.0,75.63,28.93
2024-01-15 10:11:00,KF-J109,in_use,23.64,46.62,22.81,0.0,66.38,
2024-01-15 10:11:30,KF-J109,in_use,27.48,46.98,29.79,0.0,66.49,29.16
2024-01-15 10:12:00,KF-J109,in_use,45.55,45.84,28.82,0.0,66.81,31.93
2024-01-15 10:12:30,KF-J109,in_use,30.91,49.7,21.49,0.0,,26.55
2024-01-15 10:13:00,KF-J109,in_use,,47.75,30.11,0.0,68.62,29.02
2024-01-15 10:13:30,KF-J109,in_use,40.73,47.4,31.33,0.0,61.94,24.08
2024-01-15 10:14:00,KF-J109,in_use,,48.72,28.52,0.0,66.45,26.41
2024-01-15 10:14:30,KF-J109,in_use,50.46,44.17,31.34,0.0,70.83,27.76
2024-01-15 10:15:00,KF-J109,in_use,27.02,44.7,34.03,0.0,69.24,28.22
2024-01-15 10:15:30,KF-J109,in_use,35.93,48.47,28.46,0.0,65.84,28.89
2024-01-15 10:16:00,KF-J109,in_use,29.59,45.55,27.03,0.0,69.56,23.36
2024-01-15 10:16:30,KF-J109,in_use,32.67,,31.5,0.0,63.55,30.76
2024-01-15 10:17:00,KF-J109,in_use,37.26,42.7,34.03,0.0,68.77,24.67
2024-01-15 10:17:30,KF-J109,in_use,31.8,49.59,26.9,0.0,69.98,25.79
2024-01-15 10:18:00,KF-J109,in_use,49.34,44.94,18.58,0.0,72.44,
2024-01-15 10:18:30,KF-J109,in_use,34.56,46.8,30.23,0.0,66.2,30.41
2024-01-15 10:19:00,KF-J109,in_use,41.61,46.81,29.13,0.0,64.53,26.32
2024-01-15 10:19:30,KF-J109,in_use,36.72,45.55,29.86,0.0,64.95,22.18
2024-01-15 10:20:00,KF-J109,in_use,35.85,47.97,26.33,0.0,71.46,26.57
2024-01-15 10:20:30,KF-J109,in_use,40.23,46.59,22.78,0.0,67.82,25.69
2024-01-15 10:21:00,KF-J109,in_use,37.51,45.5,37.63,0.0,67.5,28.35
2024-01-15 10:21:30,KF-J109,in_use,,46.18,23.45,0.0,70.5,23.38
2024-01-15 10:22:00,KF-J109,in_use,26.83,47.81,18.37,0.0,71.23,26.93
2024-01-15 10:22:30,KF-J109,in_use,27.2,45.46,30.52,0.0,64.91,
2024-01-15 10:23:00,KF-J109,in_use,37.69,45.52,33.99,0.0,70.99,24.91
2024-01-15 10:23:30,KF-J109,in_use,22.49,47.26,28.46,0.0,73.35,23.85
2024-01-15 10:24:00,KF-J109,in_use,39.17,45.54,,0.0,61.95,26.81
2024-01-15 10:24:30,KF-J109,in_use,40.02,49.25,30.73,0.0,73.44,26.22
2024-01-15 10:25:00,KF-J109,in_use,40.95,47.13,30.71,0.0,67.33,
2024-01-15 10:25:30,KF-J109,in_use,39.96,42.82,31.28,0.0,65.63,24.43
2024-01-15 10:26:00,KF-J109,in_use,39.06,43.52,28.26,0.0,71.53,29.8
2024-01-15 10:26:30,KF-J109,in_use,34.27,45.19,31.9,0.0,64.99,23.42
2024-01-15 10:27:00,KF-J109,in_use,44.94,43.32,32.71,0.0,72.66,27.26
2024-01-15 10:27:30,KF-J109,in_use,9.87,44.11,30.38,0.0,71.17,28.12
2024-01-15 10:28:00,KF-J109,in_use,27.29,46.45,26.01,0.0,66.54,23.96
2024-01-15 10:28:30,KF-J109,in_use,47.41,46.68,29.2,0.0,75.18,24.81
2024-01-15 10:29:00,KF-J109,in_use,34.94,48.17,,,68.72,27.96
2024-01-15 10:29:30,KF-J109,in_use,27.64,50.5,23.53,,68.81,26.83
2024-01-15 10:30:00,KF-J109,in_use,36.96,46.86,30.63,0.0,68.85,24.17
2024-01-15 10:30:30,KF-J109,in_use,32.72,46.19,30.99,0.0,,30.59
2024-01-15 10:31:00,KF-J109,in_use,32.99,50.1,35.73,0.0,67.19,27.19
2024-01-15 10:31:30,KF-J109,in_use,27.74,44.47,22.92,0.0,70.07,27.56
2024-01-15 10:32:00,KF-J109,in_use,48.23,46.31,25.98,0.0,69.05,24.71
2024-01-15 10:32:30,KF-J109,in_use,41.84,45.73,,0.0,67.99,25.01
2024-01-15 10:33:00,KF-J109,in_use,39.11,49.93,26.08,0.0,73.38,23.38
2024-01-15 10:33:30,KF-J109,in_use,52.6,43.6,30.47,0.0,68.73,31.43
2024-01-15 10:34:00,KF-J109,in_use,25.14,46.23,27.7,0.0,63.86,28.22
2024-01-15 10:34:30,KF-J109,in_use,43.85,44.62,29.35,0.0,66.49,24.78
2024-01-15 10:35:00,KF-J109,in_use,42.61,45.46,38.72,0.0,66.99,27.73
2024-01-15 10:35:30,KF-J109,in_use,22.92,46.88,17.7,0.0,68.16,27.22
2024-01-15 10:36:00,KF-J109,in_use,31.99,49.96,27.4,0.0,66.61,26.75
2024-01-15 10:36:30,KF-J109,in_use,23.32,46.83,24.88,0.0,68.32,26.78
2024-01-15 10:37:00,KF-J109,in_use,29.2,46.83,32.02,0.0,71.93,28.53
2024-01-15 10:37:30,KF-J109,in_use,30.09,45.28,23.35,0.0,64.81,30.53
2024-01-15 10:38:00,KF-J109,in_use,,44.38,28.26,0.0,67.66,26.1
2024-01-15 10:38:30,KF-J109,in_use,26.73,48.48,29.0,0.0,64.46,26.85
2024-01-15 10:39:00,KF-J109,in_use,,46.87,33.79,0.0,69.62,25.89
2024-01-15 10:39:30,KF-J109,in_use,45.65,47.48,25.07,0.0,63.0,29.29
2024-01-15 10:40:00,KF-J109,in_use,42.18,47.31,26.33,0.0,67.31,27.21
2024-01-15 10:40:30,KF-J109,in_use,34.04,50.02,28.49,,69.9,28.03
2024-01-15 10:41:00,KF-J109,in_use,49.35,46.31,38.06,,66.17,27.69
2024-01-15 10:41:30,KF-J109,in_use,38.15,46.14,23.82,0.0,73.5,27.2
2024-01-15 10:42:00,KF-J109,in_use,,47.53,29.75,0.0,67.9,26.83
2024-01-15 10:42:30,KF-J109,in_use,52.19,45.85,27.75,0.0,66.07,28.7
2024-01-15 10:43:00,KF-J109,in_use,27.54,45.62,26.46,0.0,67.93,29.72
2024-01-15 10:43:30,KF-J109,in_use,36.18,45.62,23.06,,68.15,29.64
2024-01-15 10:44:00,KF-J109,in_use,23.63,47.08,26.12,0.0,63.8,28.37
2024-01-15 10:44:30,KF-J109,in_use,,45.42,28.24,,65.87,24.81
2024-01-15 10:45:00,KF-J109,in_use,23.26,42.08,29.7,0.0,64.84,28.0
2024-01-15 10:45:30,KF-J109,in_use,31.31,47.1,31.87,0.0,60.24,29.22
2024-01-15 10:46:00,KF-J109,in_use,38.33,47.06,34.12,0.0,67.05,
2024-01-15 10:46:30,KF-J109,in_use,32.05,48.73,24.75,0.0,66.88,26.61
2024-01-15 10:47:00,KF-J109,in_use,,45.83,23.75,0.0,69.25,26.55
2024-01-15 10:47:30,KF-J109,in_use,32.17,46.23,31.35,0.0,65.67,26.07
2024-01-15 10:48:00,KF-J109,in_use,19.3,44.91,19.9,0.0,69.09,28.67
2024-01-15 10:48:30,KF-J109,in_use,26.04,46.34,39.27,0.0,69.57,27.0
2024-01-15 10:49:00,KF-J109,in_use,26.73,46.48,33.74,0.0,,24.48
2024-01-15 10:49:30,KF-J109,in_use,36.99,50.28,30.09,0.0,69.37,24.87
2024-01-15 10:50:00,KF-J109,in_use,43.89,48.14,23.81,0.0,67.52,26.23
2024-01-15 10:50:30,KF-J109,in_use,35.69,44.64,29.62,0.0,68.67,29.27
2024-01-15 10:51:00,KF-J109,in_use,26.6,,34.67,0.0,66.68,26.34
2024-01-15 10:51:30,KF-J109,in_use,15.11,46.4,22.24,0.0,66.21,27.53
2024-01-15 10:52:00,KF-J109,in_use,,47.3,27.26,0.0,70.39,25.75
2024-01-15 10:52:30,KF-J109,in_use,22.6,46.99,,0.0,67.62,30.78
2024-01-15 10:53:00,KF-J109,in_use,26.08,45.93,16.91,0.0,61.17,26.87
2024-01-15 10:53:30,KF-J109,in_use,35.78,45.15,28.22,0.0,63.81,25.95
2024-01-15 10:54:00,KF-J109,in_use,34.0,45.96,24.39,0.0,64.83,28.67
2024-01-15 10:54:30,KF-J109,in_use,26.82,44.75,22.1,0.0,66.36,26.59
2024-01-15 10:55:00,KF-J109,in_use,27.08,43.12,23.2,0.0,64.51,25.19
2024-01-15 10:55:30,KF-J109,in_use,,47.23,23.98,0.0,68.19,26.48
2024-01-15 10:56:00,KF-J109,in_use,42.56,45.53,39.59,0.0,62.54,23.78
2024-01-15 10:56:30,KF-J109,in_use,31.55,47.22,32.68,0.0,69.61,22.97
2024-01-15 10:57:00,KF-J109,in_use,47.39,45.38,29.23,0.0,65.63,23.77
2024-01-15 10:57:30,KF-J109,in_use,33.53,,34.23,0.0,69.51,
2024-01-15 10:58:00,KF-J109,in_use,40.82,46.52,30.13,0.0,65.06,26.08
2024-01-15 10:58:30,KF-J109,in_use,,46.66,19.97,0.0,65.37,26.75
2024-01-15 10:59:00,KF-J109,in_use,42.07,45.92,25.34,,69.5,22.86
2024-01-15 10:59:30,KF-J109,in_use,43.73,45.19,31.33,0.0,63.64,25.94
2024-01-15 11:00:00,KF-J109,charging,0.0,50.65,-15.09,0.0,71.82,26.0
2024-01-15 11:00:30,KF-J109,charging,0.0,51.44,-10.38,0.0,69.26,29.57
2024-01-15 11:01:00,KF-J109,charging,0.0,51.45,-14.93,0.0,66.11,23.9
2024-01-15 11:01:30,KF-J109,charging,0.0,51.04,-16.43,0.0,71.99,25.34
2024-01-15 11:02:00,KF-J109,charging,0.0,,-14.7,0.0,65.14,26.26
2024-01-15 11:02:30,KF-J109,charging,0.0,50.73,-12.79,0.0,71.6,28.69
2024-01-15 11:03:00,KF-J109,charging,0.0,51.31,-17.84,0.0,67.55,31.56
2024-01-15 11:03:30,KF-J109,charging,0.0,,-15.48,0.0,68.12,27.06
2024-01-15 11:04:00,KF-J109,charging,0.0,51.09,-16.84,0.0,70.41,24.75
2024-01-15 11:04:30,KF-J109,charging,0.0,51.29,-16.54,0.0,73.51,27.21
2024-01-15 11:05:00,KF-J109,charging,0.0,,-15.49,0.0,67.97,27.35
2024-01-15 11:05:30,KF-J109,charging,0.0,51.12,-19.13,0.0,64.54,23.33
2024-01-15 11:06:00,KF-J109,charging,0.0,51.0,,0.0,62.86,27.65
2024-01-15 11:06:30,KF-J109,charging,0.0,50.83,-14.13,0.0,70.55,25.41
2024-01-15 11:07:00,KF-J109,charging,0.0,,-15.58,0.0,68.35,28.02
2024-01-15 11:07:30,KF-J109,charging,0.0,,-17.34,0.0,,25.77
2024-01-15 11:08:00,KF-J109,charging,0.0,50.77,-15.54,,69.77,27.29
2024-01-15 11:08:30,KF-J109,charging,0.0,51.49,-17.99,0.0,64.75,22.78
2024-01-15 11:09:00,KF-J109,charging,0.0,50.93,-11.76,0.0,64.57,24.84
2024-01-15 11:09:30,KF-J109,charging,0.0,51.05,-9.9,0.0,72.57,25.62
2024-01-15 11:10:00,KF-J109,charging,0.0,51.04,-14.32,0.0,64.67,27.41
2024-01-15 11:10:30,KF-J109,charging,0.0,51.16,-17.36,0.0,72.6,30.26
2024-01-15 11:11:00,KF-J109,charging,0.0,50.65,-12.69,0.0,68.73,25.62
2024-01-15 11:11:30,KF-J109,charging,,51.31,-15.28,0.0,69.62,24.45
2024-01-15 11:12:00,KF-J109,charging,0.0,51.12,-15.91,0.0,62.11,29.16
2024-01-15 11:12:30,KF-J109,charging,0.0,50.57,-15.03,,71.07,27.36
2024-01-15 11:13:00,KF-J109,charging,0.0,51.02,-17.04,0.0,65.01,22.73
2024-01-15 11:13:30,KF-J109,charging,0.0,51.08,-13.72,0.0,70.21,26.74
2024-01-15 11:14:00,KF-J109,charging,0.0,50.79,-14.43,0.0,69.85,32.05
2024-01-15 11:14:30,KF-J109,charging,0.0,50.97,-13.93,0.0,61.39,25.8
2024-01-15 11:15:00,KF-J109,charging,0.0,50.66,-18.03,0.0,65.74,28.19
2024-01-15 11:15:30,KF-J109,charging,0.0,50.68,-18.25,0.0,67.92,27.62
2024-01-15 11:16:00,KF-J109,charging,0.0,50.44,-14.1,0.0,70.04,26.78
2024-01-15 11:16:30,KF-J109,charging,0.0,50.77,-19.79,0.0,72.53,27.55
2024-01-15 11:17:00,KF-J109,charging,0.0,50.58,-11.42,0.0,65.93,26.25
2024-01-15 11:17:30,KF-J109,charging,0.0,51.02,-17.56,0.0,66.62,30.36
2024-01-15 11:18:00,KF-J109,charging,0.0,50.6,-15.15,0.0,64.03,25.08
2024-01-15 11:18:30,KF-J109,charging,0.0,50.31,-13.03,0.0,70.29,25.85
2024-01-15 11:19:00,KF-J109,charging,0.0,51.24,-15.61,0.0,61.29,24.6
2024-01-15 11:19:30,KF-J109,charging,0.0,51.36,-15.05,0.0,68.6,24.93
2024-01-15 11:20:00,KF-J109,charging,0.0,50.85,-13.26,0.0,70.27,25.61
2024-01-15 11:20:30,KF-J109,charging,0.0,51.39,-12.99,0.0,65.42,29.68
2024-01-15 11:21:00,KF-J109,charging,0.0,50.52,-11.48,0.0,68.13,26.83
2024-01-15 11:21:30,KF-J109,charging,0.0,,-14.59,0.0,67.96,25.85
2024-01-15 11:22:00,KF-J109,charging,0.0,50.47,-14.82,0.0,68.12,24.79
2024-01-15 11:22:30,KF-J109,charging,0.0,51.29,-17.84,0.0,64.82,29.56
2024-01-15 11:23:00,KF-J109,charging,0.0,50.72,-10.89,0.0,69.92,27.81
2024-01-15 11:23:30,KF-J109,charging,0.0,50.6,,0.0,74.3,27.58
2024-01-15 11:24:00,KF-J109,charging,0.0,51.08,-12.81,0.0,72.24,27.9
2024-01-15 11:24:30,KF-J109,charging,0.0,51.13,-14.95,0.0,65.38,29.9
2024-01-15 11:25:00,KF-J109,charging,,50.56,-15.04,0.0,58.61,26.14
2024-01-15 11:25:30,KF-J109,charging,0.0,51.49,-14.55,0.0,72.69,27.49
2024-01-15 11:26:00,KF-J109,charging,0.0,51.34,,0.0,,26.73
2024-01-15 11:26:30,KF-J109,charging,0.0,51.11,-16.63,0.0,68.56,29.31
2024-01-15 11:27:00,KF-J109,charging,0.0,50.95,-15.36,0.0,70.1,26.59
2024-01-15 11:27:30,KF-J109,charging,0.0,50.97,-14.25,0.0,70.61,24.29
2024-01-15 11:28:00,KF-J109,charging,0.0,51.13,-13.68,0.0,68.23,24.5
2024-01-15 11:28:30,KF-J109,charging,0.0,50.44,-15.85,0.0,68.98,29.52
2024-01-15 11:29:00,KF-J109,charging,0.0,50.78,-14.83,0.0,70.55,26.44
2024-01-15 11:29:30,KF-J109,charging,0.0,51.59,-15.17,0.0,68.97,
2024-01-15 11:30:00,KF-J109,not_in_use,0.0,50.74,0.0,0.0,74.43,26.57
2024-01-15 11:30:30,KF-J109,not_in_use,0.0,50.51,0.0,0.0,66.3,28.68
2024-01-15 11:31:00,KF-J109,not_in_use,0.0,50.83,0.0,0.0,61.38,27.28
2024-01-15 11:31:30,KF-J109,not_in_use,0.0,51.33,0.0,0.0,73.58,29.41
2024-01-15 11:32:00,KF-J109,not_in_use,0.0,,0.0,0.0,65.28,27.46
2024-01-15 11:32:30,KF-J109,not_in_use,0.0,51.33,0.0,0.0,,25.35
2024-01-15 11:33:00,KF-J109,not_in_use,0.0,50.77,0.0,0.0,67.05,27.43
2024-01-15 11:33:30,KF-J109,not_in_use,0.0,50.89,0.0,0.0,72.09,29.16
2024-01-15 11:34:00,KF-J109,not_in_use,0.0,51.68,0.0,0.0,64.87,28.1
2024-01-15 11:34:30,KF-J109,not_in_use,0.0,51.25,0.0,0.0,71.85,26.36
2024-01-15 11:35:00,KF-J109,not_in_use,0.0,50.54,0.0,0.0,63.62,24.38
2024-01-15 11:35:30,KF-J109,not_in_use,0.0,50.63,0.0,0.0,67.76,29.08
2024-01-15 11:36:00,KF-J109,not_in_use,0.0,51.13,0.0,0.0,65.54,29.22
2024-01-15 11:36:30,KF-J109,not_in_use,0.0,50.73,0.0,0.0,68.65,28.3
2024-01-15 11:37:00,KF-J109,not_in_use,0.0,51.47,0.0,0.0,70.71,26.78
2024-01-15 11:37:30,KF-J109,not_in_use,,51.46,0.0,,67.6,26.6
2024-01-15 11:38:00,KF-J109,not_in_use,0.0,51.4,0.0,0.0,71.25,
2024-01-15 11:38:30,KF-J109,not_in_use,0.0,51.03,0.0,0.0,66.78,25.97
2024-01-15 11:39:00,KF-J109,not_in_use,,51.0,0.0,0.0,66.57,28.26
2024-01-15 11:39:30,KF-J109,not_in_use,0.0,51.0,0.0,0.0,67.21,25.52
2024-01-15 11:40:00,KF-J109,not_in_use,0.0,50.69,0.0,,68.16,26.98
2024-01-15 11:40:30,KF-J109,not_in_use,0.0,50.55,0.0,0.0,68.88,25.87
2024-01-15 11:41:00,KF-J109,not_in_use,,51.22,0.0,0.0,71.41,26.73
2024-01-15 11:41:30,KF-J109,not_in_use,0.0,50.53,0.0,0.0,69.99,26.06
2024-01-15 11:42:00,KF-J109,not_in_use,0.0,50.71,0.0,0.0,72.22,27.82
2024-01-15 11:42:30,KF-J109,not_in_use,0.0,51.03,0.0,0.0,65.44,25.23
2024-01-15 11:43:00,KF-J109,not_in_use,0.0,51.04,0.0,0.0,68.26,26.1
2024-01-15 11:43:30,KF-J109,not_in_use,0.0,,0.0,0.0,68.16,25.44
2024-01-15 11:44:00,KF-J109,not_in_use,0.0,50.89,0.0,0.0,68.46,26.75
2024-01-15 11:44:30,KF-J109,not_in_use,0.0,51.31,0.0,0.0,,28.38
2024-01-15 11:45:00,KF-J109,not_in_use,,51.28,0.0,0.0,65.84,26.7
2024-01-15 11:45:30,KF-J109,not_in_use,0.0,51.22,0.0,0.0,73.99,26.1
2024-01-15 11:46:00,KF-J109,not_in_use,0.0,51.44,0.0,0.0,76.31,28.5
2024-01-15 11:46:30,KF-J109,not_in_use,0.0,51.06,,,71.64,28.3
2024-01-15 11:47:00,KF-J109,not_in_use,,50.79,0.0,0.0,61.89,28.21
2024-01-15 11:47:30,KF-J109,not_in_use,0.0,50.98,0.0,0.0,73.89,
2024-01-15 11:48:00,KF-J109,not_in_use,0.0,51.06,0.0,0.0,65.55,28.2
2024-01-15 11:48:30,KF-J109,not_in_use,0.0,51.0,0.0,0.0,66.29,28.93
2024-01-15 11:49:00,KF-J109,not_in_use,0.0,51.15,0.0,0.0,62.22,28.16
2024-01-15 11:49:30,KF-J109,not_in_use,0.0,,0.0,0.0,74.19,28.15
2024-01-15 11:50:00,KF-J109,not_in_use,0.0,51.51,0.0,0.0,70.75,
2024-01-15 11:50:30,KF-J109,not_in_use,0.0,51.35,0.0,0.0,67.21,26.45
2024-01-15 11:51:00,KF-J109,not_in_use,0.0,51.3,0.0,0.0,69.03,28.25
2024-01-15 11:51:30,KF-J109,not_in_use,0.0,51.38,0.0,,68.26,29.11
2024-01-15 11:52:00,KF-J109,not_in_use,0.0,51.01,0.0,0.0,70.64,29.37
2024-01-15 11:52:30,KF-J109,not_in_use,0.0,50.64,0.0,,70.4,30.97
2024-01-15 11:53:00,KF-J109,not_in_use,,50.86,0.0,0.0,65.97,27.13
2024-01-15 11:53:30,KF-J109,not_in_use,,51.08,0.0,0.0,71.19,25.39
2024-01-15 11:54:00,KF-J109,not_in_use,0.0,50.66,0.0,0.0,66.58,28.1
2024-01-15 11:54:30,KF-J109,not_in_use,0.0,50.9,0.0,0.0,66.24,24.93
2024-01-15 11:55:00,KF-J109,not_in_use,0.0,50.92,0.0,0.0,64.96,
2024-01-15 11:55:30,KF-J109,not_in_use,0.0,51.61,0.0,0.0,60.41,28.48
2024-01-15 11:56:00,KF-J109,not_in_use,0.0,51.35,0.0,0.0,68.07,25.29
2024-01-15 11:56:30,KF-J109,not_in_use,0.0,50.72,0.0,0.0,69.57,29.59
2024-01-15 11:57:00,KF-J109,not_in_use,0.0,51.51,0.0,0.0,66.27,28.28
2024-01-15 11:57:30,KF-J109,not_in_use,0.0,51.52,0.0,0.0,66.2,25.89
2024-01-15 11:58:00,KF-J109,not_in_use,0.0,51.4,0.0,0.0,59.14,27.51
2024-01-15 11:58:30,KF-J109,not_in_use,0.0,51.19,0.0,0.0,70.49,33.88
2024-01-15 11:59:00,KF-J109,not_in_use,0.0,50.76,0.0,0.0,69.51,30.28
2024-01-15 11:59:30,KF-J109,not_in_use,0.0,50.7,0.0,0.0,67.7,27.25
2024-01-15 06:00:00,KF-L111,in_use,38.59,48.08,20.47,99.67,61.93,25.53
2024-01-15 06:00:30,KF-L111,in_use,29.69,46.03,21.0,99.45,70.95,27.56
2024-01-15 06:01:00,KF-L111,in_use,36.52,43.49,28.97,99.16,65.99,
2024-01-15 06:01:30,KF-L111,in_use,32.41,,36.49,98.86,66.84,26.9
2024-01-15 06:02:00,KF-L111,in_use,15.09,49.35,,98.51,66.14,26.66
2024-01-15 06:02:30,KF-L111,in_use,26.21,45.79,37.02,98.16,66.19,29.11
2024-01-15 06:03:00,KF-L111,in_use,34.33,43.21,22.23,97.88,68.12,27.36
2024-01-15 06:03:30,KF-L111,in_use,36.29,45.29,20.41,97.63,64.46,25.3
2024-01-15 06:04:00,KF-L111,in_use,32.67,47.63,34.28,,61.4,31.05
2024-01-15 06:04:30,KF-L111,in_use,43.96,47.25,31.75,97.08,64.29,25.58
2024-01-15 06:05:00,KF-L111,in_use,28.87,43.68,,96.8,66.83,29.37
2024-01-15 06:05:30,KF-L111,in_use,34.53,47.76,29.46,96.62,66.97,26.31
2024-01-15 06:06:00,KF-L111,in_use,24.8,45.86,23.79,96.31,64.43,26.52
2024-01-15 06:06:30,KF-L111,in_use,38.85,,23.44,95.96,70.5,27.27
2024-01-15 06:07:00,KF-L111,in_use,31.83,43.57,32.08,95.64,68.4,27.91
2024-01-15 06:07:30,KF-L111,in_use,43.96,45.45,19.54,95.38,70.31,25.55
2024-01-15 06:08:00,KF-L111,in_use,25.81,49.78,32.5,95.07,69.32,28.78
2024-01-15 06:08:30,KF-L111,in_use,34.11,,28.46,94.83,70.8,31.8
2024-01-15 06:09:00,KF-L111,in_use,40.64,47.39,33.64,94.59,70.35,27.23
2024-01-15 06:09:30,KF-L111,in_use,27.29,49.3,31.25,94.32,,24.28
2024-01-15 06:10:00,KF-L111,in_use,52.69,45.95,36.35,94.13,69.95,24.81
2024-01-15 06:10:30,KF-L111,in_use,29.83,47.03,35.49,93.84,70.46,25.62
2024-01-15 06:11:00,KF-L111,in_use,26.52,45.65,28.58,93.6,68.58,28.16
2024-01-15 06:11:30,KF-L111,in_use,47.16,49.68,22.55,93.36,63.93,29.78
2024-01-15 06:12:00,KF-L111,in_use,24.15,46.46,33.63,93.12,63.47,26.25
2024-01-15 06:12:30,KF-L111,in_use,30.47,47.13,29.01,92.84,,24.45
2024-01-15 06:13:00,KF-L111,in_use,41.86,48.0,36.22,,69.85,24.53
2024-01-15 06:13:30,KF-L111,in_use,40.49,43.06,33.12,92.38,71.6,28.2
2024-01-15 06:14:00,KF-L111,in_use,48.29,46.44,25.68,92.06,66.71,26.75
2024-01-15 06:14:30,KF-L111,in_use,32.64,44.99,25.05,91.8,65.51,
2024-01-15 06:15:00,KF-L111,in_use,24.47,44.47,33.05,91.53,70.44,22.72
2024-01-15 06:15:30,KF-L111,in_use,40.66,45.47,35.52,91.3,66.56,23.28
2024-01-15 06:16:00,KF-L111,in_use,29.82,44.73,32.41,91.07,67.16,28.63
2024-01-15 06:16:30,KF-L111,in_use,37.47,43.77,20.52,90.87,68.22,31.61
2024-01-15 06:17:00,KF-L111,in_use,31.41,48.05,25.88,,66.69,25.84
2024-01-15 06:17:30,KF-L111,in_use,30.06,48.88,23.05,90.28,65.32,27.51
2024-01-15 06:18:00,KF-L111,in_use,33.38,49.06,25.91,90.03,71.8,26.7
2024-01-15 06:18:30,KF-L111,in_use,32.45,49.26,36.03,89.8,66.37,27.53
2024-01-15 06:19:00,KF-L111,in_use,29.24,47.17,24.44,89.52,67.54,25.75
2024-01-15 06:19:30,KF-L111,in_use,39.97,45.34,27.24,89.29,71.28,25.97
2024-01-15 06:20:00,KF-L111,in_use,40.35,45.3,30.87,89.03,71.1,28.31
2024-01-15 06:20:30,KF-L111,in_use,30.73,49.54,33.99,88.72,69.89,28.89
2024-01-15 06:21:00,KF-L111,in_use,43.24,46.11,29.16,88.4,67.96,30.62
2024-01-15 06:21:30,KF-L111,in_use,35.71,44.41,33.41,88.15,68.55,28.17
2024-01-15 06:22:00,KF-L111,in_use,33.48,46.49,25.15,87.92,66.52,
2024-01-15 06:22:30,KF-L111,in_use,30.71,49.36,31.79,87.69,67.23,26.0
2024-01-15 06:23:00,KF-L111,in_use,35.85,48.19,16.84,87.44,64.41,30.92
2024-01-15 06:23:30,KF-L111,in_use,30.4,47.87,28.8,87.21,71.08,25.71
2024-01-15 06:24:00,KF-L111,in_use,45.02,47.3,27.09,86.94,65.32,27.45
2024-01-15 06:24:30,KF-L111,in_use,34.96,47.31,27.22,86.69,66.49,
2024-01-15 06:25:00,KF-L111,in_use,46.89,48.43,29.67,86.38,68.29,24.89
2024-01-15 06:25:30,KF-L111,in_use,43.18,46.01,27.03,86.15,66.78,27.8
2024-01-15 06:26:00,KF-L111,in_use,34.67,47.13,28.12,85.84,70.73,31.53
2024-01-15 06:26:30,KF-L111,in_use,25.62,,26.57,85.57,71.29,25.28
2024-01-15 06:27:00,KF-L111,in_use,40.54,48.57,27.55,85.32,62.6,27.64
2024-01-15 06:27:30,KF-L111,in_use,27.85,47.58,26.35,,64.0,26.6
2024-01-15 06:28:00,KF-L111,in_use,37.24,45.66,25.25,84.82,70.76,24.03
2024-01-15 06:28:30,KF-L111,in_use,30.8,45.15,25.12,84.56,67.89,27.08
2024-01-15 06:29:00,KF-L111,in_use,35.93,50.83,28.1,84.24,69.15,24.52
2024-01-15 06:29:30,KF-L111,in_use,20.38,45.29,27.45,84.01,62.77,27.86
2024-01-15 06:30:00,KF-L111,in_use,35.88,48.36,32.2,83.76,69.15,27.91
2024-01-15 06:30:30,KF-L111,in_use,20.02,47.46,33.66,83.5,71.71,27.99
2024-01-15 06:31:00,KF-L111,in_use,46.17,50.08,26.08,83.27,65.86,28.2
2024-01-15 06:31:30,KF-L111,in_use,42.73,46.78,31.33,83.01,69.07,31.53
2024-01-15 06:32:00,KF-L111,in_use,39.01,46.85,25.37,82.78,66.98,27.45
2024-01-15 06:32:30,KF-L111,in_use,39.98,48.65,28.08,82.49,66.97,28.58
2024-01-15 06:33:00,KF-L111,in_use,26.72,49.65,22.63,82.25,68.49,26.52
2024-01-15 06:33:30,KF-L111,in_use,38.47,49.81,24.95,82.04,66.49,28.16
2024-01-15 06:34:00,KF-L111,in_use,31.69,44.25,,81.77,69.46,28.36
2024-01-15 06:34:30,KF-L111,in_use,54.55,48.52,28.95,81.52,73.21,26.62
2024-01-15 06:35:00,KF-L111,in_use,34.56,42.47,33.29,81.29,64.06,26.86
2024-01-15 06:35:30,KF-L111,in_use,29.28,44.83,30.11,81.1,62.0,30.36
2024-01-15 06:36:00,KF-L111,in_use,27.08,48.66,28.98,80.83,68.69,25.33
2024-01-15 06:36:30,KF-L111,in_use,,46.11,27.21,80.53,67.53,25.13
2024-01-15 06:37:00,KF-L111,in_use,,46.52,17.79,80.31,71.24,28.41
2024-01-15 06:37:30,KF-L111,in_use,38.12,46.86,26.11,80.12,73.54,26.62
2024-01-15 06:38:00,KF-L111,in_use,32.06,44.77,27.09,79.85,64.67,23.94
2024-01-15 06:38:30,KF-L111,in_use,45.44,47.62,24.32,79.63,68.73,28.05
2024-01-15 06:39:00,KF-L111,in_use,35.84,,24.47,79.34,61.87,28.02
2024-01-15 06:39:30,KF-L111,in_use,39.56,47.16,20.45,,67.6,27.39
2024-01-15 06:40:00,KF-L111,in_use,27.27,44.99,20.69,78.8,63.44,28.39
2024-01-15 06:40:30,KF-L111,in_use,31.74,44.81,36.24,78.53,68.56,26.76
2024-01-15 06:41:00,KF-L111,in_use,33.92,47.31,19.61,78.28,70.4,28.47
2024-01-15 06:41:30,KF-L111,in_use,18.09,46.39,34.1,78.02,64.9,26.31
2024-01-15 06:42:00,KF-L111,in_use,26.33,45.18,25.79,77.72,68.13,
2024-01-15 06:42:30,KF-L111,in_use,,48.48,30.09,77.45,69.45,24.79
2024-01-15 06:43:00,KF-L111,in_use,37.62,41.95,28.66,77.18,71.38,31.52
2024-01-15 06:43:30,KF-L111,in_use,30.36,47.96,33.62,76.91,69.79,24.55
2024-01-15 06:44:00,KF-L111,in_use,25.94,49.37,26.78,76.68,70.17,27.7
2024-01-15 06:44:30,KF-L111,in_use,39.71,,25.39,76.4,69.09,27.31
2024-01-15 06:45:00,KF-L111,in_use,42.57,47.66,25.82,76.13,64.18,27.49
2024-01-15 06:45:30,KF-L111,in_use,,43.51,27.21,75.88,68.52,26.07
2024-01-15 06:46:00,KF-L111,in_use,33.46,43.81,39.38,75.6,65.95,28.77
2024-01-15 06:46:30,KF-L111,in_use,29.93,45.16,29.28,75.42,66.88,28.53
2024-01-15 06:47:00,KF-L111,in_use,30.19,51.56,29.61,75.24,68.96,23.25
2024-01-15 06:47:30,KF-L111,in_use,36.09,45.25,26.85,75.02,71.3,27.53
2024-01-15 06:48:00,KF-L111,in_use,59.25,46.89,24.84,74.79,67.5,25.05
2024-01-15 06:48:30,KF-L111,in_use,31.4,46.67,28.16,74.53,67.02,28.46
2024-01-15 06:49:00,KF-L111,in_use,28.62,45.53,23.13,74.26,68.52,28.6
2024-01-15 06:49:30,KF-L111,in_use,27.21,43.27,21.46,73.98,73.6,26.77
2024-01-15 06:50:00,KF-L111,in_use,44.35,41.95,20.3,73.73,62.36,28.2
2024-01-15 06:50:30,KF-L111,in_use,40.04,47.52,32.6,73.53,71.0,26.71
2024-01-15 06:51:00,KF-L111,in_use,34.41,47.45,28.77,73.3,71.37,25.1
2024-01-15 06:51:30,KF-L111,in_use,46.09,43.97,22.33,73.07,67.73,29.49
2024-01-15 06:52:00,KF-L111,in_use,28.98,44.28,30.73,72.82,68.59,26.28
2024-01-15 06:52:30,KF-L111,in_use,40.37,47.37,32.11,72.6,72.2,26.36
2024-01-15 06:53:00,KF-L111,in_use,36.06,45.47,,72.28,70.82,24.52
2024-01-15 06:53:30,KF-L111,in_use,21.77,45.37,30.53,72.03,68.6,27.35
2024-01-15 06:54:00,KF-L111,in_use,40.99,45.79,28.98,71.8,65.8,
2024-01-15 06:54:30,KF-L111,in_use,35.7,,25.32,71.63,67.58,26.69
2024-01-15 06:55:00,KF-L111,in_use,34.01,46.27,22.67,71.36,75.59,27.25
2024-01-15 06:55:30,KF-L111,in_use,21.91,44.93,35.38,71.11,67.68,28.44
2024-01-15 06:56:00,KF-L111,in_use,31.68,44.32,21.48,70.86,67.77,29.14
2024-01-15 06:56:30,KF-L111,in_use,24.11,,31.6,70.61,69.83,26.67
2024-01-15 06:57:00,KF-L111,in_use,49.05,47.16,26.73,70.38,67.56,25.74
2024-01-15 06:57:30,KF-L111,in_use,,45.03,23.17,70.06,65.37,30.61
2024-01-15 06:58:00,KF-L111,in_use,34.13,48.35,28.56,69.82,65.25,28.05
2024-01-15 06:58:30,KF-L111,in_use,36.28,47.0,27.04,69.57,69.5,27.56
2024-01-15 06:59:00,KF-L111,in_use,36.77,47.58,31.3,69.3,66.84,25.7
2024-01-15 06:59:30,KF-L111,in_use,37.5,45.98,27.94,69.09,67.11,27.47
2024-01-15 07:00:00,KF-L111,in_use,24.03,47.32,17.88,68.76,64.97,25.56
2024-01-15 07:00:30,KF-L111,in_use,34.42,48.99,38.48,68.52,74.65,28.0
2024-01-15 07:01:00,KF-L111,in_use,28.25,47.35,29.0,68.19,70.7,25.73
2024-01-15 07:01:30,KF-L111,in_use,18.72,42.96,26.71,67.96,67.36,29.34
2024-01-15 07:02:00,KF-L111,in_use,38.36,44.63,32.16,67.76,70.21,27.86
2024-01-15 07:02:30,KF-L111,in_use,47.94,46.97,33.13,67.51,66.44,27.82
2024-01-15 07:03:00,KF-L111,in_use,36.94,46.1,,67.27,62.91,29.38
2024-01-15 07:03:30,KF-L111,in_use,40.62,46.44,20.69,66.96,63.23,29.55
2024-01-15 07:04:00,KF-L111,in_use,25.97,49.64,,66.73,65.58,29.1
2024-01-15 07:04:30,KF-L111,in_use,32.15,43.91,27.27,66.49,66.8,25.09
2024-01-15 07:05:00,KF-L111,in_use,30.45,47.64,21.71,,62.67,
2024-01-15 07:05:30,KF-L111,in_use,,47.12,24.37,65.99,66.17,25.83
2024-01-15 07:06:00,KF-L111,in_use,37.58,47.8,26.2,65.69,64.87,26.04
2024-01-15 07:06:30,KF-L111,in_use,30.44,48.52,34.66,65.31,69.46,28.85
2024-01-15 07:07:00,KF-L111,in_use,42.73,48.8,29.08,65.07,67.6,28.48
2024-01-15 07:07:30,KF-L111,in_use,30.67,46.47,23.26,,71.48,30.56
2024-01-15 07:08:00,KF-L111,in_use,40.33,47.92,26.16,64.58,70.12,27.98
2024-01-15 07:08:30,KF-L111,in_use,29.35,45.63,25.14,64.32,61.76,29.18
2024-01-15 07:09:00,KF-L111,in_use,36.99,47.0,28.1,64.07,63.88,29.41
2024-01-15 07:09:30,KF-L111,in_use,44.32,46.18,23.03,63.83,68.2,27.98
2024-01-15 07:10:00,KF-L111,in_use,43.48,51.58,30.24,63.58,69.19,27.78
2024-01-15 07:10:30,KF-L111,in_use,45.91,45.08,24.67,63.39,64.36,26.39
2024-01-15 07:11:00,KF-L111,in_use,27.46,46.12,33.67,63.11,66.54,24.3
2024-01-15 07:11:30,KF-L111,in_use,30.72,48.75,24.12,62.88,65.52,29.8
2024-01-15 07:12:00,KF-L111,in_use,21.04,48.39,33.03,62.59,67.93,26.54
2024-01-15 07:12:30,KF-L111,in_use,30.06,46.24,33.66,62.33,63.59,28.53
2024-01-15 07:13:00,KF-L111,in_use,30.79,43.89,,62.09,67.38,28.37
2024-01-15 07:13:30,KF-L111,in_use,25.51,47.15,31.05,61.83,69.13,28.47
2024-01-15 07:14:00,KF-L111,in_use,32.86,47.35,27.42,,66.56,26.31
2024-01-15 07:14:30,KF-L111,in_use,40.46,45.85,,,70.2,26.53
2024-01-15 07:15:00,KF-L111,in_use,31.16,46.26,24.1,61.04,68.13,28.56
2024-01-15 07:15:30,KF-L111,in_use,43.84,48.26,31.49,60.82,70.11,23.62
2024-01-15 07:16:00,KF-L111,in_use,32.01,49.81,26.09,60.55,65.73,30.12
2024-01-15 07:16:30,KF-L111,in_use,30.59,45.11,33.45,,67.96,30.2
2024-01-15 07:17:00,KF-L111,in_use,46.67,47.01,22.43,60.15,67.11,26.53
2024-01-15 07:17:30,KF-L111,in_use,45.67,49.61,27.6,59.89,62.45,25.16
2024-01-15 07:18:00,KF-L111,in_use,47.86,42.86,19.95,59.69,71.25,26.53
2024-01-15 07:18:30,KF-L111,in_use,37.79,45.12,26.67,59.49,67.92,28.97
2024-01-15 07:19:00,KF-L111,in_use,23.1,49.9,28.7,59.18,62.91,27.41
2024-01-15 07:19:30,KF-L111,in_use,31.76,48.83,30.37,58.94,72.42,29.18
2024-01-15 07:20:00,KF-L111,in_use,31.47,44.66,28.66,58.69,73.09,27.62
2024-01-15 07:20:30,KF-L111,in_use,22.46,42.53,23.64,58.42,69.05,24.45
2024-01-15 07:21:00,KF-L111,in_use,33.13,43.93,27.27,58.22,68.97,32.0
2024-01-15 07:21:30,KF-L111,in_use,38.82,45.42,27.78,57.97,64.6,26.11
2024-01-15 07:22:00,KF-L111,in_use,31.36,,30.44,57.79,70.86,27.14
2024-01-15 07:22:30,KF-L111,in_use,20.6,49.24,30.78,57.56,72.45,26.93
2024-01-15 07:23:00,KF-L111,in_use,36.06,47.07,25.34,57.27,60.53,27.81
2024-01-15 07:23:30,KF-L111,in_use,39.69,48.88,24.59,57.06,73.44,26.5
2024-01-15 07:24:00,KF-L111,in_use,35.38,45.41,34.28,56.85,64.05,28.18
2024-01-15 07:24:30,KF-L111,in_use,40.48,49.58,28.6,56.62,66.98,26.16
2024-01-15 07:25:00,KF-L111,in_use,45.89,45.97,34.22,56.4,69.38,30.2
2024-01-15 07:25:30,KF-L111,in_use,25.35,49.04,22.76,56.15,67.63,23.68
2024-01-15 07:26:00,KF-L111,in_use,47.35,42.04,,55.97,68.12,28.25
2024-01-15 07:26:30,KF-L111,in_use,37.93,43.27,29.63,55.77,63.95,29.28
2024-01-15 07:27:00,KF-L111,in_use,27.96,51.56,21.87,55.48,65.92,26.71
2024-01-15 07:27:30,KF-L111,in_use,35.71,46.48,31.66,55.2,69.59,26.64
2024-01-15 07:28:00,KF-L111,in_use,46.44,49.66,42.47,54.95,71.46,28.16
2024-01-15 07:28:30,KF-L111,in_use,33.22,,29.23,54.7,64.14,27.15
2024-01-15 07:29:00,KF-L111,in_use,23.03,46.1,31.52,54.48,62.81,
2024-01-15 07:29:30,KF-L111,in_use,17.23,46.22,33.87,54.2,63.83,29.86
2024-01-15 07:30:00,KF-L111,in_use,32.89,46.43,27.32,53.96,66.82,26.57
2024-01-15 07:30:30,KF-L111,in_use,27.37,47.65,26.48,53.68,66.85,26.54
2024-01-15 07:31:00,KF-L111,in_use,30.7,48.97,33.77,53.41,68.85,25.8
2024-01-15 07:31:30,KF-L111,in_use,42.64,45.98,25.12,53.11,73.09,28.43
2024-01-15 07:32:00,KF-L111,in_use,38.89,,25.19,52.84,68.81,
2024-01-15 07:32:30,KF-L111,in_use,33.55,49.37,26.92,,72.49,27.45
2024-01-15 07:33:00,KF-L111,in_use,26.06,44.97,20.71,52.34,64.04,26.04
2024-01-15 07:33:30,KF-L111,in_use,38.02,43.66,36.45,52.09,69.8,23.67
2024-01-15 07:34:00,KF-L111,in_use,47.51,48.43,26.82,51.81,69.36,26.85
2024-01-15 07:34:30,KF-L111,in_use,44.53,45.34,21.81,51.61,63.73,
2024-01-15 07:35:00,KF-L111,in_use,42.38,46.85,34.35,51.33,64.14,26.38
2024-01-15 07:35:30,KF-L111,in_use,35.6,46.21,31.48,51.07,74.78,25.2
2024-01-15 07:36:00,KF-L111,in_use,31.28,46.85,27.07,50.79,65.93,27.19
2024-01-15 07:36:30,KF-L111,in_use,51.68,,26.51,50.55,67.7,26.49
2024-01-15 07:37:00,KF-L111,in_use,52.17,46.39,31.29,50.26,66.41,29.13
2024-01-15 07:37:30,KF-L111,in_use,37.09,45.75,29.84,50.07,72.69,25.72
2024-01-15 07:38:00,KF-L111,in_use,18.12,48.71,28.57,49.81,67.26,24.93
2024-01-15 07:38:30,KF-L111,in_use,28.33,43.57,27.75,49.58,66.91,29.7
2024-01-15 07:39:00,KF-L111,in_use,33.69,,25.83,49.33,68.24,24.68
2024-01-15 07:39:30,KF-L111,in_use,30.65,42.17,21.96,49.07,69.88,25.65
2024-01-15 07:40:00,KF-L111,in_use,21.96,46.46,28.55,48.81,65.78,26.9
2024-01-15 07:40:30,KF-L111,in_use,16.85,47.89,35.42,48.53,63.61,27.33
2024-01-15 07:41:00,KF-L111,in_use,38.32,45.94,27.56,48.28,70.26,25.35
2024-01-15 07:41:30,KF-L111,in_use,39.01,43.58,32.72,48.05,68.84,26.55
2024-01-15 07:42:00,KF-L111,in_use,35.57,43.36,24.09,47.78,67.01,26.26
2024-01-15 07:42:30,KF-L111,in_use,35.11,45.91,19.24,47.55,67.44,27.47
2024-01-15 07:43:00,KF-L111,in_use,32.01,45.12,26.32,47.34,67.11,25.92
2024-01-15 07:43:30,KF-L111,in_use,31.81,46.07,30.4,47.13,70.33,27.36
2024-01-15 07:44:00,KF-L111,in_use,23.29,46.33,22.93,46.96,67.37,26.25
2024-01-15 07:44:30,KF-L111,in_use,42.44,47.07,33.9,46.7,65.68,28.9
2024-01-15 07:45:00,KF-L111,in_use,45.72,45.95,35.48,46.46,65.67,26.21
2024-01-15 07:45:30,KF-L111,in_use,28.37,47.21,,46.28,68.97,28.47
2024-01-15 07:46:00,KF-L111,in_use,46.64,46.56,28.78,46.06,72.04,24.8
2024-01-15 07:46:30,KF-L111,in_use,19.24,46.94,18.48,45.76,66.47,25.52
2024-01-15 07:47:00,KF-L111,in_use,48.37,47.74,,45.47,68.58,25.18
2024-01-15 07:47:30,KF-L111,in_use,24.75,46.52,34.73,45.23,70.57,25.02
2024-01-15 07:48:00,KF-L111,in_use,46.72,47.18,32.85,44.96,67.3,29.76
2024-01-15 07:48:30,KF-L111,in_use,32.87,42.27,27.27,44.68,67.51,28.84
2024-01-15 07:49:00,KF-L111,in_use,20.15,49.17,30.22,44.46,69.28,24.58
2024-01-15 07:49:30,KF-L111,in_use,35.45,47.19,27.07,44.24,69.82,28.56
2024-01-15 07:50:00,KF-L111,in_use,46.29,45.13,29.22,43.97,64.36,27.82
2024-01-15 07:50:30,KF-L111,in_use,37.94,44.76,25.44,43.74,62.7,26.21
2024-01-15 07:51:00,KF-L111,in_use,36.72,45.3,26.62,43.46,76.08,26.06
2024-01-15 07:51:30,KF-L111,in_use,35.12,45.64,29.51,43.22,69.4,
2024-01-15 07:52:00,KF-L111,in_use,15.34,48.15,39.0,42.95,65.21,26.78
2024-01-15 07:52:30,KF-L111,in_use,35.04,47.19,31.77,42.7,,24.53
2024-01-15 07:53:00,KF-L111,in_use,32.65,48.11,26.04,42.49,65.82,23.62
2024-01-15 07:53:30,KF-L111,in_use,38.97,,26.43,42.2,66.8,31.1
2024-01-15 07:54:00,KF-L111,in_use,34.85,46.31,27.59,41.88,70.47,25.11
2024-01-15 07:54:30,KF-L111,in_use,45.69,46.87,36.29,41.59,71.83,27.72
2024-01-15 07:55:00,KF-L111,in_use,30.24,44.57,34.34,41.39,68.27,25.67
2024-01-15 07:55:30,KF-L111,in_use,35.78,42.28,29.79,41.15,62.88,28.44
2024-01-15 07:56:00,KF-L111,in_use,26.33,50.3,24.64,40.89,67.95,28.68
2024-01-15 07:56:30,KF-L111,in_use,34.05,43.03,31.07,40.58,70.24,21.96
2024-01-15 07:57:00,KF-L111,in_use,48.37,48.78,30.17,40.21,67.83,27.42
2024-01-15 07:57:30,KF-L111,in_use,39.57,44.53,27.97,39.99,65.4,27.29
2024-01-15 07:58:00,KF-L111,in_use,42.34,47.78,24.6,39.72,70.57,25.83
2024-01-15 07:58:30,KF-L111,in_use,20.92,45.98,18.56,39.58,68.86,26.68
2024-01-15 07:59:00,KF-L111,in_use,20.84,44.73,26.97,39.35,68.51,28.07
2024-01-15 07:59:30,KF-L111,in_use,36.0,44.83,31.23,39.14,66.75,28.18
2024-01-15 08:00:00,KF-L111,in_use,32.17,40.55,16.3,38.9,67.95,25.84
2024-01-15 08:00:30,KF-L111,in_use,43.03,47.76,29.2,38.7,72.1,26.05
2024-01-15 08:01:00,KF-L111,in_use,34.38,48.4,29.63,38.42,68.86,27.48
2024-01-15 08:01:30,KF-L111,in_use,40.26,46.87,28.35,38.18,69.49,26.14
2024-01-15 08:02:00,KF-L111,in_use,36.31,46.23,29.83,37.9,66.71,26.99
2024-01-15 08:02:30,KF-L111,in_use,37.61,45.25,31.23,,73.99,27.94
2024-01-15 08:03:00,KF-L111,in_use,30.55,47.28,26.02,37.38,71.73,24.47
2024-01-15 08:03:30,KF-L111,in_use,31.69,44.59,,37.15,60.62,22.68
2024-01-15 08:04:00,KF-L111,in_use,40.01,47.93,,36.91,66.43,24.08
2024-01-15 08:04:30,KF-L111,in_use,33.04,45.83,25.35,36.66,64.79,27.14
2024-01-15 08:05:00,KF-L111,in_use,49.46,46.36,20.23,36.44,66.74,27.75
2024-01-15 08:05:30,KF-L111,in_use,34.29,43.62,26.12,,64.43,
2024-01-15 08:06:00,KF-L111,in_use,31.29,49.09,29.92,35.99,,26.95
2024-01-15 08:06:30,KF-L111,in_use,22.22,,33.14,35.82,,28.89
2024-01-15 08:07:00,KF-L111,in_use,29.15,49.02,24.64,35.54,72.42,26.24
2024-01-15 08:07:30,KF-L111,in_use,37.0,48.35,19.82,35.33,65.2,29.59
2024-01-15 08:08:00,KF-L111,in_use,,47.34,17.19,,66.79,25.78
2024-01-15 08:08:30,KF-L111,in_use,31.42,47.85,26.97,34.85,69.17,
2024-01-15 08:09:00,KF-L111,in_use,25.47,47.61,29.76,34.65,,24.36
2024-01-15 08:09:30,KF-L111,in_use,49.35,49.39,42.38,34.41,69.27,30.56
2024-01-15 08:10:00,KF-L111,in_use,39.04,43.83,21.22,34.16,71.48,27.37
2024-01-15 08:10:30,KF-L111,in_use,32.48,46.05,34.81,33.91,66.26,28.67
2024-01-15 08:11:00,KF-L111,in_use,30.81,46.87,18.83,33.68,67.5,28.39
2024-01-15 08:11:30,KF-L111,in_use,,46.12,23.57,33.37,72.54,27.29
2024-01-15 08:12:00,KF-L111,in_use,46.08,46.8,37.46,33.08,67.19,30.07
2024-01-15 08:12:30,KF-L111,in_use,42.32,48.52,22.42,32.83,73.87,29.77
2024-01-15 08:13:00,KF-L111,in_use,54.1,44.9,30.92,32.57,62.92,29.12
2024-01-15 08:13:30,KF-L111,in_use,39.14,46.58,24.06,32.3,61.16,29.21
2024-01-15 08:14:00,KF-L111,in_use,36.04,47.18,30.4,31.98,64.53,28.52
2024-01-15 08:14:30,KF-L111,in_use,43.88,50.2,26.32,31.72,67.72,25.67
2024-01-15 08:15:00,KF-L111,in_use,33.71,49.26,26.84,31.46,65.0,27.94
2024-01-15 08:15:30,KF-L111,in_use,37.63,47.75,29.54,31.18,70.58,30.12
2024-01-15 08:16:00,KF-L111,in_use,38.37,42.56,32.46,30.83,69.67,
2024-01-15 08:16:30,KF-L111,in_use,50.03,47.8,25.09,30.63,73.04,28.68
2024-01-15 08:17:00,KF-L111,in_use,19.41,45.75,24.48,30.35,63.7,27.84
2024-01-15 08:17:30,KF-L111,in_use,21.19,45.86,29.59,30.1,64.53,28.61
2024-01-15 08:18:00,KF-L111,in_use,47.71,44.44,28.8,29.78,70.32,26.87
2024-01-15 08:18:30,KF-L111,in_use,39.21,45.86,24.32,,65.8,27.52
2024-01-15 08:19:00,KF-L111,in_use,29.03,45.17,32.75,29.31,73.09,25.07
2024-01-15 08:19:30,KF-L111,in_use,24.45,44.7,26.32,29.07,68.21,29.99
2024-01-15 08:20:00,KF-L111,in_use,,46.69,26.51,28.79,66.71,26.27
2024-01-15 08:20:30,KF-L111,in_use,24.41,46.65,21.03,28.52,67.23,28.71
2024-01-15 08:21:00,KF-L111,in_use,42.77,45.85,15.86,28.23,70.02,24.98
2024-01-15 08:21:30,KF-L111,in_use,24.16,45.86,26.35,27.93,66.17,23.96
2024-01-15 08:22:00,KF-L111,in_use,28.78,47.89,28.42,27.76,68.57,27.76
2024-01-15 08:22:30,KF-L111,in_use,38.52,,15.2,27.48,67.02,26.95
2024-01-15 08:23:00,KF-L111,in_use,47.3,46.0,17.09,27.3,67.23,27.2
2024-01-15 08:23:30,KF-L111,in_use,33.34,46.29,21.27,26.98,64.57,26.62
2024-01-15 08:24:00,KF-L111,in_use,21.39,46.97,25.8,26.72,71.41,27.9
2024-01-15 08:24:30,KF-L111,in_use,59.32,49.14,34.79,26.48,64.01,29.68
2024-01-15 08:25:00,KF-L111,in_use,22.77,45.34,15.71,26.19,66.92,25.97
2024-01-15 08:25:30,KF-L111,in_use,34.44,48.48,34.38,25.9,65.71,27.59
2024-01-15 08:26:00,KF-L111,in_use,37.54,50.4,28.6,25.69,,29.19
2024-01-15 08:26:30,KF-L111,in_use,34.17,46.27,35.68,25.44,64.69,26.48
2024-01-15 08:27:00,KF-L111,in_use,31.11,50.98,26.72,25.17,74.22,27.83
2024-01-15 08:27:30,KF-L111,in_use,49.52,45.54,32.35,24.9,68.01,27.65
2024-01-15 08:28:00,KF-L111,in_use,30.24,47.43,33.83,24.61,68.04,25.64
2024-01-15 08:28:30,KF-L111,in_use,35.54,47.03,32.88,24.32,69.93,26.39
2024-01-15 08:29:00,KF-L111,in_use,31.53,43.78,30.55,24.08,66.08,27.22
2024-01-15 08:29:30,KF-L111,in_use,35.23,44.73,25.16,,68.52,
2024-01-15 08:30:00,KF-L111,in_use,34.94,43.85,34.82,23.59,65.35,29.66
2024-01-15 08:30:30,KF-L111,in_use,19.5,47.49,30.08,23.29,68.07,24.16
2024-01-15 08:31:00,KF-L111,in_use,33.48,45.23,34.61,23.11,70.16,28.05
2024-01-15 08:31:30,KF-L111,in_use,31.34,45.11,28.08,22.86,68.24,26.64
2024-01-15 08:32:00,KF-L111,in_use,33.71,48.35,34.5,22.69,70.56,27.56
2024-01-15 08:32:30,KF-L111,in_use,26.52,,,22.48,66.87,21.4
2024-01-15 08:33:00,KF-L111,in_use,36.52,45.3,28.75,22.19,68.03,25.33
2024-01-15 08:33:30,KF-L111,in_use,,45.97,29.59,21.89,71.94,27.94
2024-01-15 08:34:00,KF-L111,in_use,27.55,47.69,27.49,21.63,72.93,28.14
2024-01-15 08:34:30,KF-L111,in_use,47.25,46.41,26.9,21.37,71.96,27.78
2024-01-15 08:35:00,KF-L111,in_use,41.7,45.8,27.77,21.06,73.74,29.52
2024-01-15 08:35:30,KF-L111,in_use,30.13,47.87,28.27,20.89,67.34,26.14
2024-01-15 08:36:00,KF-L111,in_use,33.73,44.36,24.32,20.62,64.95,21.86
2024-01-15 08:36:30,KF-L111,in_use,54.21,42.93,20.33,20.33,63.54,26.16
2024-01-15 08:37:00,KF-L111,in_use,24.27,47.87,24.73,20.17,68.54,24.23
2024-01-15 08:37:30,KF-L111,in_use,26.91,46.84,29.08,19.98,66.87,25.36
2024-01-15 08:38:00,KF-L111,in_use,,48.54,22.24,19.76,64.72,23.22
2024-01-15 08:38:30,KF-L111,in_use,41.53,,27.16,19.45,67.35,27.54
2024-01-15 08:39:00,KF-L111,in_use,47.62,43.97,31.56,19.18,68.03,26.44
2024-01-15 08:39:30,KF-L111,in_use,36.14,47.39,25.62,18.93,71.61,29.07
2024-01-15 08:40:00,KF-L111,in_use,26.01,46.29,,18.65,70.33,27.67
2024-01-15 08:40:30,KF-L111,in_use,24.25,45.63,27.26,18.38,68.16,28.05
2024-01-15 08:41:00,KF-L111,in_use,20.79,48.45,38.31,18.15,71.5,28.01
2024-01-15 08:41:30,KF-L111,in_use,31.11,45.55,28.38,17.88,64.99,26.26
2024-01-15 08:42:00,KF-L111,in_use,42.14,47.85,24.32,17.63,70.2,29.46
2024-01-15 08:42:30,KF-L111,in_use,35.73,41.21,31.06,17.34,66.53,31.0
2024-01-15 08:43:00,KF-L111,in_use,45.45,48.61,33.08,17.13,68.83,28.66
2024-01-15 08:43:30,KF-L111,in_use,21.73,45.46,33.54,16.95,64.13,
2024-01-15 08:44:00,KF-L111,in_use,28.57,47.08,21.99,16.72,72.29,23.42
2024-01-15 08:44:30,KF-L111,in_use,39.73,48.12,25.56,16.44,72.52,27.11
2024-01-15 08:45:00,KF-L111,in_use,34.69,45.06,32.01,16.12,66.12,27.16
2024-01-15 08:45:30,KF-L111,in_use,43.28,45.77,26.76,15.95,68.54,28.8
2024-01-15 08:46:00,KF-L111,in_use,42.75,42.98,34.47,15.59,72.46,25.64
2024-01-15 08:46:30,KF-L111,in_use,39.72,46.67,22.38,15.33,70.89,26.91
2024-01-15 08:47:00,KF-L111,in_use,37.46,44.07,,15.03,65.96,25.33
2024-01-15 08:47:30,KF-L111,in_use,33.87,47.25,28.94,,67.87,25.84
2024-01-15 08:48:00,KF-L111,in_use,44.58,46.83,22.03,14.57,68.43,
2024-01-15 08:48:30,KF-L111,in_use,35.33,44.57,21.52,14.33,72.52,28.18
2024-01-15 08:49:00,KF-L111,in_use,40.16,49.13,27.35,14.07,68.12,23.14
2024-01-15 08:49:30,KF-L111,in_use,36.59,44.77,29.28,13.8,64.96,29.21
2024-01-15 08:50:00,KF-L111,in_use,42.53,47.66,19.48,13.53,69.89,
2024-01-15 08:50:30,KF-L111,in_use,24.29,46.77,26.89,13.26,65.42,27.45
2024-01-15 08:51:00,KF-L111,in_use,43.0,48.25,28.59,13.03,62.28,28.18
2024-01-15 08:51:30,KF-L111,in_use,39.21,43.79,30.17,12.85,66.28,29.15
2024-01-15 08:52:00,KF-L111,in_use,27.64,46.81,23.32,12.58,65.2,
2024-01-15 08:52:30,KF-L111,in_use,37.31,46.28,17.76,12.38,67.93,29.91
2024-01-15 08:53:00,KF-L111,in_use,27.26,47.2,26.35,12.13,72.03,28.46
2024-01-15 08:53:30,KF-L111,in_use,41.79,45.84,25.5,11.92,65.25,28.56
2024-01-15 08:54:00,KF-L111,in_use,34.26,46.15,25.0,11.61,70.96,28.73
2024-01-15 08:54:30,KF-L111,in_use,45.61,45.77,32.07,11.32,63.87,29.48
2024-01-15 08:55:00,KF-L111,in_use,43.44,44.55,29.88,11.05,64.86,24.47
2024-01-15 08:55:30,KF-L111,in_use,38.59,47.57,26.48,10.72,65.04,24.5
2024-01-15 08:56:00,KF-L111,in_use,30.52,49.47,24.23,10.47,69.37,26.27
2024-01-15 08:56:30,KF-L111,in_use,24.63,50.68,27.43,10.22,67.06,26.37
2024-01-15 08:57:00,KF-L111,in_use,32.04,44.37,19.43,9.97,69.04,28.3
2024-01-15 08:57:30,KF-L111,in_use,32.43,47.21,34.33,9.73,70.28,26.98
2024-01-15 08:58:00,KF-L111,in_use,36.26,47.44,25.44,9.44,68.04,27.03
2024-01-15 08:58:30,KF-L111,in_use,34.79,46.4,26.3,9.12,62.07,27.4
2024-01-15 08:59:00,KF-L111,in_use,21.71,44.84,18.15,8.85,73.94,28.74
2024-01-15 08:59:30,KF-L111,in_use,35.79,45.57,23.11,8.58,62.29,27.92
2024-01-15 09:00:00,KF-L111,in_use,36.67,47.43,30.07,,68.34,25.48
2024-01-15 09:00:30,KF-L111,in_use,36.69,47.81,26.12,8.06,69.69,28.27
2024-01-15 09:01:00,KF-L111,in_use,43.07,44.94,22.43,7.77,73.33,30.57
2024-01-15 09:01:30,KF-L111,in_use,34.25,48.22,30.24,7.57,69.37,23.43
2024-01-15 09:02:00,KF-L111,in_use,41.19,44.64,31.27,7.33,67.03,27.75
2024-01-15 09:02:30,KF-L111,in_use,41.5,47.14,,7.08,68.65,
2024-01-15 09:03:00,KF-L111,in_use,25.46,46.61,26.74,6.84,71.0,25.48
2024-01-15 09:03:30,KF-L111,in_use,22.04,46.91,32.41,6.59,71.22,28.25
2024-01-15 09:04:00,KF-L111,in_use,35.71,48.39,34.01,6.37,71.79,24.7
2024-01-15 09:04:30,KF-L111,in_use,22.62,48.26,34.63,6.13,,25.87
2024-01-15 09:05:00,KF-L111,in_use,32.13,46.6,35.62,,70.85,25.95
2024-01-15 09:05:30,KF-L111,in_use,30.68,47.1,31.53,5.58,69.42,27.79
2024-01-15 09:06:00,KF-L111,in_use,,44.81,22.5,5.28,70.28,26.18
2024-01-15 09:06:30,KF-L111,in_use,27.81,45.11,28.95,4.95,69.55,28.9
2024-01-15 09:07:00,KF-L111,in_use,37.08,46.44,20.72,4.7,65.56,30.04
2024-01-15 09:07:30,KF-L111,in_use,34.34,42.78,31.68,4.4,68.47,32.19
2024-01-15 09:08:00,KF-L111,in_use,29.41,42.26,24.67,,70.03,22.92
2024-01-15 09:08:30,KF-L111,in_use,42.47,47.27,24.25,3.94,72.35,26.11
2024-01-15 09:09:00,KF-L111,in_use,34.8,44.37,31.39,3.73,69.57,
2024-01-15 09:09:30,KF-L111,in_use,,46.3,31.88,3.52,65.89,31.3
2024-01-15 09:10:00,KF-L111,in_use,46.54,47.61,28.28,3.2,63.69,21.86
2024-01-15 09:10:30,KF-L111,in_use,49.9,45.96,24.98,2.92,67.07,27.64
2024-01-15 09:11:00,KF-L111,in_use,25.81,50.43,29.48,,66.36,
2024-01-15 09:11:30,KF-L111,in_use,35.68,45.21,27.64,2.4,,28.14
2024-01-15 09:12:00,KF-L111,in_use,33.87,44.62,32.95,2.18,66.54,25.74
2024-01-15 09:12:30,KF-L111,in_use,33.89,,25.7,2.01,,26.47
2024-01-15 09:13:00,KF-L111,in_use,31.88,48.87,29.19,1.76,65.56,26.4
2024-01-15 09:13:30,KF-L111,in_use,35.68,47.96,28.45,1.54,72.03,27.69
2024-01-15 09:14:00,KF-L111,in_use,27.64,47.49,31.25,,68.22,23.81
2024-01-15 09:14:30,KF-L111,in_use,37.18,48.72,23.83,0.93,73.82,
2024-01-15 09:15:00,KF-L111,in_use,21.26,45.59,,0.69,70.84,24.64
2024-01-15 09:15:30,KF-L111,in_use,37.14,47.95,26.24,0.45,67.46,27.35
2024-01-15 09:16:00,KF-L111,in_use,28.61,44.65,23.3,0.17,65.87,25.43
2024-01-15 09:16:30,KF-L111,in_use,32.52,47.97,26.82,0.0,67.48,26.55
2024-01-15 09:17:00,KF-L111,in_use,27.78,,34.31,0.0,68.15,26.52
2024-01-15 09:17:30,KF-L111,in_use,33.27,44.36,26.64,0.0,70.44,28.12
2024-01-15 09:18:00,KF-L111,in_use,35.98,46.51,36.34,0.0,68.97,29.32
2024-01-15 09:18:30,KF-L111,in_use,20.92,51.52,12.82,0.0,67.5,26.41
2024-01-15 09:19:00,KF-L111,in_use,38.61,45.26,33.72,0.0,63.97,27.1
2024-01-15 09:19:30,KF-L111,in_use,,46.96,25.49,0.0,64.61,27.12
2024-01-15 09:20:00,KF-L111,in_use,27.79,42.72,35.24,0.0,70.73,
2024-01-15 09:20:30,KF-L111,in_use,33.94,47.17,26.32,0.0,69.3,29.34
2024-01-15 09:21:00,KF-L111,in_use,37.91,45.8,31.06,0.0,68.62,29.35
2024-01-15 09:21:30,KF-L111,in_use,43.01,44.26,26.73,0.0,74.95,26.62
2024-01-15 09:22:00,KF-L111,in_use,40.86,46.02,31.48,0.0,67.08,27.85
2024-01-15 09:22:30,KF-L111,in_use,17.21,45.15,27.52,0.0,66.64,29.06
2024-01-15 09:23:00,KF-L111,in_use,28.03,48.23,26.7,0.0,68.66,25.76
2024-01-15 09:23:30,KF-L111,in_use,38.66,47.7,25.41,,65.41,25.58
2024-01-15 09:24:00,KF-L111,in_use,31.05,44.3,27.63,0.0,71.4,27.17
2024-01-15 09:24:30,KF-L111,in_use,32.34,45.69,16.25,0.0,66.23,
2024-01-15 09:25:00,KF-L111,in_use,44.19,48.78,26.72,0.0,71.15,26.77
2024-01-15 09:25:30,KF-L111,in_use,23.13,46.33,31.44,0.0,69.23,26.17
2024-01-15 09:26:00,KF-L111,in_use,51.94,45.33,25.2,0.0,70.5,29.38
2024-01-15 09:26:30,KF-L111,in_use,25.09,44.43,32.02,0.0,70.69,25.02
2024-01-15 09:27:00,KF-L111,in_use,30.2,46.91,27.5,0.0,68.11,26.35
2024-01-15 09:27:30,KF-L111,in_use,38.51,48.72,31.58,0.0,61.31,25.36
2024-01-15 09:28:00,KF-L111,in_use,34.86,,28.76,0.0,72.72,28.63
2024-01-15 09:28:30,KF-L111,in_use,30.56,46.32,27.19,0.0,60.64,26.97
2024-01-15 09:29:00,KF-L111,in_use,37.76,45.81,27.82,0.0,67.91,27.05
2024-01-15 09:29:30,KF-L111,in_use,39.74,,20.61,0.0,,25.25
2024-01-15 09:30:00,KF-L111,in_use,43.98,44.76,28.4,0.0,,25.1
2024-01-15 09:30:30,KF-L111,in_use,,43.76,31.17,0.0,66.67,24.58
2024-01-15 09:31:00,KF-L111,in_use,36.22,46.85,20.74,0.0,,23.45
2024-01-15 09:31:30,KF-L111,in_use,20.01,47.76,25.78,0.0,64.1,26.14
2024-01-15 09:32:00,KF-L111,in_use,47.31,44.67,34.18,0.0,,27.48
2024-01-15 09:32:30,KF-L111,in_use,20.12,44.45,30.05,0.0,65.55,33.17
2024-01-15 09:33:00,KF-L111,in_use,20.39,44.47,15.93,0.0,66.41,26.48
2024-01-15 09:33:30,KF-L111,in_use,39.12,46.98,35.72,0.0,61.71,28.06
2024-01-15 09:34:00,KF-L111,in_use,38.35,46.74,38.33,0.0,70.58,27.85
2024-01-15 09:34:30,KF-L111,in_use,,45.23,31.35,,64.32,30.32
2024-01-15 09:35:00,KF-L111,in_use,39.57,49.23,34.29,0.0,69.48,25.56
2024-01-15 09:35:30,KF-L111,in_use,32.84,47.88,25.11,0.0,,28.04
2024-01-15 09:36:00,KF-L111,in_use,31.45,45.95,24.63,0.0,65.95,
2024-01-15 09:36:30,KF-L111,in_use,,41.8,23.74,0.0,66.44,30.06
2024-01-15 09:37:00,KF-L111,in_use,41.59,49.2,29.67,0.0,65.98,27.1
2024-01-15 09:37:30,KF-L111,in_use,24.79,46.69,26.35,0.0,66.82,25.16
2024-01-15 09:38:00,KF-L111,in_use,38.96,47.56,27.82,0.0,69.42,26.25
2024-01-15 09:38:30,KF-L111,in_use,42.36,49.57,33.9,,64.73,25.67
2024-01-15 09:39:00,KF-L111,in_use,34.0,45.99,30.34,0.0,69.39,29.49
2024-01-15 09:39:30,KF-L111,in_use,33.73,47.74,35.83,0.0,62.27,
2024-01-15 09:40:00,KF-L111,in_use,42.71,45.55,28.58,0.0,65.83,26.52
2024-01-15 09:40:30,KF-L111,in_use,,48.06,25.53,,74.73,26.83
2024-01-15 09:41:00,KF-L111,in_use,23.72,49.0,,0.0,65.05,28.0
2024-01-15 09:41:30,KF-L111,in_use,38.18,42.51,31.5,0.0,67.89,31.32
2024-01-15 09:42:00,KF-L111,in_use,50.09,47.0,21.09,0.0,66.11,25.56
2024-01-15 09:42:30,KF-L111,in_use,50.76,46.97,16.9,0.0,69.87,26.85
2024-01-15 09:43:00,KF-L111,in_use,42.22,48.4,24.43,0.0,67.53,25.2
2024-01-15 09:43:30,KF-L111,in_use,45.15,44.86,22.9,0.0,67.13,27.82
2024-01-15 09:44:00,KF-L111,in_use,30.59,45.98,28.92,0.0,67.62,23.95
2024-01-15 09:44:30,KF-L111,in_use,25.91,42.38,32.38,0.0,71.04,24.0
2024-01-15 09:45:00,KF-L111,in_use,33.35,46.37,33.84,0.0,71.95,26.93
2024-01-15 09:45:30,KF-L111,in_use,20.09,48.55,27.05,0.0,68.38,23.79
2024-01-15 09:46:00,KF-L111,in_use,38.13,47.4,30.15,0.0,68.25,26.09
2024-01-15 09:46:30,KF-L111,in_use,23.89,45.63,31.89,0.0,69.59,25.97
2024-01-15 09:47:00,KF-L111,in_use,35.55,49.17,33.28,0.0,68.27,28.04
2024-01-15 09:47:30,KF-L111,in_use,21.37,47.1,28.67,0.0,68.22,26.86
2024-01-15 09:48:00,KF-L111,in_use,26.26,43.92,26.63,0.0,71.17,27.88
2024-01-15 09:48:30,KF-L111,in_use,30.45,46.56,34.33,0.0,64.04,27.78
2024-01-15 09:49:00,KF-L111,in_use,29.42,47.44,39.42,0.0,62.42,31.78
2024-01-15 09:49:30,KF-L111,in_use,39.56,47.54,22.85,0.0,,26.84
2024-01-15 09:50:00,KF-L111,in_use,40.06,,26.18,0.0,,27.12
2024-01-15 09:50:30,KF-L111,in_use,52.07,46.64,37.39,0.0,64.97,28.68
2024-01-15 09:51:00,KF-L111,in_use,26.82,45.16,31.23,0.0,70.91,28.34
2024-01-15 09:51:30,KF-L111,in_use,39.11,45.08,30.62,0.0,65.62,29.51
2024-01-15 09:52:00,KF-L111,in_use,25.46,45.38,28.62,0.0,66.97,27.06
2024-01-15 09:52:30,KF-L111,in_use,43.84,45.57,33.84,0.0,72.15,28.39
2024-01-15 09:53:00,KF-L111,in_use,43.35,45.88,31.47,,67.94,
2024-01-15 09:53:30,KF-L111,in_use,42.09,47.82,20.55,0.0,66.76,27.91
2024-01-15 09:54:00,KF-L111,in_use,14.08,46.23,23.47,0.0,68.17,
2024-01-15 09:54:30,KF-L111,in_use,48.58,47.87,27.83,0.0,67.81,24.71
2024-01-15 09:55:00,KF-L111,in_use,39.4,49.07,37.38,0.0,71.02,27.0
2024-01-15 09:55:30,KF-L111,in_use,50.04,43.55,27.18,0.0,69.78,31.64
2024-01-15 09:56:00,KF-L111,in_use,47.22,42.75,26.07,0.0,71.66,28.03
2024-01-15 09:56:30,KF-L111,in_use,31.18,46.84,30.78,0.0,76.05,25.06
2024-01-15 09:57:00,KF-L111,in_use,31.16,43.06,30.96,0.0,70.15,27.26
2024-01-15 09:57:30,KF-L111,in_use,28.3,45.18,32.42,0.0,63.95,31.7
2024-01-15 09:58:00,KF-L111,in_use,38.15,47.53,30.5,0.0,67.11,29.91
2024-01-15 09:58:30,KF-L111,in_use,45.03,47.14,25.96,0.0,,
2024-01-15 09:59:00,KF-L111,in_use,30.19,46.34,37.18,0.0,69.39,
2024-01-15 09:59:30,KF-L111,in_use,39.81,46.24,36.31,0.0,66.71,28.95
2024-01-15 10:00:00,KF-L111,in_use,38.42,47.8,19.99,0.0,75.66,28.29
2024-01-15 10:00:30,KF-L111,in_use,25.52,47.13,27.94,0.0,71.16,27.33
2024-01-15 10:01:00,KF-L111,in_use,25.85,47.94,26.26,,68.08,25.96
2024-01-15 10:01:30,KF-L111,in_use,17.11,47.67,27.56,0.0,66.99,28.21
2024-01-15 10:02:00,KF-L111,in_use,30.75,47.29,29.9,0.0,70.61,26.05
2024-01-15 10:02:30,KF-L111,in_use,36.88,48.7,32.67,0.0,69.62,28.48
2024-01-15 10:03:00,KF-L111,in_use,33.37,46.99,32.96,0.0,68.85,26.03
2024-01-15 10:03:30,KF-L111,in_use,35.78,48.91,30.75,0.0,66.5,26.26
2024-01-15 10:04:00,KF-L111,in_use,38.26,44.26,25.03,,67.67,26.0
2024-01-15 10:04:30,KF-L111,in_use,49.16,43.63,21.98,,65.72,30.3
2024-01-15 10:05:00,KF-L111,in_use,,46.05,31.1,0.0,67.08,28.06
2024-01-15 10:05:30,KF-L111,in_use,34.67,46.96,30.34,0.0,67.12,26.08
2024-01-15 10:06:00,KF-L111,in_use,26.79,49.12,34.85,0.0,67.49,27.36
2024-01-15 10:06:30,KF-L111,in_use,34.76,53.39,19.19,0.0,,
2024-01-15 10:07:00,KF-L111,in_use,34.73,47.64,25.09,0.0,70.22,25.85
2024-01-15 10:07:30,KF-L111,in_use,48.19,43.32,25.56,0.0,66.95,29.56
2024-01-15 10:08:00,KF-L111,in_use,41.36,47.64,25.37,0.0,62.11,28.76
2024-01-15 10:08:30,KF-L111,in_use,34.38,49.18,26.48,0.0,67.24,23.85
2024-01-15 10:09:00,KF-L111,in_use,34.7,47.04,28.2,0.0,66.02,29.73
2024-01-15 10:09:30,KF-L111,in_use,30.28,44.41,23.22,0.0,69.62,28.17
2024-01-15 10:10:00,KF-L111,in_use,30.12,50.95,23.76,,66.02,26.34
2024-01-15 10:10:30,KF-L111,in_use,22.69,46.28,26.64,0.0,67.22,28.84
2024-01-15 10:11:00,KF-L111,in_use,51.1,47.18,29.21,0.0,68.16,23.77
2024-01-15 10:11:30,KF-L111,in_use,44.08,47.87,,0.0,67.59,26.28
2024-01-15 10:12:00,KF-L111,in_use,29.09,48.56,29.27,0.0,67.67,28.82
2024-01-15 10:12:30,KF-L111,in_use,43.17,46.66,25.44,0.0,70.61,28.06
2024-01-15 10:13:00,KF-L111,in_use,23.72,46.52,34.36,0.0,67.23,29.3
2024-01-15 10:13:30,KF-L111,in_use,42.08,,35.29,0.0,67.78,
2024-01-15 10:14:00,KF-L111,in_use,40.36,47.41,34.17,0.0,68.88,25.94
2024-01-15 10:14:30,KF-L111,in_use,36.06,46.43,28.27,0.0,,22.21
2024-01-15 10:15:00,KF-L111,in_use,29.1,44.46,16.23,0.0,64.34,30.05
2024-01-15 10:15:30,KF-L111,in_use,41.37,44.65,26.75,0.0,69.43,25.41
2024-01-15 10:16:00,KF-L111,in_use,40.84,47.4,25.09,0.0,63.06,27.32
2024-01-15 10:16:30,KF-L111,in_use,42.38,45.39,20.84,0.0,70.99,23.73
2024-01-15 10:17:00,KF-L111,in_use,27.84,,28.68,0.0,59.66,24.51
2024-01-15 10:17:30,KF-L111,in_use,38.45,48.03,33.47,0.0,65.74,25.28
2024-01-15 10:18:00,KF-L111,in_use,43.37,47.8,34.35,0.0,67.28,23.02
2024-01-15 10:18:30,KF-L111,in_use,29.98,48.02,31.09,0.0,71.4,24.43
2024-01-15 10:19:00,KF-L111,in_use,39.29,41.71,38.08,0.0,70.45,26.29
2024-01-15 10:19:30,KF-L111,in_use,,48.31,30.73,0.0,63.79,25.95
2024-01-15 10:20:00,KF-L111,in_use,26.46,45.74,26.16,0.0,68.56,27.63
2024-01-15 10:20:30,KF-L111,in_use,30.61,47.64,29.53,0.0,66.01,24.17
2024-01-15 10:21:00,KF-L111,in_use,49.16,45.83,26.29,0.0,66.13,26.7
2024-01-15 10:21:30,KF-L111,in_use,18.92,47.74,35.04,0.0,68.59,29.99
2024-01-15 10:22:00,KF-L111,in_use,,44.79,22.17,0.0,71.08,26.11
2024-01-15 10:22:30,KF-L111,in_use,33.26,48.14,26.24,,64.1,26.79
2024-01-15 10:23:00,KF-L111,in_use,40.96,45.8,34.28,0.0,68.55,30.22
2024-01-15 10:23:30,KF-L111,in_use,24.3,45.13,32.08,0.0,66.01,26.27
2024-01-15 10:24:00,KF-L111,in_use,45.08,43.71,24.86,0.0,67.53,23.4
2024-01-15 10:24:30,KF-L111,in_use,39.15,46.52,29.96,0.0,66.14,28.54
2024-01-15 10:25:00,KF-L111,in_use,36.24,46.39,25.2,0.0,,30.12
2024-01-15 10:25:30,KF-L111,in_use,32.38,,29.2,0.0,,24.49
2024-01-15 10:26:00,KF-L111,in_use,27.8,47.3,38.63,0.0,65.01,23.07
2024-01-15 10:26:30,KF-L111,in_use,39.54,46.1,25.75,0.0,65.86,27.13
2024-01-15 10:27:00,KF-L111,in_use,27.16,48.18,30.37,0.0,66.02,24.35
2024-01-15 10:27:30,KF-L111,in_use,40.46,47.94,32.07,0.0,65.37,28.76
2024-01-15 10:28:00,KF-L111,in_use,41.07,44.63,27.94,0.0,66.68,26.97
2024-01-15 10:28:30,KF-L111,in_use,43.32,49.75,23.99,0.0,70.25,23.5
2024-01-15 10:29:00,KF-L111,in_use,30.77,46.77,32.61,0.0,68.05,25.76
2024-01-15 10:29:30,KF-L111,in_use,,45.86,21.88,0.0,68.43,27.56
2024-01-15 10:30:00,KF-L111,in_use,35.51,45.4,26.04,0.0,63.3,30.3
2024-01-15 10:30:30,KF-L111,in_use,30.59,49.17,31.24,,68.12,24.91
2024-01-15 10:31:00,KF-L111,in_use,37.98,49.55,24.22,0.0,65.15,27.84
2024-01-15 10:31:30,KF-L111,in_use,24.65,45.01,33.7,0.0,71.0,22.8
2024-01-15 10:32:00,KF-L111,in_use,36.66,46.49,29.58,0.0,68.53,28.88
2024-01-15 10:32:30,KF-L111,in_use,17.61,47.72,37.82,0.0,,26.48
2024-01-15 10:33:00,KF-L111,in_use,35.4,48.89,30.1,0.0,69.3,28.91
2024-01-15 10:33:30,KF-L111,in_use,37.53,43.05,32.82,0.0,64.75,27.9
2024-01-15 10:34:00,KF-L111,in_use,43.9,42.57,29.48,0.0,,23.48
2024-01-15 10:34:30,KF-L111,in_use,32.03,45.89,32.94,0.0,64.56,28.18
2024-01-15 10:35:00,KF-L111,in_use,39.0,45.85,36.55,0.0,65.35,27.28
2024-01-15 10:35:30,KF-L111,in_use,37.92,45.9,23.76,0.0,68.3,27.05
2024-01-15 10:36:00,KF-L111,in_use,36.0,47.04,26.11,0.0,68.48,30.79
2024-01-15 10:36:30,KF-L111,in_use,36.1,46.66,33.83,0.0,68.41,25.65
2024-01-15 10:37:00,KF-L111,in_use,40.01,44.48,32.03,0.0,74.11,28.91
2024-01-15 10:37:30,KF-L111,in_use,40.26,44.85,28.36,0.0,71.49,28.63
2024-01-15 10:38:00,KF-L111,in_use,32.52,47.9,30.54,,72.4,25.91
2024-01-15 10:38:30,KF-L111,in_use,36.25,47.48,30.88,0.0,65.81,28.15
2024-01-15 10:39:00,KF-L111,in_use,33.38,46.82,26.71,0.0,65.3,27.93
2024-01-15 10:39:30,KF-L111,in_use,28.96,45.16,34.89,0.0,71.39,27.78
2024-01-15 10:40:00,KF-L111,in_use,32.34,47.27,33.44,,69.58,27.06
2024-01-15 10:40:30,KF-L111,in_use,28.89,47.91,25.89,0.0,64.5,25.11
2024-01-15 10:41:00,KF-L111,in_use,23.19,43.26,31.02,0.0,66.95,27.44
2024-01-15 10:41:30,KF-L111,in_use,33.05,45.2,33.86,,68.89,30.97
2024-01-15 10:42:00,KF-L111,in_use,46.45,44.58,26.16,0.0,69.75,25.41
2024-01-15 10:42:30,KF-L111,in_use,22.41,48.38,39.39,0.0,66.68,24.25
2024-01-15 10:43:00,KF-L111,in_use,38.43,45.49,22.52,0.0,67.03,26.86
2024-01-15 10:43:30,KF-L111,in_use,34.42,47.11,31.34,0.0,67.73,30.3
2024-01-15 10:44:00,KF-L111,in_use,27.61,44.89,27.1,0.0,66.56,28.67
2024-01-15 10:44:30,KF-L111,in_use,43.69,45.49,36.1,0.0,62.63,24.93
2024-01-15 10:45:00,KF-L111,in_use,31.42,47.72,33.45,0.0,72.65,25.25
2024-01-15 10:45:30,KF-L111,in_use,37.47,47.68,33.49,0.0,65.39,26.14
2024-01-15 10:46:00,KF-L111,in_use,39.07,46.38,24.68,0.0,68.89,24.36
2024-01-15 10:46:30,KF-L111,in_use,,51.71,21.65,0.0,69.84,27.81
2024-01-15 10:47:00,KF-L111,in_use,51.16,46.56,26.13,0.0,65.02,24.57
2024-01-15 10:47:30,KF-L111,in_use,38.66,47.04,30.58,0.0,67.41,27.09
2024-01-15 10:48:00,KF-L111,in_use,31.72,47.86,26.98,0.0,69.71,24.36
2024-01-15 10:48:30,KF-L111,in_use,33.53,46.45,29.76,0.0,66.74,26.76
2024-01-15 10:49:00,KF-L111,in_use,42.45,46.89,25.8,0.0,65.9,23.49
2024-01-15 10:49:30,KF-L111,in_use,38.82,43.43,27.11,0.0,72.38,26.63
2024-01-15 10:50:00,KF-L111,in_use,45.84,49.0,17.74,0.0,61.91,24.07
2024-01-15 10:50:30,KF-L111,in_use,,46.82,26.15,0.0,67.51,26.87
2024-01-15 10:51:00,KF-L111,in_use,31.41,48.33,27.68,0.0,71.03,29.19
2024-01-15 10:51:30,KF-L111,in_use,31.24,48.01,26.16,0.0,63.93,27.9
2024-01-15 10:52:00,KF-L111,in_use,36.01,,23.28,0.0,65.81,25.63
2024-01-15 10:52:30,KF-L111,in_use,34.18,44.96,28.96,,63.3,24.98
2024-01-15 10:53:00,KF-L111,in_use,37.19,46.82,22.97,0.0,68.09,25.13
2024-01-15 10:53:30,KF-L111,in_use,31.84,47.32,22.64,0.0,66.62,27.41
2024-01-15 10:54:00,KF-L111,in_use,27.9,44.92,27.12,0.0,68.68,27.96
2024-01-15 10:54:30,KF-L111,in_use,34.15,,32.42,0.0,66.59,28.09
2024-01-15 10:55:00,KF-L111,in_use,34.65,47.54,28.37,0.0,66.13,27.4
2024-01-15 10:55:30,KF-L111,in_use,29.86,48.78,22.29,0.0,,31.59
2024-01-15 10:56:00,KF-L111,in_use,37.42,47.76,24.56,0.0,72.45,27.77
2024-01-15 10:56:30,KF-L111,in_use,39.29,45.35,23.76,0.0,71.57,26.55
2024-01-15 10:57:00,KF-L111,in_use,11.95,43.72,34.34,0.0,65.88,25.34
2024-01-15 10:57:30,KF-L111,in_use,35.28,46.71,27.61,0.0,67.65,28.16
2024-01-15 10:58:00,KF-L111,in_use,46.22,43.92,39.65,0.0,71.79,25.39
2024-01-15 10:58:30,KF-L111,in_use,28.71,51.31,32.57,0.0,67.38,27.42
2024-01-15 10:59:00,KF-L111,in_use,36.51,46.41,21.93,0.0,71.93,26.93
2024-01-15 10:59:30,KF-L111,in_use,44.04,43.04,30.63,0.0,70.24,27.13
2024-01-15 11:00:00,KF-L111,charging,0.0,50.91,-14.49,0.0,60.44,25.15
2024-01-15 11:00:30,KF-L111,charging,0.0,51.31,-18.52,0.0,71.83,28.39
2024-01-15 11:01:00,KF-L111,charging,0.0,50.3,-15.87,,68.7,24.4
2024-01-15 11:01:30,KF-L111,charging,0.0,,-13.79,0.0,68.52,27.54
2024-01-15 11:02:00,KF-L111,charging,0.0,50.53,-17.12,0.0,69.21,28.97
2024-01-15 11:02:30,KF-L111,charging,0.0,51.36,-14.8,0.0,69.51,30.58
2024-01-15 11:03:00,KF-L111,charging,0.0,,,0.0,65.47,28.75
2024-01-15 11:03:30,KF-L111,charging,0.0,51.45,-12.08,0.0,66.99,27.63
2024-01-15 11:04:00,KF-L111,charging,0.0,50.23,-14.95,0.0,67.32,24.01
2024-01-15 11:04:30,KF-L111,charging,0.0,50.94,-15.37,0.0,64.79,28.19
2024-01-15 11:05:00,KF-L111,charging,0.0,50.96,-18.45,0.0,73.36,25.92
2024-01-15 11:05:30,KF-L111,charging,0.0,51.07,-16.04,0.0,70.31,24.96
2024-01-15 11:06:00,KF-L111,charging,0.0,51.48,-15.12,0.0,67.6,26.27
2024-01-15 11:06:30,KF-L111,charging,0.0,50.87,-14.16,0.0,68.77,27.09
2024-01-15 11:07:00,KF-L111,charging,0.0,,-13.27,0.0,66.55,28.01
2024-01-15 11:07:30,KF-L111,charging,0.0,51.04,,0.0,68.79,26.55
2024-01-15 11:08:00,KF-L111,charging,0.0,,-13.92,0.0,70.23,25.0
2024-01-15 11:08:30,KF-L111,charging,0.0,51.1,,0.0,64.53,24.19
2024-01-15 11:09:00,KF-L111,charging,0.0,50.89,-13.18,0.0,67.27,25.31
2024-01-15 11:09:30,KF-L111,charging,0.0,50.7,-12.87,0.0,67.34,25.54
2024-01-15 11:10:00,KF-L111,charging,0.0,50.78,-17.15,0.0,66.12,30.27
2024-01-15 11:10:30,KF-L111,charging,0.0,50.99,-14.12,0.0,67.49,27.3
2024-01-15 11:11:00,KF-L111,charging,0.0,,,0.0,65.27,26.29
2024-01-15 11:11:30,KF-L111,charging,0.0,50.69,-10.47,,70.35,25.18
2024-01-15 11:12:00,KF-L111,charging,0.0,51.12,-13.22,0.0,69.18,26.15
2024-01-15 11:12:30,KF-L111,charging,0.0,51.03,-11.41,0.0,64.96,23.99
2024-01-15 11:13:00,KF-L111,charging,0.0,50.89,,0.0,64.49,26.08
2024-01-15 11:13:30,KF-L111,charging,0.0,51.42,-9.55,0.0,69.62,27.08
2024-01-15 11:14:00,KF-L111,charging,0.0,51.21,-19.7,0.0,65.31,29.5
2024-01-15 11:14:30,KF-L111,charging,0.0,51.23,-13.59,0.0,65.09,26.05
2024-01-15 11:15:00,KF-L111,charging,0.0,50.68,-16.13,0.0,69.58,25.96
2024-01-15 11:15:30,KF-L111,charging,0.0,50.71,-13.31,0.0,70.37,26.89
2024-01-15 11:16:00,KF-L111,charging,0.0,51.18,-13.33,0.0,64.31,25.07
2024-01-15 11:16:30,KF-L111,charging,0.0,,-16.92,0.0,67.4,27.07
2024-01-15 11:17:00,KF-L111,charging,0.0,50.71,-15.58,0.0,68.81,27.96
2024-01-15 11:17:30,KF-L111,charging,0.0,50.86,,0.0,69.43,27.6
2024-01-15 11:18:00,KF-L111,charging,0.0,50.98,-16.24,0.0,65.41,27.84
2024-01-15 11:18:30,KF-L111,charging,,51.06,-15.3,0.0,68.4,29.28
2024-01-15 11:19:00,KF-L111,charging,0.0,51.45,-13.61,0.0,65.72,30.65
2024-01-15 11:19:30,KF-L111,charging,0.0,51.19,-16.73,0.0,68.76,28.77
2024-01-15 11:20:00,KF-L111,charging,0.0,51.25,-15.54,0.0,70.91,26.16
2024-01-15 11:20:30,KF-L111,charging,0.0,50.84,-17.6,0.0,71.78,27.18
2024-01-15 11:21:00,KF-L111,charging,0.0,50.93,-18.3,0.0,68.47,26.19
2024-01-15 11:21:30,KF-L111,charging,0.0,50.26,-13.39,0.0,73.4,27.3
2024-01-15 11:22:00,KF-L111,charging,0.0,50.58,-14.26,0.0,72.83,28.19
2024-01-15 11:22:30,KF-L111,charging,0.0,50.98,-16.83,0.0,67.4,29.72
2024-01-15 11:23:00,KF-L111,charging,0.0,50.55,-14.23,0.0,71.68,26.89
2024-01-15 11:23:30,KF-L111,charging,0.0,51.32,-14.86,0.0,,27.36
2024-01-15 11:24:00,KF-L111,charging,0.0,51.1,-17.72,,68.64,26.57
2024-01-15 11:24:30,KF-L111,charging,0.0,50.73,-16.89,0.0,67.15,29.36
2024-01-15 11:25:00,KF-L111,charging,0.0,50.38,-18.29,0.0,57.92,28.68
2024-01-15 11:25:30,KF-L111,charging,0.0,51.07,-14.26,0.0,71.99,24.97
2024-01-15 11:26:00,KF-L111,charging,,50.97,-12.74,0.0,62.01,27.71
2024-01-15 11:26:30,KF-L111,charging,0.0,51.38,-15.13,0.0,65.97,29.26
2024-01-15 11:27:00,KF-L111,charging,0.0,50.68,-13.02,0.0,62.28,26.21
2024-01-15 11:27:30,KF-L111,charging,0.0,51.05,-16.38,0.0,64.35,25.73
2024-01-15 11:28:00,KF-L111,charging,0.0,51.23,-13.42,0.0,68.31,23.67
2024-01-15 11:28:30,KF-L111,charging,0.0,50.77,-14.45,0.0,66.11,25.84
2024-01-15 11:29:00,KF-L111,charging,0.0,50.6,-16.45,0.0,62.69,28.25
2024-01-15 11:29:30,KF-L111,charging,0.0,,-17.07,0.0,71.45,27.23
2024-01-15 11:30:00,KF-L111,not_in_use,0.0,50.86,0.0,0.0,71.31,25.65
2024-01-15 11:30:30,KF-L111,not_in_use,0.0,51.53,0.0,0.0,74.6,26.36
2024-01-15 11:31:00,KF-L111,not_in_use,0.0,50.66,0.0,0.0,64.33,27.61
2024-01-15 11:31:30,KF-L111,not_in_use,0.0,50.93,0.0,0.0,64.98,26.93
2024-01-15 11:32:00,KF-L111,not_in_use,0.0,50.87,0.0,0.0,65.63,
2024-01-15 11:32:30,KF-L111,not_in_use,0.0,51.16,0.0,0.0,68.46,27.62
2024-01-15 11:33:00,KF-L111,not_in_use,0.0,51.15,0.0,0.0,68.68,26.85
2024-01-15 11:33:30,KF-L111,not_in_use,0.0,50.99,0.0,0.0,,28.42
2024-01-15 11:34:00,KF-L111,not_in_use,0.0,51.34,0.0,0.0,69.69,26.69
2024-01-15 11:34:30,KF-L111,not_in_use,0.0,51.2,0.0,0.0,70.09,24.19
2024-01-15 11:35:00,KF-L111,not_in_use,0.0,50.91,0.0,0.0,63.35,28.15
2024-01-15 11:35:30,KF-L111,not_in_use,0.0,51.06,0.0,0.0,68.49,27.76
2024-01-15 11:36:00,KF-L111,not_in_use,0.0,50.73,0.0,0.0,67.85,26.55
2024-01-15 11:36:30,KF-L111,not_in_use,0.0,50.79,0.0,0.0,73.36,26.55
2024-01-15 11:37:00,KF-L111,not_in_use,,51.37,0.0,0.0,61.35,30.79
2024-01-15 11:37:30,KF-L111,not_in_use,0.0,51.08,0.0,0.0,68.55,25.67
2024-01-15 11:38:00,KF-L111,not_in_use,0.0,50.79,0.0,0.0,68.17,25.35
2024-01-15 11:38:30,KF-L111,not_in_use,0.0,51.17,0.0,0.0,62.15,29.51
2024-01-15 11:39:00,KF-L111,not_in_use,0.0,50.77,0.0,0.0,76.71,28.01
2024-01-15 11:39:30,KF-L111,not_in_use,0.0,51.03,0.0,0.0,67.04,25.32
2024-01-15 11:40:00,KF-L111,not_in_use,0.0,51.22,0.0,0.0,65.0,26.69
2024-01-15 11:40:30,KF-L111,not_in_use,0.0,50.51,0.0,0.0,,25.85
2024-01-15 11:41:00,KF-L111,not_in_use,0.0,50.55,0.0,0.0,63.8,27.19
2024-01-15 11:41:30,KF-L111,not_in_use,0.0,51.15,0.0,0.0,68.32,24.03
2024-01-15 11:42:00,KF-L111,not_in_use,0.0,51.07,0.0,0.0,71.67,
2024-01-15 11:42:30,KF-L111,not_in_use,0.0,51.05,,0.0,69.87,27.13
2024-01-15 11:43:00,KF-L111,not_in_use,0.0,51.11,0.0,0.0,68.4,30.51
2024-01-15 11:43:30,KF-L111,not_in_use,0.0,51.28,0.0,0.0,65.32,26.32
2024-01-15 11:44:00,KF-L111,not_in_use,0.0,50.7,0.0,0.0,,26.46
2024-01-15 11:44:30,KF-L111,not_in_use,0.0,50.6,0.0,0.0,62.07,26.04
2024-01-15 11:45:00,KF-L111,not_in_use,0.0,50.96,0.0,0.0,68.51,28.98
2024-01-15 11:45:30,KF-L111,not_in_use,0.0,50.57,0.0,0.0,70.67,29.18
2024-01-15 11:46:00,KF-L111,not_in_use,,51.38,0.0,0.0,73.1,27.53
2024-01-15 11:46:30,KF-L111,not_in_use,0.0,51.24,0.0,0.0,68.44,26.79
2024-01-15 11:47:00,KF-L111,not_in_use,0.0,51.02,0.0,0.0,69.04,27.64
2024-01-15 11:47:30,KF-L111,not_in_use,0.0,51.02,0.0,0.0,69.77,25.35
2024-01-15 11:48:00,KF-L111,not_in_use,0.0,50.78,0.0,0.0,65.25,27.26
2024-01-15 11:48:30,KF-L111,not_in_use,0.0,50.76,0.0,0.0,63.6,22.75
2024-01-15 11:49:00,KF-L111,not_in_use,0.0,50.96,0.0,0.0,,
2024-01-15 11:49:30,KF-L111,not_in_use,0.0,50.43,0.0,0.0,67.12,26.54
2024-01-15 11:50:00,KF-L111,not_in_use,0.0,51.18,0.0,0.0,66.82,26.65
2024-01-15 11:50:30,KF-L111,not_in_use,0.0,51.27,0.0,0.0,67.49,26.35
2024-01-15 11:51:00,KF-L111,not_in_use,0.0,51.59,0.0,0.0,67.29,31.62
2024-01-15 11:51:30,KF-L111,not_in_use,0.0,,0.0,0.0,62.45,25.19
2024-01-15 11:52:00,KF-L111,not_in_use,0.0,51.15,0.0,,66.33,25.04
2024-01-15 11:52:30,KF-L111,not_in_use,0.0,,0.0,0.0,63.36,31.56
2024-01-15 11:53:00,KF-L111,not_in_use,0.0,51.12,0.0,0.0,,24.96
2024-01-15 11:53:30,KF-L111,not_in_use,0.0,50.84,0.0,0.0,68.78,27.14
2024-01-15 11:54:00,KF-L111,not_in_use,0.0,50.86,0.0,,70.78,27.41
2024-01-15 11:54:30,KF-L111,not_in_use,0.0,51.19,0.0,0.0,67.63,26.07
2024-01-15 11:55:00,KF-L111,not_in_use,0.0,51.0,0.0,0.0,66.65,25.19
2024-01-15 11:55:30,KF-L111,not_in_use,0.0,50.81,0.0,0.0,62.67,26.76
2024-01-15 11:56:00,KF-L111,not_in_use,0.0,51.06,0.0,0.0,69.18,30.36
2024-01-15 11:56:30,KF-L111,not_in_use,0.0,50.69,0.0,0.0,68.88,27.51
2024-01-15 11:57:00,KF-L111,not_in_use,0.0,50.67,0.0,0.0,69.94,23.9
2024-01-15 11:57:30,KF-L111,not_in_use,0.0,50.71,0.0,0.0,61.95,25.79
2024-01-15 11:58:00,KF-L111,not_in_use,0.0,50.96,0.0,0.0,67.59,28.71
2024-01-15 11:58:30,KF-L111,not_in_use,0.0,51.23,0.0,0.0,67.31,28.02
2024-01-15 11:59:00,KF-L111,not_in_use,0.0,51.3,0.0,0.0,78.48,28.7
2024-01-15 11:59:30,KF-L111,not_in_use,0.0,50.81,0.0,0.0,66.88,24.39
